
/home/pico2/DiskSat/build/blink.elf:     file format elf32-littlearm

Sections:
Idx Name          Size      VMA       LMA       File off  Algn
  0 .text         000033e0  10000000  10000000  00001000  2**3
                  CONTENTS, ALLOC, LOAD, READONLY, CODE
  1 .rodata       00000670  100033e0  100033e0  000043e0  2**3
                  CONTENTS, ALLOC, LOAD, READONLY, DATA
  2 .ARM.exidx    00000008  10003a50  10003a50  00004a50  2**2
                  CONTENTS, ALLOC, LOAD, READONLY, DATA
  3 .binary_info  00000028  10003a58  10003a58  00004a58  2**2
                  CONTENTS, ALLOC, LOAD, READONLY, DATA
  4 .ram_vector_table 00000110  20000000  20000000  00006000  2**2
                  ALLOC
  5 .uninitialized_data 00000000  20000110  20000110  00005fc8  2**0
                  CONTENTS
  6 .data         00000534  20000110  10003a80  00005110  2**3
                  CONTENTS, ALLOC, LOAD, READONLY, CODE
  7 .tdata        00000000  20000644  20000644  00005fc8  2**0
                  CONTENTS, ALLOC, LOAD, DATA, THREAD_LOCAL
  8 .tbss         00000000  20000644  20000644  00000000  2**0
                  ALLOC, THREAD_LOCAL
  9 .bss          000003bc  20000648  10003fb4  00006648  2**3
                  ALLOC
 10 .heap         00000800  20000a04  10003fb4  00006a04  2**2
                  ALLOC, READONLY
 11 .scratch_x    00000000  20080000  20080000  00005fc8  2**0
                  CONTENTS
 12 .scratch_y    00000000  20081000  20081000  00005fc8  2**0
                  CONTENTS
 13 .stack_dummy  00000800  20081000  20081000  00006000  2**5
                  ALLOC, READONLY
 14 .flash_end    00000014  10003fb4  10003fb4  00005fb4  2**2
                  CONTENTS, ALLOC, LOAD, READONLY, DATA
 15 .ARM.attributes 00000034  00000000  00000000  00005fc8  2**0
                  CONTENTS, READONLY
 16 .comment      00000026  00000000  00000000  00005ffc  2**0
                  CONTENTS, READONLY
 17 .debug_info   0001afa9  00000000  00000000  00006022  2**0
                  CONTENTS, READONLY, DEBUGGING, OCTETS
 18 .debug_abbrev 00005788  00000000  00000000  00020fcb  2**0
                  CONTENTS, READONLY, DEBUGGING, OCTETS
 19 .debug_loclists 00009ca3  00000000  00000000  00026753  2**0
                  CONTENTS, READONLY, DEBUGGING, OCTETS
 20 .debug_aranges 00000e00  00000000  00000000  000303f8  2**3
                  CONTENTS, READONLY, DEBUGGING, OCTETS
 21 .debug_rnglists 00000e7b  00000000  00000000  000311f8  2**0
                  CONTENTS, READONLY, DEBUGGING, OCTETS
 22 .debug_line   0000e0af  00000000  00000000  00032073  2**0
                  CONTENTS, READONLY, DEBUGGING, OCTETS
 23 .debug_str    00005d7e  00000000  00000000  00040122  2**0
                  CONTENTS, READONLY, DEBUGGING, OCTETS
 24 .debug_frame  00002048  00000000  00000000  00045ea0  2**2
                  CONTENTS, READONLY, DEBUGGING, OCTETS
 25 .debug_line_str 000001d5  00000000  00000000  00047ee8  2**0
                  CONTENTS, READONLY, DEBUGGING, OCTETS

/home/pico2/DiskSat/build/blink.elf:     file format elf32-littlearm


Disassembly of section .text:

10000000 <__VECTOR_TABLE>:
10000000:	20082000 	.word	0x20082000
10000004:	1000015d 	.word	0x1000015d
10000008:	1000011b 	.word	0x1000011b
1000000c:	1000011d 	.word	0x1000011d
10000010:	10000111 	.word	0x10000111
10000014:	10000111 	.word	0x10000111
10000018:	10000111 	.word	0x10000111
1000001c:	10000111 	.word	0x10000111
10000020:	10000119 	.word	0x10000119
10000024:	10000119 	.word	0x10000119
10000028:	10000119 	.word	0x10000119
1000002c:	1000011f 	.word	0x1000011f
10000030:	10000111 	.word	0x10000111
10000034:	10000119 	.word	0x10000119
10000038:	10000121 	.word	0x10000121
1000003c:	10000123 	.word	0x10000123
10000040:	10000111 	.word	0x10000111
10000044:	10000111 	.word	0x10000111
10000048:	10000111 	.word	0x10000111
1000004c:	10000111 	.word	0x10000111
10000050:	10000111 	.word	0x10000111
10000054:	10000111 	.word	0x10000111
10000058:	10000111 	.word	0x10000111
1000005c:	10000111 	.word	0x10000111
10000060:	10000111 	.word	0x10000111
10000064:	10000111 	.word	0x10000111
10000068:	10000111 	.word	0x10000111
1000006c:	10000111 	.word	0x10000111
10000070:	10000111 	.word	0x10000111
10000074:	10000111 	.word	0x10000111
10000078:	10000111 	.word	0x10000111
1000007c:	10000111 	.word	0x10000111
10000080:	10000111 	.word	0x10000111
10000084:	10000111 	.word	0x10000111
10000088:	10000111 	.word	0x10000111
1000008c:	10000111 	.word	0x10000111
10000090:	10000111 	.word	0x10000111
10000094:	10000111 	.word	0x10000111
10000098:	10000111 	.word	0x10000111
1000009c:	10000111 	.word	0x10000111
100000a0:	10000111 	.word	0x10000111
100000a4:	10000111 	.word	0x10000111
100000a8:	10000111 	.word	0x10000111
100000ac:	10000111 	.word	0x10000111
100000b0:	10000111 	.word	0x10000111
100000b4:	10000111 	.word	0x10000111
100000b8:	10000111 	.word	0x10000111
100000bc:	10000111 	.word	0x10000111
100000c0:	10000111 	.word	0x10000111
100000c4:	10000111 	.word	0x10000111
100000c8:	10000111 	.word	0x10000111
100000cc:	10000111 	.word	0x10000111
100000d0:	10000111 	.word	0x10000111
100000d4:	10000111 	.word	0x10000111
100000d8:	10000111 	.word	0x10000111
100000dc:	10000111 	.word	0x10000111
100000e0:	10000111 	.word	0x10000111
100000e4:	10000111 	.word	0x10000111
100000e8:	10000111 	.word	0x10000111
100000ec:	10000111 	.word	0x10000111
100000f0:	10000111 	.word	0x10000111
100000f4:	10000111 	.word	0x10000111
100000f8:	10000111 	.word	0x10000111
100000fc:	10000111 	.word	0x10000111
10000100:	10000111 	.word	0x10000111
10000104:	10000111 	.word	0x10000111
10000108:	10000111 	.word	0x10000111
1000010c:	10000111 	.word	0x10000111

10000110 <__unhandled_user_irq>:
10000110:	f3ef 8005 	mrs	r0, IPSR
10000114:	3810      	subs	r0, #16

10000116 <unhandled_user_irq_num_in_r0>:
10000116:	be00      	bkpt	0x0000

10000118 <isr_invalid>:
10000118:	be00      	bkpt	0x0000

1000011a <isr_nmi>:
1000011a:	be00      	bkpt	0x0000

1000011c <isr_hardfault>:
1000011c:	be00      	bkpt	0x0000

1000011e <isr_svcall>:
1000011e:	be00      	bkpt	0x0000

10000120 <isr_pendsv>:
10000120:	be00      	bkpt	0x0000

10000122 <isr_systick>:
10000122:	be00      	bkpt	0x0000

10000124 <__default_isrs_end>:
10000124:	7188ebf2 	.word	0x7188ebf2
10000128:	10003a58 	.word	0x10003a58
1000012c:	10003a80 	.word	0x10003a80
10000130:	100001a0 	.word	0x100001a0
10000134:	e71aa390 	.word	0xe71aa390

10000138 <__binary_info_header_end>:
10000138:	ffffded3 	.word	0xffffded3
1000013c:	10210142 	.word	0x10210142
10000140:	000001ff 	.word	0x000001ff
10000144:	00003e7c 	.word	0x00003e7c
10000148:	ab123579 	.word	0xab123579

1000014c <_entry_point>:
1000014c:	f04f 0000 	mov.w	r0, #0

10000150 <_enter_vtable_in_r0>:
10000150:	491e      	ldr	r1, [pc, #120]	@ (100001cc <data_cpy_table+0x2c>)
10000152:	6008      	str	r0, [r1, #0]
10000154:	c806      	ldmia	r0!, {r1, r2}
10000156:	f381 8808 	msr	MSP, r1
1000015a:	4710      	bx	r2

1000015c <_reset_handler>:
1000015c:	f04f 4050 	mov.w	r0, #3489660928	@ 0xd0000000
10000160:	6800      	ldr	r0, [r0, #0]
10000162:	b110      	cbz	r0, 1000016a <hold_non_core0_in_bootrom+0x6>

10000164 <hold_non_core0_in_bootrom>:
10000164:	f04f 0000 	mov.w	r0, #0
10000168:	e7f2      	b.n	10000150 <_enter_vtable_in_r0>
1000016a:	a40d      	add	r4, pc, #52	@ (adr r4, 100001a0 <data_cpy_table>)
1000016c:	cc0e      	ldmia	r4!, {r1, r2, r3}
1000016e:	2900      	cmp	r1, #0
10000170:	d002      	beq.n	10000178 <hold_non_core0_in_bootrom+0x14>
10000172:	f000 f812 	bl	1000019a <data_cpy>
10000176:	e7f9      	b.n	1000016c <hold_non_core0_in_bootrom+0x8>
10000178:	4915      	ldr	r1, [pc, #84]	@ (100001d0 <data_cpy_table+0x30>)
1000017a:	4a16      	ldr	r2, [pc, #88]	@ (100001d4 <data_cpy_table+0x34>)
1000017c:	2000      	movs	r0, #0
1000017e:	e000      	b.n	10000182 <bss_fill_test>

10000180 <bss_fill_loop>:
10000180:	c101      	stmia	r1!, {r0}

10000182 <bss_fill_test>:
10000182:	4291      	cmp	r1, r2
10000184:	d1fc      	bne.n	10000180 <bss_fill_loop>

10000186 <platform_entry>:
10000186:	4914      	ldr	r1, [pc, #80]	@ (100001d8 <data_cpy_table+0x38>)
10000188:	4788      	blx	r1
1000018a:	4914      	ldr	r1, [pc, #80]	@ (100001dc <data_cpy_table+0x3c>)
1000018c:	4788      	blx	r1
1000018e:	4914      	ldr	r1, [pc, #80]	@ (100001e0 <data_cpy_table+0x40>)
10000190:	4788      	blx	r1
10000192:	be00      	bkpt	0x0000
10000194:	e7fd      	b.n	10000192 <platform_entry+0xc>

10000196 <data_cpy_loop>:
10000196:	c901      	ldmia	r1!, {r0}
10000198:	c201      	stmia	r2!, {r0}

1000019a <data_cpy>:
1000019a:	429a      	cmp	r2, r3
1000019c:	d3fb      	bcc.n	10000196 <data_cpy_loop>
1000019e:	4770      	bx	lr

100001a0 <data_cpy_table>:
100001a0:	10003a80 	.word	0x10003a80
100001a4:	20000110 	.word	0x20000110
100001a8:	20000644 	.word	0x20000644
100001ac:	10003fb4 	.word	0x10003fb4
100001b0:	20080000 	.word	0x20080000
100001b4:	20080000 	.word	0x20080000
100001b8:	10003fb4 	.word	0x10003fb4
100001bc:	20081000 	.word	0x20081000
100001c0:	20081000 	.word	0x20081000
100001c4:	00000000 	.word	0x00000000
100001c8:	4770      	bx	lr
100001ca:	0000      	.short	0x0000
100001cc:	e000ed08 	.word	0xe000ed08
100001d0:	20000644 	.word	0x20000644
100001d4:	20000a04 	.word	0x20000a04
100001d8:	10002c8d 	.word	0x10002c8d
100001dc:	10000275 	.word	0x10000275
100001e0:	10002c51 	.word	0x10002c51

100001e4 <_init>:
100001e4:	b5f8      	push	{r3, r4, r5, r6, r7, lr}
100001e6:	bf00      	nop

100001e8 <deregister_tm_clones>:
100001e8:	4803      	ldr	r0, [pc, #12]	@ (100001f8 <deregister_tm_clones+0x10>)
100001ea:	4b04      	ldr	r3, [pc, #16]	@ (100001fc <deregister_tm_clones+0x14>)
100001ec:	4283      	cmp	r3, r0
100001ee:	d002      	beq.n	100001f6 <deregister_tm_clones+0xe>
100001f0:	4b03      	ldr	r3, [pc, #12]	@ (10000200 <deregister_tm_clones+0x18>)
100001f2:	b103      	cbz	r3, 100001f6 <deregister_tm_clones+0xe>
100001f4:	4718      	bx	r3
100001f6:	4770      	bx	lr
100001f8:	20000644 	.word	0x20000644
100001fc:	20000644 	.word	0x20000644
10000200:	00000000 	.word	0x00000000

10000204 <register_tm_clones>:
10000204:	4b06      	ldr	r3, [pc, #24]	@ (10000220 <register_tm_clones+0x1c>)
10000206:	4907      	ldr	r1, [pc, #28]	@ (10000224 <register_tm_clones+0x20>)
10000208:	1ac9      	subs	r1, r1, r3
1000020a:	1089      	asrs	r1, r1, #2
1000020c:	bf48      	it	mi
1000020e:	3101      	addmi	r1, #1
10000210:	1049      	asrs	r1, r1, #1
10000212:	d003      	beq.n	1000021c <register_tm_clones+0x18>
10000214:	4b04      	ldr	r3, [pc, #16]	@ (10000228 <register_tm_clones+0x24>)
10000216:	b10b      	cbz	r3, 1000021c <register_tm_clones+0x18>
10000218:	4801      	ldr	r0, [pc, #4]	@ (10000220 <register_tm_clones+0x1c>)
1000021a:	4718      	bx	r3
1000021c:	4770      	bx	lr
1000021e:	bf00      	nop
10000220:	20000644 	.word	0x20000644
10000224:	20000644 	.word	0x20000644
10000228:	00000000 	.word	0x00000000

1000022c <__do_global_dtors_aux>:
1000022c:	b510      	push	{r4, lr}
1000022e:	4c06      	ldr	r4, [pc, #24]	@ (10000248 <__do_global_dtors_aux+0x1c>)
10000230:	7823      	ldrb	r3, [r4, #0]
10000232:	b943      	cbnz	r3, 10000246 <__do_global_dtors_aux+0x1a>
10000234:	f7ff ffd8 	bl	100001e8 <deregister_tm_clones>
10000238:	4b04      	ldr	r3, [pc, #16]	@ (1000024c <__do_global_dtors_aux+0x20>)
1000023a:	b113      	cbz	r3, 10000242 <__do_global_dtors_aux+0x16>
1000023c:	4804      	ldr	r0, [pc, #16]	@ (10000250 <__do_global_dtors_aux+0x24>)
1000023e:	f3af 8000 	nop.w
10000242:	2301      	movs	r3, #1
10000244:	7023      	strb	r3, [r4, #0]
10000246:	bd10      	pop	{r4, pc}
10000248:	200007c8 	.word	0x200007c8
1000024c:	00000000 	.word	0x00000000
10000250:	100033e0 	.word	0x100033e0

10000254 <frame_dummy>:
10000254:	b508      	push	{r3, lr}
10000256:	4b04      	ldr	r3, [pc, #16]	@ (10000268 <frame_dummy+0x14>)
10000258:	b11b      	cbz	r3, 10000262 <frame_dummy+0xe>
1000025a:	4904      	ldr	r1, [pc, #16]	@ (1000026c <frame_dummy+0x18>)
1000025c:	4804      	ldr	r0, [pc, #16]	@ (10000270 <frame_dummy+0x1c>)
1000025e:	f3af 8000 	nop.w
10000262:	e8bd 4008 	ldmia.w	sp!, {r3, lr}
10000266:	e7cd      	b.n	10000204 <register_tm_clones>
10000268:	00000000 	.word	0x00000000
1000026c:	200007cc 	.word	0x200007cc
10000270:	100033e0 	.word	0x100033e0

10000274 <main>:
10000274:	b580      	push	{r7, lr}
10000276:	f002 fe1d 	bl	10002eb4 <stdio_init_all>
1000027a:	200d      	movs	r0, #13
1000027c:	f000 f83e 	bl	100002fc <gpio_init>
10000280:	f04f 0401 	mov.w	r4, #1
10000284:	230d      	movs	r3, #13
10000286:	ec44 3044 	gpioc_bit_oe_put r3, r4
1000028a:	200f      	movs	r0, #15
1000028c:	f000 f836 	bl	100002fc <gpio_init>
10000290:	230f      	movs	r3, #15
10000292:	ec44 3044 	gpioc_bit_oe_put r3, r4
10000296:	260d      	movs	r6, #13
10000298:	f04f 0501 	mov.w	r5, #1
1000029c:	ec45 6040 	gpioc_bit_out_put r6, r5
100002a0:	240f      	movs	r4, #15
100002a2:	f04f 0700 	mov.w	r7, #0
100002a6:	ec47 4040 	gpioc_bit_out_put r4, r7
100002aa:	f44f 70fa 	mov.w	r0, #500	@ 0x1f4
100002ae:	f000 fe69 	bl	10000f84 <sleep_ms>
100002b2:	ec47 6040 	gpioc_bit_out_put r6, r7
100002b6:	ec45 4040 	gpioc_bit_out_put r4, r5
100002ba:	f44f 70fa 	mov.w	r0, #500	@ 0x1f4
100002be:	f000 fe61 	bl	10000f84 <sleep_ms>
100002c2:	e7e8      	b.n	10000296 <main+0x22>

100002c4 <gpio_set_function>:
100002c4:	4b0c      	ldr	r3, [pc, #48]	@ (100002f8 <gpio_set_function+0x34>)
100002c6:	eb03 0280 	add.w	r2, r3, r0, lsl #2
100002ca:	f853 3020 	ldr.w	r3, [r3, r0, lsl #2]
100002ce:	f083 0340 	eor.w	r3, r3, #64	@ 0x40
100002d2:	f003 03c0 	and.w	r3, r3, #192	@ 0xc0
100002d6:	f502 5c80 	add.w	ip, r2, #4096	@ 0x1000
100002da:	f8cc 3000 	str.w	r3, [ip]
100002de:	00c0      	lsls	r0, r0, #3
100002e0:	f100 4080 	add.w	r0, r0, #1073741824	@ 0x40000000
100002e4:	f500 3020 	add.w	r0, r0, #163840	@ 0x28000
100002e8:	6041      	str	r1, [r0, #4]
100002ea:	f502 5240 	add.w	r2, r2, #12288	@ 0x3000
100002ee:	f44f 7380 	mov.w	r3, #256	@ 0x100
100002f2:	6013      	str	r3, [r2, #0]
100002f4:	4770      	bx	lr
100002f6:	bf00      	nop
100002f8:	40038004 	.word	0x40038004

100002fc <gpio_init>:
100002fc:	b508      	push	{r3, lr}
100002fe:	f04f 0200 	mov.w	r2, #0
10000302:	ec42 0044 	gpioc_bit_oe_put r0, r2
10000306:	ec42 0040 	gpioc_bit_out_put r0, r2
1000030a:	2105      	movs	r1, #5
1000030c:	f7ff ffda 	bl	100002c4 <gpio_set_function>
10000310:	bd08      	pop	{r3, pc}
	...

10000314 <panic>:
10000314:	b40f      	push	{r0, r1, r2, r3}
10000316:	b500      	push	{lr}
10000318:	b083      	sub	sp, #12
1000031a:	9c04      	ldr	r4, [sp, #16]
1000031c:	4807      	ldr	r0, [pc, #28]	@ (1000033c <panic+0x28>)
1000031e:	f002 fdce 	bl	10002ebe <__wrap_puts>
10000322:	b13c      	cbz	r4, 10000334 <panic+0x20>
10000324:	a905      	add	r1, sp, #20
10000326:	9101      	str	r1, [sp, #4]
10000328:	4620      	mov	r0, r4
1000032a:	f002 fdd7 	bl	10002edc <__wrap_vprintf>
1000032e:	4804      	ldr	r0, [pc, #16]	@ (10000340 <panic+0x2c>)
10000330:	f002 fdc5 	bl	10002ebe <__wrap_puts>
10000334:	2001      	movs	r0, #1
10000336:	f002 fc89 	bl	10002c4c <_exit>
1000033a:	bf00      	nop
1000033c:	100033e0 	.word	0x100033e0
10000340:	100033f0 	.word	0x100033f0

10000344 <hw_claim_lock>:
10000344:	f3ef 8010 	mrs	r0, PRIMASK
10000348:	b672      	cpsid	i
1000034a:	4b06      	ldr	r3, [pc, #24]	@ (10000364 <hw_claim_lock+0x20>)
1000034c:	e8d3 1fcf 	ldaexb	r1, [r3]
10000350:	2201      	movs	r2, #1
10000352:	2900      	cmp	r1, #0
10000354:	d1fa      	bne.n	1000034c <hw_claim_lock+0x8>
10000356:	e8c3 2f41 	strexb	r1, r2, [r3]
1000035a:	2900      	cmp	r1, #0
1000035c:	d1f6      	bne.n	1000034c <hw_claim_lock+0x8>
1000035e:	f3bf 8f5f 	dmb	sy
10000362:	4770      	bx	lr
10000364:	20000983 	.word	0x20000983

10000368 <hw_claim_unlock>:
10000368:	2300      	movs	r3, #0
1000036a:	4a03      	ldr	r2, [pc, #12]	@ (10000378 <hw_claim_unlock+0x10>)
1000036c:	e8c2 3f8f 	stlb	r3, [r2]
10000370:	f380 8810 	msr	PRIMASK, r0
10000374:	4770      	bx	lr
10000376:	bf00      	nop
10000378:	20000983 	.word	0x20000983

1000037c <hw_claim_or_assert>:
1000037c:	b570      	push	{r4, r5, r6, lr}
1000037e:	4605      	mov	r5, r0
10000380:	460c      	mov	r4, r1
10000382:	4616      	mov	r6, r2
10000384:	f7ff ffde 	bl	10000344 <hw_claim_lock>
10000388:	08e2      	lsrs	r2, r4, #3
1000038a:	5ca9      	ldrb	r1, [r5, r2]
1000038c:	f004 0c07 	and.w	ip, r4, #7
10000390:	2301      	movs	r3, #1
10000392:	fa03 f30c 	lsl.w	r3, r3, ip
10000396:	4219      	tst	r1, r3
10000398:	d105      	bne.n	100003a6 <hw_claim_or_assert+0x2a>
1000039a:	b2db      	uxtb	r3, r3
1000039c:	430b      	orrs	r3, r1
1000039e:	54ab      	strb	r3, [r5, r2]
100003a0:	f7ff ffe2 	bl	10000368 <hw_claim_unlock>
100003a4:	bd70      	pop	{r4, r5, r6, pc}
100003a6:	4621      	mov	r1, r4
100003a8:	4630      	mov	r0, r6
100003aa:	f7ff ffb3 	bl	10000314 <panic>
	...

100003b0 <next_striped_spin_lock_num>:
100003b0:	4a05      	ldr	r2, [pc, #20]	@ (100003c8 <next_striped_spin_lock_num+0x18>)
100003b2:	7810      	ldrb	r0, [r2, #0]
100003b4:	1c43      	adds	r3, r0, #1
100003b6:	b2db      	uxtb	r3, r3
100003b8:	7013      	strb	r3, [r2, #0]
100003ba:	2b17      	cmp	r3, #23
100003bc:	d902      	bls.n	100003c4 <next_striped_spin_lock_num+0x14>
100003be:	4613      	mov	r3, r2
100003c0:	2210      	movs	r2, #16
100003c2:	701a      	strb	r2, [r3, #0]
100003c4:	4770      	bx	lr
100003c6:	bf00      	nop
100003c8:	200005c0 	.word	0x200005c0

100003cc <spinlock_set_extexclall>:
100003cc:	f04f 22e0 	mov.w	r2, #3758153728	@ 0xe000e000
100003d0:	6893      	ldr	r3, [r2, #8]
100003d2:	f043 5300 	orr.w	r3, r3, #536870912	@ 0x20000000
100003d6:	6093      	str	r3, [r2, #8]
100003d8:	4770      	bx	lr
	...

100003dc <spin_locks_reset>:
100003dc:	2300      	movs	r3, #0
100003de:	e005      	b.n	100003ec <spin_locks_reset+0x10>
100003e0:	4a04      	ldr	r2, [pc, #16]	@ (100003f4 <spin_locks_reset+0x18>)
100003e2:	441a      	add	r2, r3
100003e4:	2100      	movs	r1, #0
100003e6:	e8c2 1f8f 	stlb	r1, [r2]
100003ea:	3301      	adds	r3, #1
100003ec:	2b1f      	cmp	r3, #31
100003ee:	d9f7      	bls.n	100003e0 <spin_locks_reset+0x4>
100003f0:	4770      	bx	lr
100003f2:	bf00      	nop
100003f4:	20000978 	.word	0x20000978

100003f8 <set_raw_irq_handler_and_unlock>:
100003f8:	4b06      	ldr	r3, [pc, #24]	@ (10000414 <set_raw_irq_handler_and_unlock+0x1c>)
100003fa:	689b      	ldr	r3, [r3, #8]
100003fc:	3010      	adds	r0, #16
100003fe:	f843 1020 	str.w	r1, [r3, r0, lsl #2]
10000402:	f3bf 8f5f 	dmb	sy
10000406:	2300      	movs	r3, #0
10000408:	4903      	ldr	r1, [pc, #12]	@ (10000418 <set_raw_irq_handler_and_unlock+0x20>)
1000040a:	e8c1 3f8f 	stlb	r3, [r1]
1000040e:	f382 8810 	msr	PRIMASK, r2
10000412:	4770      	bx	lr
10000414:	e000ed00 	.word	0xe000ed00
10000418:	20000981 	.word	0x20000981

1000041c <nvic_ipr0>:
1000041c:	4800      	ldr	r0, [pc, #0]	@ (10000420 <nvic_ipr0+0x4>)
1000041e:	4770      	bx	lr
10000420:	e000e400 	.word	0xe000e400

10000424 <runtime_init_per_core_irq_priorities>:
10000424:	b508      	push	{r3, lr}
10000426:	f7ff fff9 	bl	1000041c <nvic_ipr0>
1000042a:	2300      	movs	r3, #0
1000042c:	e004      	b.n	10000438 <runtime_init_per_core_irq_priorities+0x14>
1000042e:	f04f 3280 	mov.w	r2, #2155905152	@ 0x80808080
10000432:	f840 2b04 	str.w	r2, [r0], #4
10000436:	3301      	adds	r3, #1
10000438:	2b0c      	cmp	r3, #12
1000043a:	d9f8      	bls.n	1000042e <runtime_init_per_core_irq_priorities+0xa>
1000043c:	b662      	cpsie	i
1000043e:	bd08      	pop	{r3, pc}

10000440 <resolve_j_16>:
10000440:	b508      	push	{r3, lr}
10000442:	8803      	ldrh	r3, [r0, #0]
10000444:	0ada      	lsrs	r2, r3, #11
10000446:	2a1c      	cmp	r2, #28
10000448:	d106      	bne.n	10000458 <resolve_j_16+0x18>
1000044a:	055b      	lsls	r3, r3, #21
1000044c:	d40b      	bmi.n	10000466 <resolve_j_16+0x26>
1000044e:	155b      	asrs	r3, r3, #21
10000450:	3302      	adds	r3, #2
10000452:	eb00 0043 	add.w	r0, r0, r3, lsl #1
10000456:	bd08      	pop	{r3, pc}
10000458:	4b06      	ldr	r3, [pc, #24]	@ (10000474 <resolve_j_16+0x34>)
1000045a:	4a07      	ldr	r2, [pc, #28]	@ (10000478 <resolve_j_16+0x38>)
1000045c:	f44f 718e 	mov.w	r1, #284	@ 0x11c
10000460:	4806      	ldr	r0, [pc, #24]	@ (1000047c <resolve_j_16+0x3c>)
10000462:	f002 fbf9 	bl	10002c58 <__assert_func>
10000466:	f503 13ff 	add.w	r3, r3, #2088960	@ 0x1fe000
1000046a:	f503 53ff 	add.w	r3, r3, #8160	@ 0x1fe0
1000046e:	331f      	adds	r3, #31
10000470:	e7ed      	b.n	1000044e <resolve_j_16+0xe>
10000472:	bf00      	nop
10000474:	100033f4 	.word	0x100033f4
10000478:	100038ec 	.word	0x100038ec
1000047c:	1000340c 	.word	0x1000340c

10000480 <make_j_16>:
10000480:	b508      	push	{r3, lr}
10000482:	1a09      	subs	r1, r1, r0
10000484:	f201 72fc 	addw	r2, r1, #2044	@ 0x7fc
10000488:	f640 73fe 	movw	r3, #4094	@ 0xffe
1000048c:	429a      	cmp	r2, r3
1000048e:	d808      	bhi.n	100004a2 <make_j_16+0x22>
10000490:	1f08      	subs	r0, r1, #4
10000492:	f011 0f01 	tst.w	r1, #1
10000496:	d104      	bne.n	100004a2 <make_j_16+0x22>
10000498:	f3c0 004a 	ubfx	r0, r0, #1, #11
1000049c:	f440 4060 	orr.w	r0, r0, #57344	@ 0xe000
100004a0:	bd08      	pop	{r3, pc}
100004a2:	4b03      	ldr	r3, [pc, #12]	@ (100004b0 <make_j_16+0x30>)
100004a4:	4a03      	ldr	r2, [pc, #12]	@ (100004b4 <make_j_16+0x34>)
100004a6:	f44f 7187 	mov.w	r1, #270	@ 0x10e
100004aa:	4803      	ldr	r0, [pc, #12]	@ (100004b8 <make_j_16+0x38>)
100004ac:	f002 fbd4 	bl	10002c58 <__assert_func>
100004b0:	10003444 	.word	0x10003444
100004b4:	100038e0 	.word	0x100038e0
100004b8:	1000340c 	.word	0x1000340c

100004bc <insert_bl_32>:
100004bc:	b508      	push	{r3, lr}
100004be:	1a09      	subs	r1, r1, r0
100004c0:	3904      	subs	r1, #4
100004c2:	084b      	lsrs	r3, r1, #1
100004c4:	0b09      	lsrs	r1, r1, #12
100004c6:	d10a      	bne.n	100004de <insert_bl_32+0x22>
100004c8:	f3c1 010a 	ubfx	r1, r1, #0, #11
100004cc:	f441 4170 	orr.w	r1, r1, #61440	@ 0xf000
100004d0:	8001      	strh	r1, [r0, #0]
100004d2:	ea6f 5343 	mvn.w	r3, r3, lsl #21
100004d6:	ea6f 5353 	mvn.w	r3, r3, lsr #21
100004da:	8043      	strh	r3, [r0, #2]
100004dc:	bd08      	pop	{r3, pc}
100004de:	4b03      	ldr	r3, [pc, #12]	@ (100004ec <insert_bl_32+0x30>)
100004e0:	4a03      	ldr	r2, [pc, #12]	@ (100004f0 <insert_bl_32+0x34>)
100004e2:	f44f 718b 	mov.w	r1, #278	@ 0x116
100004e6:	4803      	ldr	r0, [pc, #12]	@ (100004f4 <insert_bl_32+0x38>)
100004e8:	f002 fbb6 	bl	10002c58 <__assert_func>
100004ec:	10003474 	.word	0x10003474
100004f0:	100038bc 	.word	0x100038bc
100004f4:	1000340c 	.word	0x1000340c

100004f8 <irq_is_enabled>:
100004f8:	0942      	lsrs	r2, r0, #5
100004fa:	4b06      	ldr	r3, [pc, #24]	@ (10000514 <irq_is_enabled+0x1c>)
100004fc:	f853 2022 	ldr.w	r2, [r3, r2, lsl #2]
10000500:	f000 001f 	and.w	r0, r0, #31
10000504:	2301      	movs	r3, #1
10000506:	4083      	lsls	r3, r0
10000508:	421a      	tst	r2, r3
1000050a:	bf14      	ite	ne
1000050c:	2001      	movne	r0, #1
1000050e:	2000      	moveq	r0, #0
10000510:	4770      	bx	lr
10000512:	bf00      	nop
10000514:	e000e100 	.word	0xe000e100

10000518 <irq_set_mask_n_enabled>:
10000518:	b13a      	cbz	r2, 1000052a <irq_set_mask_n_enabled+0x12>
1000051a:	4b06      	ldr	r3, [pc, #24]	@ (10000534 <irq_set_mask_n_enabled+0x1c>)
1000051c:	f100 0260 	add.w	r2, r0, #96	@ 0x60
10000520:	f843 1022 	str.w	r1, [r3, r2, lsl #2]
10000524:	f843 1020 	str.w	r1, [r3, r0, lsl #2]
10000528:	4770      	bx	lr
1000052a:	3020      	adds	r0, #32
1000052c:	4b01      	ldr	r3, [pc, #4]	@ (10000534 <irq_set_mask_n_enabled+0x1c>)
1000052e:	f843 1020 	str.w	r1, [r3, r0, lsl #2]
10000532:	4770      	bx	lr
10000534:	e000e100 	.word	0xe000e100

10000538 <irq_set_enabled>:
10000538:	b508      	push	{r3, lr}
1000053a:	460a      	mov	r2, r1
1000053c:	f000 031f 	and.w	r3, r0, #31
10000540:	2101      	movs	r1, #1
10000542:	4099      	lsls	r1, r3
10000544:	0940      	lsrs	r0, r0, #5
10000546:	f7ff ffe7 	bl	10000518 <irq_set_mask_n_enabled>
1000054a:	bd08      	pop	{r3, pc}

1000054c <irq_get_vtable_handler>:
1000054c:	4b02      	ldr	r3, [pc, #8]	@ (10000558 <irq_get_vtable_handler+0xc>)
1000054e:	689b      	ldr	r3, [r3, #8]
10000550:	3010      	adds	r0, #16
10000552:	f853 0020 	ldr.w	r0, [r3, r0, lsl #2]
10000556:	4770      	bx	lr
10000558:	e000ed00 	.word	0xe000ed00

1000055c <irq_set_exclusive_handler>:
1000055c:	b570      	push	{r4, r5, r6, lr}
1000055e:	4605      	mov	r5, r0
10000560:	460c      	mov	r4, r1
10000562:	f3ef 8610 	mrs	r6, PRIMASK
10000566:	b672      	cpsid	i
10000568:	4b0f      	ldr	r3, [pc, #60]	@ (100005a8 <irq_set_exclusive_handler+0x4c>)
1000056a:	e8d3 1fcf 	ldaexb	r1, [r3]
1000056e:	2201      	movs	r2, #1
10000570:	2900      	cmp	r1, #0
10000572:	d1fa      	bne.n	1000056a <irq_set_exclusive_handler+0xe>
10000574:	e8c3 2f41 	strexb	r1, r2, [r3]
10000578:	2900      	cmp	r1, #0
1000057a:	d1f6      	bne.n	1000056a <irq_set_exclusive_handler+0xe>
1000057c:	f3bf 8f5f 	dmb	sy
10000580:	f7ff ffe4 	bl	1000054c <irq_get_vtable_handler>
10000584:	4b09      	ldr	r3, [pc, #36]	@ (100005ac <irq_set_exclusive_handler+0x50>)
10000586:	4298      	cmp	r0, r3
10000588:	d001      	beq.n	1000058e <irq_set_exclusive_handler+0x32>
1000058a:	42a0      	cmp	r0, r4
1000058c:	d105      	bne.n	1000059a <irq_set_exclusive_handler+0x3e>
1000058e:	4632      	mov	r2, r6
10000590:	4621      	mov	r1, r4
10000592:	4628      	mov	r0, r5
10000594:	f7ff ff30 	bl	100003f8 <set_raw_irq_handler_and_unlock>
10000598:	bd70      	pop	{r4, r5, r6, pc}
1000059a:	4b05      	ldr	r3, [pc, #20]	@ (100005b0 <irq_set_exclusive_handler+0x54>)
1000059c:	4a05      	ldr	r2, [pc, #20]	@ (100005b4 <irq_set_exclusive_handler+0x58>)
1000059e:	21ed      	movs	r1, #237	@ 0xed
100005a0:	4805      	ldr	r0, [pc, #20]	@ (100005b8 <irq_set_exclusive_handler+0x5c>)
100005a2:	f002 fb59 	bl	10002c58 <__assert_func>
100005a6:	bf00      	nop
100005a8:	20000981 	.word	0x20000981
100005ac:	10000111 	.word	0x10000111
100005b0:	10003484 	.word	0x10003484
100005b4:	100038fc 	.word	0x100038fc
100005b8:	1000340c 	.word	0x1000340c

100005bc <irq_remove_handler>:
100005bc:	e92d 47f0 	stmdb	sp!, {r4, r5, r6, r7, r8, r9, sl, lr}
100005c0:	4606      	mov	r6, r0
100005c2:	460d      	mov	r5, r1
100005c4:	f3ef 8810 	mrs	r8, PRIMASK
100005c8:	b672      	cpsid	i
100005ca:	4b50      	ldr	r3, [pc, #320]	@ (1000070c <irq_remove_handler+0x150>)
100005cc:	e8d3 1fcf 	ldaexb	r1, [r3]
100005d0:	2201      	movs	r2, #1
100005d2:	2900      	cmp	r1, #0
100005d4:	d1fa      	bne.n	100005cc <irq_remove_handler+0x10>
100005d6:	e8c3 2f41 	strexb	r1, r2, [r3]
100005da:	2900      	cmp	r1, #0
100005dc:	d1f6      	bne.n	100005cc <irq_remove_handler+0x10>
100005de:	f3bf 8f5f 	dmb	sy
100005e2:	4b4b      	ldr	r3, [pc, #300]	@ (10000710 <irq_remove_handler+0x154>)
100005e4:	689b      	ldr	r3, [r3, #8]
100005e6:	f100 0a10 	add.w	sl, r0, #16
100005ea:	f853 702a 	ldr.w	r7, [r3, sl, lsl #2]
100005ee:	4b49      	ldr	r3, [pc, #292]	@ (10000714 <irq_remove_handler+0x158>)
100005f0:	429f      	cmp	r7, r3
100005f2:	d007      	beq.n	10000604 <irq_remove_handler+0x48>
100005f4:	42af      	cmp	r7, r5
100005f6:	f000 8087 	beq.w	10000708 <irq_remove_handler+0x14c>
100005fa:	463c      	mov	r4, r7
100005fc:	4b46      	ldr	r3, [pc, #280]	@ (10000718 <irq_remove_handler+0x15c>)
100005fe:	1afb      	subs	r3, r7, r3
10000600:	2b2f      	cmp	r3, #47	@ 0x2f
10000602:	d906      	bls.n	10000612 <irq_remove_handler+0x56>
10000604:	4642      	mov	r2, r8
10000606:	4639      	mov	r1, r7
10000608:	4630      	mov	r0, r6
1000060a:	f7ff fef5 	bl	100003f8 <set_raw_irq_handler_and_unlock>
1000060e:	e8bd 87f0 	ldmia.w	sp!, {r4, r5, r6, r7, r8, r9, sl, pc}
10000612:	f7ff ff71 	bl	100004f8 <irq_is_enabled>
10000616:	4681      	mov	r9, r0
10000618:	2100      	movs	r1, #0
1000061a:	4630      	mov	r0, r6
1000061c:	f7ff ff8c 	bl	10000538 <irq_set_enabled>
10000620:	f3bf 8f5f 	dmb	sy
10000624:	f3ef 8005 	mrs	r0, IPSR
10000628:	b2c0      	uxtb	r0, r0
1000062a:	b108      	cbz	r0, 10000630 <irq_remove_handler+0x74>
1000062c:	4582      	cmp	sl, r0
1000062e:	d110      	bne.n	10000652 <irq_remove_handler+0x96>
10000630:	f024 0401 	bic.w	r4, r4, #1
10000634:	2100      	movs	r1, #0
10000636:	68a2      	ldr	r2, [r4, #8]
10000638:	4295      	cmp	r5, r2
1000063a:	d012      	beq.n	10000662 <irq_remove_handler+0xa6>
1000063c:	f994 3006 	ldrsb.w	r3, [r4, #6]
10000640:	2b00      	cmp	r3, #0
10000642:	db0d      	blt.n	10000660 <irq_remove_handler+0xa4>
10000644:	eb03 0343 	add.w	r3, r3, r3, lsl #1
10000648:	4621      	mov	r1, r4
1000064a:	4c33      	ldr	r4, [pc, #204]	@ (10000718 <irq_remove_handler+0x15c>)
1000064c:	eb04 0483 	add.w	r4, r4, r3, lsl #2
10000650:	e7f1      	b.n	10000636 <irq_remove_handler+0x7a>
10000652:	4b32      	ldr	r3, [pc, #200]	@ (1000071c <irq_remove_handler+0x160>)
10000654:	4a32      	ldr	r2, [pc, #200]	@ (10000720 <irq_remove_handler+0x164>)
10000656:	f240 2102 	movw	r1, #514	@ 0x202
1000065a:	4832      	ldr	r0, [pc, #200]	@ (10000724 <irq_remove_handler+0x168>)
1000065c:	f002 fafc 	bl	10002c58 <__assert_func>
10000660:	4621      	mov	r1, r4
10000662:	4295      	cmp	r5, r2
10000664:	d149      	bne.n	100006fa <irq_remove_handler+0x13e>
10000666:	f994 5006 	ldrsb.w	r5, [r4, #6]
1000066a:	2d00      	cmp	r5, #0
1000066c:	db2b      	blt.n	100006c6 <irq_remove_handler+0x10a>
1000066e:	eb05 0245 	add.w	r2, r5, r5, lsl #1
10000672:	4b29      	ldr	r3, [pc, #164]	@ (10000718 <irq_remove_handler+0x15c>)
10000674:	eb03 0382 	add.w	r3, r3, r2, lsl #2
10000678:	689a      	ldr	r2, [r3, #8]
1000067a:	60a2      	str	r2, [r4, #8]
1000067c:	79da      	ldrb	r2, [r3, #7]
1000067e:	71e2      	strb	r2, [r4, #7]
10000680:	f993 3006 	ldrsb.w	r3, [r3, #6]
10000684:	71a3      	strb	r3, [r4, #6]
10000686:	2b00      	cmp	r3, #0
10000688:	da10      	bge.n	100006ac <irq_remove_handler+0xf0>
1000068a:	f64b 5001 	movw	r0, #48385	@ 0xbd01
1000068e:	80a0      	strh	r0, [r4, #4]
10000690:	eb05 0245 	add.w	r2, r5, r5, lsl #1
10000694:	4b20      	ldr	r3, [pc, #128]	@ (10000718 <irq_remove_handler+0x15c>)
10000696:	eb03 0382 	add.w	r3, r3, r2, lsl #2
1000069a:	4a23      	ldr	r2, [pc, #140]	@ (10000728 <irq_remove_handler+0x16c>)
1000069c:	7811      	ldrb	r1, [r2, #0]
1000069e:	7199      	strb	r1, [r3, #6]
100006a0:	7015      	strb	r5, [r2, #0]
100006a2:	4649      	mov	r1, r9
100006a4:	4630      	mov	r0, r6
100006a6:	f7ff ff47 	bl	10000538 <irq_set_enabled>
100006aa:	e7ab      	b.n	10000604 <irq_remove_handler+0x48>
100006ac:	eb05 0345 	add.w	r3, r5, r5, lsl #1
100006b0:	4819      	ldr	r0, [pc, #100]	@ (10000718 <irq_remove_handler+0x15c>)
100006b2:	eb00 0083 	add.w	r0, r0, r3, lsl #2
100006b6:	3004      	adds	r0, #4
100006b8:	f7ff fec2 	bl	10000440 <resolve_j_16>
100006bc:	4601      	mov	r1, r0
100006be:	1d20      	adds	r0, r4, #4
100006c0:	f7ff fede 	bl	10000480 <make_j_16>
100006c4:	e7e3      	b.n	1000068e <irq_remove_handler+0xd2>
100006c6:	b998      	cbnz	r0, 100006f0 <irq_remove_handler+0x134>
100006c8:	b181      	cbz	r1, 100006ec <irq_remove_handler+0x130>
100006ca:	23ff      	movs	r3, #255	@ 0xff
100006cc:	718b      	strb	r3, [r1, #6]
100006ce:	f64b 5301 	movw	r3, #48385	@ 0xbd01
100006d2:	808b      	strh	r3, [r1, #4]
100006d4:	4a14      	ldr	r2, [pc, #80]	@ (10000728 <irq_remove_handler+0x16c>)
100006d6:	7813      	ldrb	r3, [r2, #0]
100006d8:	71a3      	strb	r3, [r4, #6]
100006da:	f64a 23aa 	movw	r3, #43690	@ 0xaaaa
100006de:	490e      	ldr	r1, [pc, #56]	@ (10000718 <irq_remove_handler+0x15c>)
100006e0:	1a64      	subs	r4, r4, r1
100006e2:	4164      	adcs	r4, r4
100006e4:	4363      	muls	r3, r4
100006e6:	0d1b      	lsrs	r3, r3, #20
100006e8:	7013      	strb	r3, [r2, #0]
100006ea:	e7da      	b.n	100006a2 <irq_remove_handler+0xe6>
100006ec:	4f09      	ldr	r7, [pc, #36]	@ (10000714 <irq_remove_handler+0x158>)
100006ee:	e7f1      	b.n	100006d4 <irq_remove_handler+0x118>
100006f0:	490e      	ldr	r1, [pc, #56]	@ (1000072c <irq_remove_handler+0x170>)
100006f2:	1d20      	adds	r0, r4, #4
100006f4:	f7ff fee2 	bl	100004bc <insert_bl_32>
100006f8:	e7d3      	b.n	100006a2 <irq_remove_handler+0xe6>
100006fa:	4b0d      	ldr	r3, [pc, #52]	@ (10000730 <irq_remove_handler+0x174>)
100006fc:	4a08      	ldr	r2, [pc, #32]	@ (10000720 <irq_remove_handler+0x164>)
100006fe:	f44f 7111 	mov.w	r1, #580	@ 0x244
10000702:	4808      	ldr	r0, [pc, #32]	@ (10000724 <irq_remove_handler+0x168>)
10000704:	f002 faa8 	bl	10002c58 <__assert_func>
10000708:	4f02      	ldr	r7, [pc, #8]	@ (10000714 <irq_remove_handler+0x158>)
1000070a:	e77b      	b.n	10000604 <irq_remove_handler+0x48>
1000070c:	20000981 	.word	0x20000981
10000710:	e000ed00 	.word	0xe000ed00
10000714:	10000111 	.word	0x10000111
10000718:	200005c4 	.word	0x200005c4
1000071c:	100034bc 	.word	0x100034bc
10000720:	100038cc 	.word	0x100038cc
10000724:	1000340c 	.word	0x1000340c
10000728:	20000a00 	.word	0x20000a00
1000072c:	200005fe 	.word	0x200005fe
10000730:	100034f0 	.word	0x100034f0

10000734 <irq_add_tail_to_free_list>:
10000734:	b538      	push	{r3, r4, r5, lr}
10000736:	f040 0401 	orr.w	r4, r0, #1
1000073a:	4b32      	ldr	r3, [pc, #200]	@ (10000804 <irq_add_tail_to_free_list+0xd0>)
1000073c:	1ae3      	subs	r3, r4, r3
1000073e:	2b2f      	cmp	r3, #47	@ 0x2f
10000740:	d831      	bhi.n	100007a6 <irq_add_tail_to_free_list+0x72>
10000742:	f3ef 8105 	mrs	r1, IPSR
10000746:	b2c9      	uxtb	r1, r1
10000748:	2900      	cmp	r1, #0
1000074a:	d033      	beq.n	100007b4 <irq_add_tail_to_free_list+0x80>
1000074c:	f3ef 8e10 	mrs	lr, PRIMASK
10000750:	b672      	cpsid	i
10000752:	4b2d      	ldr	r3, [pc, #180]	@ (10000808 <irq_add_tail_to_free_list+0xd4>)
10000754:	e8d3 5fcf 	ldaexb	r5, [r3]
10000758:	2201      	movs	r2, #1
1000075a:	2d00      	cmp	r5, #0
1000075c:	d1fa      	bne.n	10000754 <irq_add_tail_to_free_list+0x20>
1000075e:	e8c3 2f45 	strexb	r5, r2, [r3]
10000762:	2d00      	cmp	r5, #0
10000764:	d1f6      	bne.n	10000754 <irq_add_tail_to_free_list+0x20>
10000766:	f3bf 8f5f 	dmb	sy
1000076a:	f64a 23aa 	movw	r3, #43690	@ 0xaaaa
1000076e:	4602      	mov	r2, r0
10000770:	4d24      	ldr	r5, [pc, #144]	@ (10000804 <irq_add_tail_to_free_list+0xd0>)
10000772:	1b52      	subs	r2, r2, r5
10000774:	4152      	adcs	r2, r2
10000776:	4353      	muls	r3, r2
10000778:	0d1b      	lsrs	r3, r3, #20
1000077a:	fa4f fc83 	sxtb.w	ip, r3
1000077e:	4b23      	ldr	r3, [pc, #140]	@ (1000080c <irq_add_tail_to_free_list+0xd8>)
10000780:	689b      	ldr	r3, [r3, #8]
10000782:	f853 3021 	ldr.w	r3, [r3, r1, lsl #2]
10000786:	42a3      	cmp	r3, r4
10000788:	d01b      	beq.n	100007c2 <irq_add_tail_to_free_list+0x8e>
1000078a:	2300      	movs	r3, #0
1000078c:	2b03      	cmp	r3, #3
1000078e:	d832      	bhi.n	100007f6 <irq_add_tail_to_free_list+0xc2>
10000790:	eb03 0143 	add.w	r1, r3, r3, lsl #1
10000794:	4a1b      	ldr	r2, [pc, #108]	@ (10000804 <irq_add_tail_to_free_list+0xd0>)
10000796:	eb02 0281 	add.w	r2, r2, r1, lsl #2
1000079a:	f992 2006 	ldrsb.w	r2, [r2, #6]
1000079e:	4562      	cmp	r2, ip
100007a0:	d020      	beq.n	100007e4 <irq_add_tail_to_free_list+0xb0>
100007a2:	3301      	adds	r3, #1
100007a4:	e7f2      	b.n	1000078c <irq_add_tail_to_free_list+0x58>
100007a6:	4b1a      	ldr	r3, [pc, #104]	@ (10000810 <irq_add_tail_to_free_list+0xdc>)
100007a8:	4a1a      	ldr	r2, [pc, #104]	@ (10000814 <irq_add_tail_to_free_list+0xe0>)
100007aa:	f240 217f 	movw	r1, #639	@ 0x27f
100007ae:	481a      	ldr	r0, [pc, #104]	@ (10000818 <irq_add_tail_to_free_list+0xe4>)
100007b0:	f002 fa52 	bl	10002c58 <__assert_func>
100007b4:	4b19      	ldr	r3, [pc, #100]	@ (1000081c <irq_add_tail_to_free_list+0xe8>)
100007b6:	4a17      	ldr	r2, [pc, #92]	@ (10000814 <irq_add_tail_to_free_list+0xe0>)
100007b8:	f240 2182 	movw	r1, #642	@ 0x282
100007bc:	4816      	ldr	r0, [pc, #88]	@ (10000818 <irq_add_tail_to_free_list+0xe4>)
100007be:	f002 fa4b 	bl	10002c58 <__assert_func>
100007c2:	4b12      	ldr	r3, [pc, #72]	@ (1000080c <irq_add_tail_to_free_list+0xd8>)
100007c4:	689b      	ldr	r3, [r3, #8]
100007c6:	4a16      	ldr	r2, [pc, #88]	@ (10000820 <irq_add_tail_to_free_list+0xec>)
100007c8:	f843 2021 	str.w	r2, [r3, r1, lsl #2]
100007cc:	4b15      	ldr	r3, [pc, #84]	@ (10000824 <irq_add_tail_to_free_list+0xf0>)
100007ce:	781a      	ldrb	r2, [r3, #0]
100007d0:	7182      	strb	r2, [r0, #6]
100007d2:	f883 c000 	strb.w	ip, [r3]
100007d6:	2300      	movs	r3, #0
100007d8:	4a0b      	ldr	r2, [pc, #44]	@ (10000808 <irq_add_tail_to_free_list+0xd4>)
100007da:	e8c2 3f8f 	stlb	r3, [r2]
100007de:	f38e 8810 	msr	PRIMASK, lr
100007e2:	bd38      	pop	{r3, r4, r5, pc}
100007e4:	4a07      	ldr	r2, [pc, #28]	@ (10000804 <irq_add_tail_to_free_list+0xd0>)
100007e6:	eb02 0181 	add.w	r1, r2, r1, lsl #2
100007ea:	24ff      	movs	r4, #255	@ 0xff
100007ec:	718c      	strb	r4, [r1, #6]
100007ee:	f64b 5301 	movw	r3, #48385	@ 0xbd01
100007f2:	808b      	strh	r3, [r1, #4]
100007f4:	e7ea      	b.n	100007cc <irq_add_tail_to_free_list+0x98>
100007f6:	4b0c      	ldr	r3, [pc, #48]	@ (10000828 <irq_add_tail_to_free_list+0xf4>)
100007f8:	4a06      	ldr	r2, [pc, #24]	@ (10000814 <irq_add_tail_to_free_list+0xe0>)
100007fa:	f240 2193 	movw	r1, #659	@ 0x293
100007fe:	4806      	ldr	r0, [pc, #24]	@ (10000818 <irq_add_tail_to_free_list+0xe4>)
10000800:	f002 fa2a 	bl	10002c58 <__assert_func>
10000804:	200005c4 	.word	0x200005c4
10000808:	20000981 	.word	0x20000981
1000080c:	e000ed00 	.word	0xe000ed00
10000810:	100034f8 	.word	0x100034f8
10000814:	100038a0 	.word	0x100038a0
10000818:	1000340c 	.word	0x1000340c
1000081c:	10003520 	.word	0x10003520
10000820:	10000111 	.word	0x10000111
10000824:	20000a00 	.word	0x20000a00
10000828:	1000352c 	.word	0x1000352c

1000082c <lock_init>:
1000082c:	4b01      	ldr	r3, [pc, #4]	@ (10000834 <lock_init+0x8>)
1000082e:	440b      	add	r3, r1
10000830:	6003      	str	r3, [r0, #0]
10000832:	4770      	bx	lr
10000834:	20000978 	.word	0x20000978

10000838 <mutex_init>:
10000838:	b510      	push	{r4, lr}
1000083a:	4604      	mov	r4, r0
1000083c:	f7ff fdb8 	bl	100003b0 <next_striped_spin_lock_num>
10000840:	4601      	mov	r1, r0
10000842:	4620      	mov	r0, r4
10000844:	f7ff fff2 	bl	1000082c <lock_init>
10000848:	23ff      	movs	r3, #255	@ 0xff
1000084a:	7123      	strb	r3, [r4, #4]
1000084c:	f3bf 8f5f 	dmb	sy
10000850:	bd10      	pop	{r4, pc}

10000852 <recursive_mutex_init>:
10000852:	b510      	push	{r4, lr}
10000854:	4604      	mov	r4, r0
10000856:	f7ff fdab 	bl	100003b0 <next_striped_spin_lock_num>
1000085a:	4601      	mov	r1, r0
1000085c:	4620      	mov	r0, r4
1000085e:	f7ff ffe5 	bl	1000082c <lock_init>
10000862:	23ff      	movs	r3, #255	@ 0xff
10000864:	7123      	strb	r3, [r4, #4]
10000866:	2300      	movs	r3, #0
10000868:	7163      	strb	r3, [r4, #5]
1000086a:	f3bf 8f5f 	dmb	sy
1000086e:	bd10      	pop	{r4, pc}

10000870 <runtime_init_mutex>:
10000870:	b510      	push	{r4, lr}
10000872:	4c0d      	ldr	r4, [pc, #52]	@ (100008a8 <runtime_init_mutex+0x38>)
10000874:	e009      	b.n	1000088a <runtime_init_mutex+0x1a>
10000876:	4b0d      	ldr	r3, [pc, #52]	@ (100008ac <runtime_init_mutex+0x3c>)
10000878:	4a0d      	ldr	r2, [pc, #52]	@ (100008b0 <runtime_init_mutex+0x40>)
1000087a:	211a      	movs	r1, #26
1000087c:	480d      	ldr	r0, [pc, #52]	@ (100008b4 <runtime_init_mutex+0x44>)
1000087e:	f002 f9eb 	bl	10002c58 <__assert_func>
10000882:	4620      	mov	r0, r4
10000884:	f7ff ffd8 	bl	10000838 <mutex_init>
10000888:	3408      	adds	r4, #8
1000088a:	4b0b      	ldr	r3, [pc, #44]	@ (100008b8 <runtime_init_mutex+0x48>)
1000088c:	429c      	cmp	r4, r3
1000088e:	d209      	bcs.n	100008a4 <runtime_init_mutex+0x34>
10000890:	6823      	ldr	r3, [r4, #0]
10000892:	2b00      	cmp	r3, #0
10000894:	d0f5      	beq.n	10000882 <runtime_init_mutex+0x12>
10000896:	2b01      	cmp	r3, #1
10000898:	d1ed      	bne.n	10000876 <runtime_init_mutex+0x6>
1000089a:	4620      	mov	r0, r4
1000089c:	f7ff ffd9 	bl	10000852 <recursive_mutex_init>
100008a0:	3408      	adds	r4, #8
100008a2:	e7f2      	b.n	1000088a <runtime_init_mutex+0x1a>
100008a4:	bd10      	pop	{r4, pc}
100008a6:	bf00      	nop
100008a8:	2000063c 	.word	0x2000063c
100008ac:	10003534 	.word	0x10003534
100008b0:	1000393c 	.word	0x1000393c
100008b4:	10003554 	.word	0x10003554
100008b8:	20000644 	.word	0x20000644

100008bc <ta_from_current_irq>:
100008bc:	4602      	mov	r2, r0
100008be:	f3ef 8305 	mrs	r3, IPSR
100008c2:	b2db      	uxtb	r3, r3
100008c4:	3b10      	subs	r3, #16
100008c6:	0899      	lsrs	r1, r3, #2
100008c8:	d004      	beq.n	100008d4 <ta_from_current_irq+0x18>
100008ca:	4803      	ldr	r0, [pc, #12]	@ (100008d8 <ta_from_current_irq+0x1c>)
100008cc:	f003 0303 	and.w	r3, r3, #3
100008d0:	6013      	str	r3, [r2, #0]
100008d2:	4770      	bx	lr
100008d4:	4801      	ldr	r0, [pc, #4]	@ (100008dc <ta_from_current_irq+0x20>)
100008d6:	e7f9      	b.n	100008cc <ta_from_current_irq+0x10>
100008d8:	400b8000 	.word	0x400b8000
100008dc:	400b0000 	.word	0x400b0000

100008e0 <ta_set_timeout>:
100008e0:	b410      	push	{r4}
100008e2:	6a84      	ldr	r4, [r0, #40]	@ 0x28
100008e4:	eba2 0c04 	sub.w	ip, r2, r4
100008e8:	1d0b      	adds	r3, r1, #4
100008ea:	f850 3023 	ldr.w	r3, [r0, r3, lsl #2]
100008ee:	1b1b      	subs	r3, r3, r4
100008f0:	459c      	cmp	ip, r3
100008f2:	d304      	bcc.n	100008fe <ta_set_timeout+0x1e>
100008f4:	6a04      	ldr	r4, [r0, #32]
100008f6:	2301      	movs	r3, #1
100008f8:	408b      	lsls	r3, r1
100008fa:	421c      	tst	r4, r3
100008fc:	d102      	bne.n	10000904 <ta_set_timeout+0x24>
100008fe:	3104      	adds	r1, #4
10000900:	f840 2021 	str.w	r2, [r0, r1, lsl #2]
10000904:	f85d 4b04 	ldr.w	r4, [sp], #4
10000908:	4770      	bx	lr

1000090a <make_alarm_id>:
1000090a:	ea41 4000 	orr.w	r0, r1, r0, lsl #16
1000090e:	4770      	bx	lr

10000910 <sleep_until_callback>:
10000910:	4b0d      	ldr	r3, [pc, #52]	@ (10000948 <sleep_until_callback+0x38>)
10000912:	681a      	ldr	r2, [r3, #0]
10000914:	f3ef 8110 	mrs	r1, PRIMASK
10000918:	b672      	cpsid	i
1000091a:	e8d2 cfcf 	ldaexb	ip, [r2]
1000091e:	2001      	movs	r0, #1
10000920:	f1bc 0f00 	cmp.w	ip, #0
10000924:	d1f9      	bne.n	1000091a <sleep_until_callback+0xa>
10000926:	e8c2 0f4c 	strexb	ip, r0, [r2]
1000092a:	f1bc 0f00 	cmp.w	ip, #0
1000092e:	d1f4      	bne.n	1000091a <sleep_until_callback+0xa>
10000930:	f3bf 8f5f 	dmb	sy
10000934:	681a      	ldr	r2, [r3, #0]
10000936:	2300      	movs	r3, #0
10000938:	e8c2 3f8f 	stlb	r3, [r2]
1000093c:	f381 8810 	msr	PRIMASK, r1
10000940:	bf40      	sev
10000942:	2000      	movs	r0, #0
10000944:	2100      	movs	r1, #0
10000946:	4770      	bx	lr
10000948:	200009f4 	.word	0x200009f4

1000094c <alarm_pool_irq_handler>:
1000094c:	e92d 4ff0 	stmdb	sp!, {r4, r5, r6, r7, r8, r9, sl, fp, lr}
10000950:	b085      	sub	sp, #20
10000952:	a803      	add	r0, sp, #12
10000954:	f7ff ffb2 	bl	100008bc <ta_from_current_irq>
10000958:	4ba9      	ldr	r3, [pc, #676]	@ (10000c00 <alarm_pool_irq_handler+0x2b4>)
1000095a:	4298      	cmp	r0, r3
1000095c:	bf14      	ite	ne
1000095e:	2300      	movne	r3, #0
10000960:	2301      	moveq	r3, #1
10000962:	9903      	ldr	r1, [sp, #12]
10000964:	eb01 0383 	add.w	r3, r1, r3, lsl #2
10000968:	4aa6      	ldr	r2, [pc, #664]	@ (10000c04 <alarm_pool_irq_handler+0x2b8>)
1000096a:	f852 4023 	ldr.w	r4, [r2, r3, lsl #2]
1000096e:	7823      	ldrb	r3, [r4, #0]
10000970:	4299      	cmp	r1, r3
10000972:	d106      	bne.n	10000982 <alarm_pool_irq_handler+0x36>
10000974:	4605      	mov	r5, r0
10000976:	2201      	movs	r2, #1
10000978:	408a      	lsls	r2, r1
1000097a:	f500 5341 	add.w	r3, r0, #12352	@ 0x3040
1000097e:	605a      	str	r2, [r3, #4]
10000980:	e114      	b.n	10000bac <alarm_pool_irq_handler+0x260>
10000982:	4ba1      	ldr	r3, [pc, #644]	@ (10000c08 <alarm_pool_irq_handler+0x2bc>)
10000984:	4aa1      	ldr	r2, [pc, #644]	@ (10000c0c <alarm_pool_irq_handler+0x2c0>)
10000986:	2192      	movs	r1, #146	@ 0x92
10000988:	48a1      	ldr	r0, [pc, #644]	@ (10000c10 <alarm_pool_irq_handler+0x2c4>)
1000098a:	f002 f965 	bl	10002c58 <__assert_func>
1000098e:	f8d4 9014 	ldr.w	r9, [r4, #20]
10000992:	eb06 0746 	add.w	r7, r6, r6, lsl #1
10000996:	ea4f 0ac7 	mov.w	sl, r7, lsl #3
1000099a:	eb09 07c7 	add.w	r7, r9, r7, lsl #3
1000099e:	f8d7 b008 	ldr.w	fp, [r7, #8]
100009a2:	f8d7 800c 	ldr.w	r8, [r7, #12]
100009a6:	4628      	mov	r0, r5
100009a8:	f000 fbb6 	bl	10001118 <timer_time_us_64>
100009ac:	ebb0 000b 	subs.w	r0, r0, fp
100009b0:	eb61 0308 	sbc.w	r3, r1, r8
100009b4:	2b00      	cmp	r3, #0
100009b6:	f2c0 8102 	blt.w	10000bbe <alarm_pool_irq_handler+0x272>
100009ba:	f1b8 0f00 	cmp.w	r8, #0
100009be:	db60      	blt.n	10000a82 <alarm_pool_irq_handler+0x136>
100009c0:	693b      	ldr	r3, [r7, #16]
100009c2:	461a      	mov	r2, r3
100009c4:	9300      	str	r3, [sp, #0]
100009c6:	4b93      	ldr	r3, [pc, #588]	@ (10000c14 <alarm_pool_irq_handler+0x2c8>)
100009c8:	429a      	cmp	r2, r3
100009ca:	d030      	beq.n	10000a2e <alarm_pool_irq_handler+0xe2>
100009cc:	8879      	ldrh	r1, [r7, #2]
100009ce:	b289      	uxth	r1, r1
100009d0:	f9b4 0008 	ldrsh.w	r0, [r4, #8]
100009d4:	f7ff ff99 	bl	1000090a <make_alarm_id>
100009d8:	6979      	ldr	r1, [r7, #20]
100009da:	9b00      	ldr	r3, [sp, #0]
100009dc:	4798      	blx	r3
100009de:	9000      	str	r0, [sp, #0]
100009e0:	9101      	str	r1, [sp, #4]
100009e2:	9900      	ldr	r1, [sp, #0]
100009e4:	9a01      	ldr	r2, [sp, #4]
100009e6:	ea51 0302 	orrs.w	r3, r1, r2
100009ea:	d04a      	beq.n	10000a82 <alarm_pool_irq_handler+0x136>
100009ec:	4613      	mov	r3, r2
100009ee:	2a00      	cmp	r2, #0
100009f0:	da29      	bge.n	10000a46 <alarm_pool_irq_handler+0xfa>
100009f2:	ebbb 0201 	subs.w	r2, fp, r1
100009f6:	eb68 0803 	sbc.w	r8, r8, r3
100009fa:	60ba      	str	r2, [r7, #8]
100009fc:	f8c7 800c 	str.w	r8, [r7, #12]
10000a00:	f939 300a 	ldrsh.w	r3, [r9, sl]
10000a04:	2b00      	cmp	r3, #0
10000a06:	f2c0 80da 	blt.w	10000bbe <alarm_pool_irq_handler+0x272>
10000a0a:	f8d4 e014 	ldr.w	lr, [r4, #20]
10000a0e:	eb03 0143 	add.w	r1, r3, r3, lsl #1
10000a12:	eb0e 01c1 	add.w	r1, lr, r1, lsl #3
10000a16:	6888      	ldr	r0, [r1, #8]
10000a18:	68c9      	ldr	r1, [r1, #12]
10000a1a:	1a10      	subs	r0, r2, r0
10000a1c:	eb68 0101 	sbc.w	r1, r8, r1
10000a20:	2900      	cmp	r1, #0
10000a22:	f2c0 80cc 	blt.w	10000bbe <alarm_pool_irq_handler+0x272>
10000a26:	46a4      	mov	ip, r4
10000a28:	f82c 3f08 	strh.w	r3, [ip, #8]!
10000a2c:	e015      	b.n	10000a5a <alarm_pool_irq_handler+0x10e>
10000a2e:	697a      	ldr	r2, [r7, #20]
10000a30:	6913      	ldr	r3, [r2, #16]
10000a32:	9200      	str	r2, [sp, #0]
10000a34:	4610      	mov	r0, r2
10000a36:	4798      	blx	r3
10000a38:	b318      	cbz	r0, 10000a82 <alarm_pool_irq_handler+0x136>
10000a3a:	9a00      	ldr	r2, [sp, #0]
10000a3c:	6813      	ldr	r3, [r2, #0]
10000a3e:	9300      	str	r3, [sp, #0]
10000a40:	6853      	ldr	r3, [r2, #4]
10000a42:	9301      	str	r3, [sp, #4]
10000a44:	e7cd      	b.n	100009e2 <alarm_pool_irq_handler+0x96>
10000a46:	4628      	mov	r0, r5
10000a48:	f000 fb66 	bl	10001118 <timer_time_us_64>
10000a4c:	9b00      	ldr	r3, [sp, #0]
10000a4e:	181a      	adds	r2, r3, r0
10000a50:	9b01      	ldr	r3, [sp, #4]
10000a52:	eb43 0801 	adc.w	r8, r3, r1
10000a56:	e7d0      	b.n	100009fa <alarm_pool_irq_handler+0xae>
10000a58:	469c      	mov	ip, r3
10000a5a:	f9bc 7000 	ldrsh.w	r7, [ip]
10000a5e:	2f00      	cmp	r7, #0
10000a60:	db0a      	blt.n	10000a78 <alarm_pool_irq_handler+0x12c>
10000a62:	eb07 0347 	add.w	r3, r7, r7, lsl #1
10000a66:	eb0e 03c3 	add.w	r3, lr, r3, lsl #3
10000a6a:	6898      	ldr	r0, [r3, #8]
10000a6c:	68d9      	ldr	r1, [r3, #12]
10000a6e:	1a10      	subs	r0, r2, r0
10000a70:	eb68 0101 	sbc.w	r1, r8, r1
10000a74:	2900      	cmp	r1, #0
10000a76:	daef      	bge.n	10000a58 <alarm_pool_irq_handler+0x10c>
10000a78:	f829 700a 	strh.w	r7, [r9, sl]
10000a7c:	f8ac 6000 	strh.w	r6, [ip]
10000a80:	e09d      	b.n	10000bbe <alarm_pool_irq_handler+0x272>
10000a82:	f939 300a 	ldrsh.w	r3, [r9, sl]
10000a86:	8123      	strh	r3, [r4, #8]
10000a88:	6923      	ldr	r3, [r4, #16]
10000a8a:	f3ef 8210 	mrs	r2, PRIMASK
10000a8e:	b672      	cpsid	i
10000a90:	e8d3 0fcf 	ldaexb	r0, [r3]
10000a94:	2101      	movs	r1, #1
10000a96:	2800      	cmp	r0, #0
10000a98:	d1fa      	bne.n	10000a90 <alarm_pool_irq_handler+0x144>
10000a9a:	e8c3 1f40 	strexb	r0, r1, [r3]
10000a9e:	2800      	cmp	r0, #0
10000aa0:	d1f6      	bne.n	10000a90 <alarm_pool_irq_handler+0x144>
10000aa2:	f3bf 8f5f 	dmb	sy
10000aa6:	f9b4 3002 	ldrsh.w	r3, [r4, #2]
10000aaa:	f829 300a 	strh.w	r3, [r9, sl]
10000aae:	8066      	strh	r6, [r4, #2]
10000ab0:	6921      	ldr	r1, [r4, #16]
10000ab2:	2300      	movs	r3, #0
10000ab4:	e8c1 3f8f 	stlb	r3, [r1]
10000ab8:	f382 8810 	msr	PRIMASK, r2
10000abc:	e07f      	b.n	10000bbe <alarm_pool_irq_handler+0x272>
10000abe:	6923      	ldr	r3, [r4, #16]
10000ac0:	f3ef 8210 	mrs	r2, PRIMASK
10000ac4:	b672      	cpsid	i
10000ac6:	e8d3 0fcf 	ldaexb	r0, [r3]
10000aca:	2101      	movs	r1, #1
10000acc:	2800      	cmp	r0, #0
10000ace:	d1fa      	bne.n	10000ac6 <alarm_pool_irq_handler+0x17a>
10000ad0:	e8c3 1f40 	strexb	r0, r1, [r3]
10000ad4:	2800      	cmp	r0, #0
10000ad6:	d1f6      	bne.n	10000ac6 <alarm_pool_irq_handler+0x17a>
10000ad8:	f3bf 8f5f 	dmb	sy
10000adc:	f8b4 8004 	ldrh.w	r8, [r4, #4]
10000ae0:	fa0f f888 	sxth.w	r8, r8
10000ae4:	f64f 73ff 	movw	r3, #65535	@ 0xffff
10000ae8:	80a3      	strh	r3, [r4, #4]
10000aea:	6921      	ldr	r1, [r4, #16]
10000aec:	2300      	movs	r3, #0
10000aee:	e8c1 3f8f 	stlb	r3, [r1]
10000af2:	f382 8810 	msr	PRIMASK, r2
10000af6:	e015      	b.n	10000b24 <alarm_pool_irq_handler+0x1d8>
10000af8:	461e      	mov	r6, r3
10000afa:	f9b6 2000 	ldrsh.w	r2, [r6]
10000afe:	2a00      	cmp	r2, #0
10000b00:	db0a      	blt.n	10000b18 <alarm_pool_irq_handler+0x1cc>
10000b02:	eb02 0342 	add.w	r3, r2, r2, lsl #1
10000b06:	eb0c 03c3 	add.w	r3, ip, r3, lsl #3
10000b0a:	6898      	ldr	r0, [r3, #8]
10000b0c:	68d9      	ldr	r1, [r3, #12]
10000b0e:	1a38      	subs	r0, r7, r0
10000b10:	eb6e 0101 	sbc.w	r1, lr, r1
10000b14:	2900      	cmp	r1, #0
10000b16:	daef      	bge.n	10000af8 <alarm_pool_irq_handler+0x1ac>
10000b18:	f8a6 8000 	strh.w	r8, [r6]
10000b1c:	f93c 8009 	ldrsh.w	r8, [ip, r9]
10000b20:	f82c 2009 	strh.w	r2, [ip, r9]
10000b24:	f1b8 0f00 	cmp.w	r8, #0
10000b28:	db4e      	blt.n	10000bc8 <alarm_pool_irq_handler+0x27c>
10000b2a:	f8d4 c014 	ldr.w	ip, [r4, #20]
10000b2e:	eb08 0348 	add.w	r3, r8, r8, lsl #1
10000b32:	ea4f 09c3 	mov.w	r9, r3, lsl #3
10000b36:	eb0c 03c3 	add.w	r3, ip, r3, lsl #3
10000b3a:	689f      	ldr	r7, [r3, #8]
10000b3c:	f8d3 e00c 	ldr.w	lr, [r3, #12]
10000b40:	f104 0608 	add.w	r6, r4, #8
10000b44:	e7d9      	b.n	10000afa <alarm_pool_irq_handler+0x1ae>
10000b46:	2300      	movs	r3, #0
10000b48:	71a3      	strb	r3, [r4, #6]
10000b4a:	f104 0c08 	add.w	ip, r4, #8
10000b4e:	f9b4 3008 	ldrsh.w	r3, [r4, #8]
10000b52:	e010      	b.n	10000b76 <alarm_pool_irq_handler+0x22a>
10000b54:	f04f 38ff 	mov.w	r8, #4294967295	@ 0xffffffff
10000b58:	f04f 39ff 	mov.w	r9, #4294967295	@ 0xffffffff
10000b5c:	e9c0 8902 	strd	r8, r9, [r0, #8]
10000b60:	f9b4 0008 	ldrsh.w	r0, [r4, #8]
10000b64:	4298      	cmp	r0, r3
10000b66:	d005      	beq.n	10000b74 <alarm_pool_irq_handler+0x228>
10000b68:	f8ac 2000 	strh.w	r2, [ip]
10000b6c:	f9b4 0008 	ldrsh.w	r0, [r4, #8]
10000b70:	53c8      	strh	r0, [r1, r7]
10000b72:	8123      	strh	r3, [r4, #8]
10000b74:	4613      	mov	r3, r2
10000b76:	f1b3 3fff 	cmp.w	r3, #4294967295	@ 0xffffffff
10000b7a:	d028      	beq.n	10000bce <alarm_pool_irq_handler+0x282>
10000b7c:	6961      	ldr	r1, [r4, #20]
10000b7e:	eb03 0243 	add.w	r2, r3, r3, lsl #1
10000b82:	00d7      	lsls	r7, r2, #3
10000b84:	eb01 00c2 	add.w	r0, r1, r2, lsl #3
10000b88:	f931 2032 	ldrsh.w	r2, [r1, r2, lsl #3]
10000b8c:	8846      	ldrh	r6, [r0, #2]
10000b8e:	f416 4f00 	tst.w	r6, #32768	@ 0x8000
10000b92:	d1df      	bne.n	10000b54 <alarm_pool_irq_handler+0x208>
10000b94:	4684      	mov	ip, r0
10000b96:	e7ed      	b.n	10000b74 <alarm_pool_irq_handler+0x228>
10000b98:	4628      	mov	r0, r5
10000b9a:	f000 fabd 	bl	10001118 <timer_time_us_64>
10000b9e:	1a3f      	subs	r7, r7, r0
10000ba0:	eb66 0601 	sbc.w	r6, r6, r1
10000ba4:	2f01      	cmp	r7, #1
10000ba6:	f176 0600 	sbcs.w	r6, r6, #0
10000baa:	da35      	bge.n	10000c18 <alarm_pool_irq_handler+0x2cc>
10000bac:	9a03      	ldr	r2, [sp, #12]
10000bae:	2301      	movs	r3, #1
10000bb0:	4093      	lsls	r3, r2
10000bb2:	63eb      	str	r3, [r5, #60]	@ 0x3c
10000bb4:	f9b4 6008 	ldrsh.w	r6, [r4, #8]
10000bb8:	2e00      	cmp	r6, #0
10000bba:	f6bf aee8 	bge.w	1000098e <alarm_pool_irq_handler+0x42>
10000bbe:	88a3      	ldrh	r3, [r4, #4]
10000bc0:	f413 4f00 	tst.w	r3, #32768	@ 0x8000
10000bc4:	f43f af7b 	beq.w	10000abe <alarm_pool_irq_handler+0x172>
10000bc8:	79a3      	ldrb	r3, [r4, #6]
10000bca:	2b00      	cmp	r3, #0
10000bcc:	d1bb      	bne.n	10000b46 <alarm_pool_irq_handler+0x1fa>
10000bce:	f9b4 3008 	ldrsh.w	r3, [r4, #8]
10000bd2:	2b00      	cmp	r3, #0
10000bd4:	db20      	blt.n	10000c18 <alarm_pool_irq_handler+0x2cc>
10000bd6:	6962      	ldr	r2, [r4, #20]
10000bd8:	eb03 0343 	add.w	r3, r3, r3, lsl #1
10000bdc:	eb02 03c3 	add.w	r3, r2, r3, lsl #3
10000be0:	689f      	ldr	r7, [r3, #8]
10000be2:	68de      	ldr	r6, [r3, #12]
10000be4:	f1b6 3fff 	cmp.w	r6, #4294967295	@ 0xffffffff
10000be8:	bf08      	it	eq
10000bea:	f1b7 3fff 	cmpeq.w	r7, #4294967295	@ 0xffffffff
10000bee:	d0d3      	beq.n	10000b98 <alarm_pool_irq_handler+0x24c>
10000bf0:	463a      	mov	r2, r7
10000bf2:	4633      	mov	r3, r6
10000bf4:	9903      	ldr	r1, [sp, #12]
10000bf6:	4628      	mov	r0, r5
10000bf8:	f7ff fe72 	bl	100008e0 <ta_set_timeout>
10000bfc:	e7cc      	b.n	10000b98 <alarm_pool_irq_handler+0x24c>
10000bfe:	bf00      	nop
10000c00:	400b8000 	.word	0x400b8000
10000c04:	200009d4 	.word	0x200009d4
10000c08:	100035dc 	.word	0x100035dc
10000c0c:	10003968 	.word	0x10003968
10000c10:	10003608 	.word	0x10003608
10000c14:	1000094d 	.word	0x1000094d
10000c18:	bf40      	sev
10000c1a:	b005      	add	sp, #20
10000c1c:	e8bd 8ff0 	ldmia.w	sp!, {r4, r5, r6, r7, r8, r9, sl, fp, pc}

10000c20 <ta_enable_irq_handler>:
10000c20:	b5f8      	push	{r3, r4, r5, r6, r7, lr}
10000c22:	4604      	mov	r4, r0
10000c24:	460d      	mov	r5, r1
10000c26:	4611      	mov	r1, r2
10000c28:	4b0a      	ldr	r3, [pc, #40]	@ (10000c54 <ta_enable_irq_handler+0x34>)
10000c2a:	4298      	cmp	r0, r3
10000c2c:	d010      	beq.n	10000c50 <ta_enable_irq_handler+0x30>
10000c2e:	2600      	movs	r6, #0
10000c30:	442e      	add	r6, r5
10000c32:	2701      	movs	r7, #1
10000c34:	fa07 f505 	lsl.w	r5, r7, r5
10000c38:	6225      	str	r5, [r4, #32]
10000c3a:	4630      	mov	r0, r6
10000c3c:	f7ff fc8e 	bl	1000055c <irq_set_exclusive_handler>
10000c40:	4639      	mov	r1, r7
10000c42:	4630      	mov	r0, r6
10000c44:	f7ff fc78 	bl	10000538 <irq_set_enabled>
10000c48:	f504 5401 	add.w	r4, r4, #8256	@ 0x2040
10000c4c:	6025      	str	r5, [r4, #0]
10000c4e:	bdf8      	pop	{r3, r4, r5, r6, r7, pc}
10000c50:	2604      	movs	r6, #4
10000c52:	e7ed      	b.n	10000c30 <ta_enable_irq_handler+0x10>
10000c54:	400b8000 	.word	0x400b8000

10000c58 <alarm_pool_post_alloc_init>:
10000c58:	b5f8      	push	{r3, r4, r5, r6, r7, lr}
10000c5a:	4604      	mov	r4, r0
10000c5c:	460e      	mov	r6, r1
10000c5e:	4617      	mov	r7, r2
10000c60:	461d      	mov	r5, r3
10000c62:	60c1      	str	r1, [r0, #12]
10000c64:	f7ff fba4 	bl	100003b0 <next_striped_spin_lock_num>
10000c68:	4b16      	ldr	r3, [pc, #88]	@ (10000cc4 <alarm_pool_post_alloc_init+0x6c>)
10000c6a:	4403      	add	r3, r0
10000c6c:	6123      	str	r3, [r4, #16]
10000c6e:	7027      	strb	r7, [r4, #0]
10000c70:	b2ab      	uxth	r3, r5
10000c72:	8163      	strh	r3, [r4, #10]
10000c74:	f04f 4250 	mov.w	r2, #3489660928	@ 0xd0000000
10000c78:	7812      	ldrb	r2, [r2, #0]
10000c7a:	7062      	strb	r2, [r4, #1]
10000c7c:	f64f 72ff 	movw	r2, #65535	@ 0xffff
10000c80:	8122      	strh	r2, [r4, #8]
10000c82:	80a2      	strh	r2, [r4, #4]
10000c84:	3b01      	subs	r3, #1
10000c86:	8063      	strh	r3, [r4, #2]
10000c88:	f04f 0c00 	mov.w	ip, #0
10000c8c:	e008      	b.n	10000ca0 <alarm_pool_post_alloc_init+0x48>
10000c8e:	f10c 30ff 	add.w	r0, ip, #4294967295	@ 0xffffffff
10000c92:	eb0c 0e4c 	add.w	lr, ip, ip, lsl #1
10000c96:	6963      	ldr	r3, [r4, #20]
10000c98:	f823 003e 	strh.w	r0, [r3, lr, lsl #3]
10000c9c:	f10c 0c01 	add.w	ip, ip, #1
10000ca0:	45ac      	cmp	ip, r5
10000ca2:	d3f4      	bcc.n	10000c8e <alarm_pool_post_alloc_init+0x36>
10000ca4:	4b08      	ldr	r3, [pc, #32]	@ (10000cc8 <alarm_pool_post_alloc_init+0x70>)
10000ca6:	429e      	cmp	r6, r3
10000ca8:	bf14      	ite	ne
10000caa:	2300      	movne	r3, #0
10000cac:	2301      	moveq	r3, #1
10000cae:	eb07 0383 	add.w	r3, r7, r3, lsl #2
10000cb2:	4a06      	ldr	r2, [pc, #24]	@ (10000ccc <alarm_pool_post_alloc_init+0x74>)
10000cb4:	f842 4023 	str.w	r4, [r2, r3, lsl #2]
10000cb8:	4a05      	ldr	r2, [pc, #20]	@ (10000cd0 <alarm_pool_post_alloc_init+0x78>)
10000cba:	4639      	mov	r1, r7
10000cbc:	4630      	mov	r0, r6
10000cbe:	f7ff ffaf 	bl	10000c20 <ta_enable_irq_handler>
10000cc2:	bdf8      	pop	{r3, r4, r5, r6, r7, pc}
10000cc4:	20000978 	.word	0x20000978
10000cc8:	400b8000 	.word	0x400b8000
10000ccc:	200009d4 	.word	0x200009d4
10000cd0:	1000094d 	.word	0x1000094d

10000cd4 <alarm_pool_get_default>:
10000cd4:	b508      	push	{r3, lr}
10000cd6:	4b05      	ldr	r3, [pc, #20]	@ (10000cec <alarm_pool_get_default+0x18>)
10000cd8:	691b      	ldr	r3, [r3, #16]
10000cda:	b10b      	cbz	r3, 10000ce0 <alarm_pool_get_default+0xc>
10000cdc:	4803      	ldr	r0, [pc, #12]	@ (10000cec <alarm_pool_get_default+0x18>)
10000cde:	bd08      	pop	{r3, pc}
10000ce0:	4b03      	ldr	r3, [pc, #12]	@ (10000cf0 <alarm_pool_get_default+0x1c>)
10000ce2:	4a04      	ldr	r2, [pc, #16]	@ (10000cf4 <alarm_pool_get_default+0x20>)
10000ce4:	2165      	movs	r1, #101	@ 0x65
10000ce6:	4804      	ldr	r0, [pc, #16]	@ (10000cf8 <alarm_pool_get_default+0x24>)
10000ce8:	f001 ffb6 	bl	10002c58 <__assert_func>
10000cec:	2000060c 	.word	0x2000060c
10000cf0:	1000363c 	.word	0x1000363c
10000cf4:	10003950 	.word	0x10003950
10000cf8:	10003608 	.word	0x10003608

10000cfc <alarm_pool_add_alarm_at_force_in_context>:
10000cfc:	b5f8      	push	{r3, r4, r5, r6, r7, lr}
10000cfe:	4604      	mov	r4, r0
10000d00:	469e      	mov	lr, r3
10000d02:	6900      	ldr	r0, [r0, #16]
10000d04:	f3ef 8110 	mrs	r1, PRIMASK
10000d08:	b672      	cpsid	i
10000d0a:	e8d0 6fcf 	ldaexb	r6, [r0]
10000d0e:	2501      	movs	r5, #1
10000d10:	2e00      	cmp	r6, #0
10000d12:	d1fa      	bne.n	10000d0a <alarm_pool_add_alarm_at_force_in_context+0xe>
10000d14:	e8c0 5f46 	strexb	r6, r5, [r0]
10000d18:	2e00      	cmp	r6, #0
10000d1a:	d1f6      	bne.n	10000d0a <alarm_pool_add_alarm_at_force_in_context+0xe>
10000d1c:	f3bf 8f5f 	dmb	sy
10000d20:	f9b4 5002 	ldrsh.w	r5, [r4, #2]
10000d24:	6966      	ldr	r6, [r4, #20]
10000d26:	eb05 0045 	add.w	r0, r5, r5, lsl #1
10000d2a:	00c7      	lsls	r7, r0, #3
10000d2c:	eb06 00c0 	add.w	r0, r6, r0, lsl #3
10000d30:	2d00      	cmp	r5, #0
10000d32:	db03      	blt.n	10000d3c <alarm_pool_add_alarm_at_force_in_context+0x40>
10000d34:	f936 c007 	ldrsh.w	ip, [r6, r7]
10000d38:	f8a4 c002 	strh.w	ip, [r4, #2]
10000d3c:	f04f 0c00 	mov.w	ip, #0
10000d40:	6923      	ldr	r3, [r4, #16]
10000d42:	e8c3 cf8f 	stlb	ip, [r3]
10000d46:	f381 8810 	msr	PRIMASK, r1
10000d4a:	4565      	cmp	r5, ip
10000d4c:	db33      	blt.n	10000db6 <alarm_pool_add_alarm_at_force_in_context+0xba>
10000d4e:	9906      	ldr	r1, [sp, #24]
10000d50:	6101      	str	r1, [r0, #16]
10000d52:	9907      	ldr	r1, [sp, #28]
10000d54:	6141      	str	r1, [r0, #20]
10000d56:	6082      	str	r2, [r0, #8]
10000d58:	f8c0 e00c 	str.w	lr, [r0, #12]
10000d5c:	8841      	ldrh	r1, [r0, #2]
10000d5e:	b289      	uxth	r1, r1
10000d60:	3101      	adds	r1, #1
10000d62:	f3c1 010e 	ubfx	r1, r1, #0, #15
10000d66:	b901      	cbnz	r1, 10000d6a <alarm_pool_add_alarm_at_force_in_context+0x6e>
10000d68:	2101      	movs	r1, #1
10000d6a:	8041      	strh	r1, [r0, #2]
10000d6c:	4628      	mov	r0, r5
10000d6e:	f7ff fdcc 	bl	1000090a <make_alarm_id>
10000d72:	6923      	ldr	r3, [r4, #16]
10000d74:	f3ef 8210 	mrs	r2, PRIMASK
10000d78:	b672      	cpsid	i
10000d7a:	e8d3 cfcf 	ldaexb	ip, [r3]
10000d7e:	2101      	movs	r1, #1
10000d80:	f1bc 0f00 	cmp.w	ip, #0
10000d84:	d1f9      	bne.n	10000d7a <alarm_pool_add_alarm_at_force_in_context+0x7e>
10000d86:	e8c3 1f4c 	strexb	ip, r1, [r3]
10000d8a:	f1bc 0f00 	cmp.w	ip, #0
10000d8e:	d1f4      	bne.n	10000d7a <alarm_pool_add_alarm_at_force_in_context+0x7e>
10000d90:	f3bf 8f5f 	dmb	sy
10000d94:	88a3      	ldrh	r3, [r4, #4]
10000d96:	53f3      	strh	r3, [r6, r7]
10000d98:	80a5      	strh	r5, [r4, #4]
10000d9a:	6921      	ldr	r1, [r4, #16]
10000d9c:	2300      	movs	r3, #0
10000d9e:	e8c1 3f8f 	stlb	r3, [r1]
10000da2:	f382 8810 	msr	PRIMASK, r2
10000da6:	68e3      	ldr	r3, [r4, #12]
10000da8:	7821      	ldrb	r1, [r4, #0]
10000daa:	2201      	movs	r2, #1
10000dac:	408a      	lsls	r2, r1
10000dae:	f503 5301 	add.w	r3, r3, #8256	@ 0x2040
10000db2:	605a      	str	r2, [r3, #4]
10000db4:	bdf8      	pop	{r3, r4, r5, r6, r7, pc}
10000db6:	f04f 30ff 	mov.w	r0, #4294967295	@ 0xffffffff
10000dba:	e7fb      	b.n	10000db4 <alarm_pool_add_alarm_at_force_in_context+0xb8>

10000dbc <alarm_pool_add_alarm_at>:
10000dbc:	b570      	push	{r4, r5, r6, lr}
10000dbe:	b082      	sub	sp, #8
10000dc0:	4606      	mov	r6, r0
10000dc2:	4615      	mov	r5, r2
10000dc4:	461c      	mov	r4, r3
10000dc6:	f89d 3020 	ldrb.w	r3, [sp, #32]
10000dca:	b933      	cbnz	r3, 10000dda <alarm_pool_add_alarm_at+0x1e>
10000dcc:	f000 f9ce 	bl	1000116c <time_us_64>
10000dd0:	4285      	cmp	r5, r0
10000dd2:	eb64 0101 	sbc.w	r1, r4, r1
10000dd6:	2900      	cmp	r1, #0
10000dd8:	db0a      	blt.n	10000df0 <alarm_pool_add_alarm_at+0x34>
10000dda:	9b07      	ldr	r3, [sp, #28]
10000ddc:	9301      	str	r3, [sp, #4]
10000dde:	9b06      	ldr	r3, [sp, #24]
10000de0:	9300      	str	r3, [sp, #0]
10000de2:	462a      	mov	r2, r5
10000de4:	4623      	mov	r3, r4
10000de6:	4630      	mov	r0, r6
10000de8:	f7ff ff88 	bl	10000cfc <alarm_pool_add_alarm_at_force_in_context>
10000dec:	b002      	add	sp, #8
10000dee:	bd70      	pop	{r4, r5, r6, pc}
10000df0:	2000      	movs	r0, #0
10000df2:	e7fb      	b.n	10000dec <alarm_pool_add_alarm_at+0x30>

10000df4 <add_alarm_at>:
10000df4:	b5f0      	push	{r4, r5, r6, r7, lr}
10000df6:	b085      	sub	sp, #20
10000df8:	4605      	mov	r5, r0
10000dfa:	460c      	mov	r4, r1
10000dfc:	4616      	mov	r6, r2
10000dfe:	461f      	mov	r7, r3
10000e00:	f7ff ff68 	bl	10000cd4 <alarm_pool_get_default>
10000e04:	f89d 3028 	ldrb.w	r3, [sp, #40]	@ 0x28
10000e08:	9302      	str	r3, [sp, #8]
10000e0a:	9701      	str	r7, [sp, #4]
10000e0c:	9600      	str	r6, [sp, #0]
10000e0e:	462a      	mov	r2, r5
10000e10:	4623      	mov	r3, r4
10000e12:	f7ff ffd3 	bl	10000dbc <alarm_pool_add_alarm_at>
10000e16:	b005      	add	sp, #20
10000e18:	bdf0      	pop	{r4, r5, r6, r7, pc}

10000e1a <alarm_pool_cancel_alarm>:
10000e1a:	4603      	mov	r3, r0
10000e1c:	8940      	ldrh	r0, [r0, #10]
10000e1e:	ebb0 4f21 	cmp.w	r0, r1, asr #16
10000e22:	dd31      	ble.n	10000e88 <alarm_pool_cancel_alarm+0x6e>
10000e24:	b510      	push	{r4, lr}
10000e26:	140a      	asrs	r2, r1, #16
10000e28:	6958      	ldr	r0, [r3, #20]
10000e2a:	eb02 0242 	add.w	r2, r2, r2, lsl #1
10000e2e:	eb00 00c2 	add.w	r0, r0, r2, lsl #3
10000e32:	691a      	ldr	r2, [r3, #16]
10000e34:	f3ef 8c10 	mrs	ip, PRIMASK
10000e38:	b672      	cpsid	i
10000e3a:	e8d2 4fcf 	ldaexb	r4, [r2]
10000e3e:	f05f 0e01 	movs.w	lr, #1
10000e42:	2c00      	cmp	r4, #0
10000e44:	d1f9      	bne.n	10000e3a <alarm_pool_cancel_alarm+0x20>
10000e46:	e8c2 ef44 	strexb	r4, lr, [r2]
10000e4a:	2c00      	cmp	r4, #0
10000e4c:	d1f5      	bne.n	10000e3a <alarm_pool_cancel_alarm+0x20>
10000e4e:	f3bf 8f5f 	dmb	sy
10000e52:	8842      	ldrh	r2, [r0, #2]
10000e54:	b292      	uxth	r2, r2
10000e56:	b289      	uxth	r1, r1
10000e58:	428a      	cmp	r2, r1
10000e5a:	d00f      	beq.n	10000e7c <alarm_pool_cancel_alarm+0x62>
10000e5c:	2000      	movs	r0, #0
10000e5e:	6919      	ldr	r1, [r3, #16]
10000e60:	2200      	movs	r2, #0
10000e62:	e8c1 2f8f 	stlb	r2, [r1]
10000e66:	f38c 8810 	msr	PRIMASK, ip
10000e6a:	b130      	cbz	r0, 10000e7a <alarm_pool_cancel_alarm+0x60>
10000e6c:	68da      	ldr	r2, [r3, #12]
10000e6e:	781b      	ldrb	r3, [r3, #0]
10000e70:	2101      	movs	r1, #1
10000e72:	4099      	lsls	r1, r3
10000e74:	f502 5301 	add.w	r3, r2, #8256	@ 0x2040
10000e78:	6059      	str	r1, [r3, #4]
10000e7a:	bd10      	pop	{r4, pc}
10000e7c:	f442 4200 	orr.w	r2, r2, #32768	@ 0x8000
10000e80:	8042      	strh	r2, [r0, #2]
10000e82:	2001      	movs	r0, #1
10000e84:	7198      	strb	r0, [r3, #6]
10000e86:	e7ea      	b.n	10000e5e <alarm_pool_cancel_alarm+0x44>
10000e88:	2000      	movs	r0, #0
10000e8a:	4770      	bx	lr

10000e8c <cancel_alarm>:
10000e8c:	b510      	push	{r4, lr}
10000e8e:	4604      	mov	r4, r0
10000e90:	f7ff ff20 	bl	10000cd4 <alarm_pool_get_default>
10000e94:	4621      	mov	r1, r4
10000e96:	f7ff ffc0 	bl	10000e1a <alarm_pool_cancel_alarm>
10000e9a:	bd10      	pop	{r4, pc}

10000e9c <sleep_until>:
10000e9c:	b5f0      	push	{r4, r5, r6, r7, lr}
10000e9e:	b083      	sub	sp, #12
10000ea0:	f3ef 8305 	mrs	r3, IPSR
10000ea4:	b2db      	uxtb	r3, r3
10000ea6:	b9cb      	cbnz	r3, 10000edc <sleep_until+0x40>
10000ea8:	4605      	mov	r5, r0
10000eaa:	460f      	mov	r7, r1
10000eac:	1f86      	subs	r6, r0, #6
10000eae:	f141 34ff 	adc.w	r4, r1, #4294967295	@ 0xffffffff
10000eb2:	42b0      	cmp	r0, r6
10000eb4:	eb71 0304 	sbcs.w	r3, r1, r4
10000eb8:	d201      	bcs.n	10000ebe <sleep_until+0x22>
10000eba:	2600      	movs	r6, #0
10000ebc:	4634      	mov	r4, r6
10000ebe:	f000 f955 	bl	1000116c <time_us_64>
10000ec2:	1a30      	subs	r0, r6, r0
10000ec4:	eb64 0301 	sbc.w	r3, r4, r1
10000ec8:	2801      	cmp	r0, #1
10000eca:	f173 0300 	sbcs.w	r3, r3, #0
10000ece:	da08      	bge.n	10000ee2 <sleep_until+0x46>
10000ed0:	4628      	mov	r0, r5
10000ed2:	4639      	mov	r1, r7
10000ed4:	f000 f95c 	bl	10001190 <busy_wait_until>
10000ed8:	b003      	add	sp, #12
10000eda:	bdf0      	pop	{r4, r5, r6, r7, pc}
10000edc:	481c      	ldr	r0, [pc, #112]	@ (10000f50 <sleep_until+0xb4>)
10000ede:	f7ff fa19 	bl	10000314 <panic>
10000ee2:	2300      	movs	r3, #0
10000ee4:	9300      	str	r3, [sp, #0]
10000ee6:	4a1b      	ldr	r2, [pc, #108]	@ (10000f54 <sleep_until+0xb8>)
10000ee8:	4630      	mov	r0, r6
10000eea:	4621      	mov	r1, r4
10000eec:	f7ff ff82 	bl	10000df4 <add_alarm_at>
10000ef0:	2800      	cmp	r0, #0
10000ef2:	da1e      	bge.n	10000f32 <sleep_until+0x96>
10000ef4:	e7ec      	b.n	10000ed0 <sleep_until+0x34>
10000ef6:	2300      	movs	r3, #0
10000ef8:	e000      	b.n	10000efc <sleep_until+0x60>
10000efa:	2300      	movs	r3, #0
10000efc:	2b00      	cmp	r3, #0
10000efe:	d1e7      	bne.n	10000ed0 <sleep_until+0x34>
10000f00:	4b15      	ldr	r3, [pc, #84]	@ (10000f58 <sleep_until+0xbc>)
10000f02:	681a      	ldr	r2, [r3, #0]
10000f04:	f3ef 8110 	mrs	r1, PRIMASK
10000f08:	b672      	cpsid	i
10000f0a:	e8d2 cfcf 	ldaexb	ip, [r2]
10000f0e:	2001      	movs	r0, #1
10000f10:	f1bc 0f00 	cmp.w	ip, #0
10000f14:	d1f9      	bne.n	10000f0a <sleep_until+0x6e>
10000f16:	e8c2 0f4c 	strexb	ip, r0, [r2]
10000f1a:	f1bc 0f00 	cmp.w	ip, #0
10000f1e:	d1f4      	bne.n	10000f0a <sleep_until+0x6e>
10000f20:	f3bf 8f5f 	dmb	sy
10000f24:	681a      	ldr	r2, [r3, #0]
10000f26:	2300      	movs	r3, #0
10000f28:	e8c2 3f8f 	stlb	r3, [r2]
10000f2c:	f381 8810 	msr	PRIMASK, r1
10000f30:	bf20      	wfe
10000f32:	4b0a      	ldr	r3, [pc, #40]	@ (10000f5c <sleep_until+0xc0>)
10000f34:	6a5b      	ldr	r3, [r3, #36]	@ 0x24
10000f36:	429c      	cmp	r4, r3
10000f38:	d8df      	bhi.n	10000efa <sleep_until+0x5e>
10000f3a:	4908      	ldr	r1, [pc, #32]	@ (10000f5c <sleep_until+0xc0>)
10000f3c:	6a89      	ldr	r1, [r1, #40]	@ 0x28
10000f3e:	42b1      	cmp	r1, r6
10000f40:	d203      	bcs.n	10000f4a <sleep_until+0xae>
10000f42:	429c      	cmp	r4, r3
10000f44:	d0d7      	beq.n	10000ef6 <sleep_until+0x5a>
10000f46:	2301      	movs	r3, #1
10000f48:	e7d8      	b.n	10000efc <sleep_until+0x60>
10000f4a:	2301      	movs	r3, #1
10000f4c:	e7d6      	b.n	10000efc <sleep_until+0x60>
10000f4e:	bf00      	nop
10000f50:	10003660 	.word	0x10003660
10000f54:	10000911 	.word	0x10000911
10000f58:	200009f4 	.word	0x200009f4
10000f5c:	400b0000 	.word	0x400b0000

10000f60 <sleep_us>:
10000f60:	b538      	push	{r3, r4, r5, lr}
10000f62:	4604      	mov	r4, r0
10000f64:	460d      	mov	r5, r1
10000f66:	f000 f901 	bl	1000116c <time_us_64>
10000f6a:	1820      	adds	r0, r4, r0
10000f6c:	eb45 0101 	adc.w	r1, r5, r1
10000f70:	2900      	cmp	r1, #0
10000f72:	db02      	blt.n	10000f7a <sleep_us+0x1a>
10000f74:	f7ff ff92 	bl	10000e9c <sleep_until>
10000f78:	bd38      	pop	{r3, r4, r5, pc}
10000f7a:	f04f 30ff 	mov.w	r0, #4294967295	@ 0xffffffff
10000f7e:	f06f 4100 	mvn.w	r1, #2147483648	@ 0x80000000
10000f82:	e7f7      	b.n	10000f74 <sleep_us+0x14>

10000f84 <sleep_ms>:
10000f84:	b508      	push	{r3, lr}
10000f86:	0ec3      	lsrs	r3, r0, #27
10000f88:	0141      	lsls	r1, r0, #5
10000f8a:	1a09      	subs	r1, r1, r0
10000f8c:	f163 0300 	sbc.w	r3, r3, #0
10000f90:	009b      	lsls	r3, r3, #2
10000f92:	ea43 7391 	orr.w	r3, r3, r1, lsr #30
10000f96:	0089      	lsls	r1, r1, #2
10000f98:	1809      	adds	r1, r1, r0
10000f9a:	f143 0300 	adc.w	r3, r3, #0
10000f9e:	00db      	lsls	r3, r3, #3
10000fa0:	00c8      	lsls	r0, r1, #3
10000fa2:	ea43 7151 	orr.w	r1, r3, r1, lsr #29
10000fa6:	f7ff ffdb 	bl	10000f60 <sleep_us>
10000faa:	bd08      	pop	{r3, pc}

10000fac <best_effort_wfe_or_timeout>:
10000fac:	b5f0      	push	{r4, r5, r6, r7, lr}
10000fae:	b083      	sub	sp, #12
10000fb0:	4605      	mov	r5, r0
10000fb2:	460c      	mov	r4, r1
10000fb4:	f3ef 8305 	mrs	r3, IPSR
10000fb8:	b2db      	uxtb	r3, r3
10000fba:	b193      	cbz	r3, 10000fe2 <best_effort_wfe_or_timeout+0x36>
10000fbc:	4b3c      	ldr	r3, [pc, #240]	@ (100010b0 <best_effort_wfe_or_timeout+0x104>)
10000fbe:	6a5b      	ldr	r3, [r3, #36]	@ 0x24
10000fc0:	428b      	cmp	r3, r1
10000fc2:	d309      	bcc.n	10000fd8 <best_effort_wfe_or_timeout+0x2c>
10000fc4:	4a3a      	ldr	r2, [pc, #232]	@ (100010b0 <best_effort_wfe_or_timeout+0x104>)
10000fc6:	6a92      	ldr	r2, [r2, #40]	@ 0x28
10000fc8:	4282      	cmp	r2, r0
10000fca:	d208      	bcs.n	10000fde <best_effort_wfe_or_timeout+0x32>
10000fcc:	428b      	cmp	r3, r1
10000fce:	d001      	beq.n	10000fd4 <best_effort_wfe_or_timeout+0x28>
10000fd0:	2001      	movs	r0, #1
10000fd2:	e002      	b.n	10000fda <best_effort_wfe_or_timeout+0x2e>
10000fd4:	2000      	movs	r0, #0
10000fd6:	e000      	b.n	10000fda <best_effort_wfe_or_timeout+0x2e>
10000fd8:	2000      	movs	r0, #0
10000fda:	b003      	add	sp, #12
10000fdc:	bdf0      	pop	{r4, r5, r6, r7, pc}
10000fde:	2001      	movs	r0, #1
10000fe0:	e7fb      	b.n	10000fda <best_effort_wfe_or_timeout+0x2e>
10000fe2:	f7ff fe77 	bl	10000cd4 <alarm_pool_get_default>
10000fe6:	68c7      	ldr	r7, [r0, #12]
10000fe8:	7806      	ldrb	r6, [r0, #0]
10000fea:	4638      	mov	r0, r7
10000fec:	f000 f894 	bl	10001118 <timer_time_us_64>
10000ff0:	1a2a      	subs	r2, r5, r0
10000ff2:	eb64 0101 	sbc.w	r1, r4, r1
10000ff6:	3604      	adds	r6, #4
10000ff8:	f857 3026 	ldr.w	r3, [r7, r6, lsl #2]
10000ffc:	1a1b      	subs	r3, r3, r0
10000ffe:	429a      	cmp	r2, r3
10001000:	f171 0100 	sbcs.w	r1, r1, #0
10001004:	db12      	blt.n	1000102c <best_effort_wfe_or_timeout+0x80>
10001006:	bf20      	wfe
10001008:	4b29      	ldr	r3, [pc, #164]	@ (100010b0 <best_effort_wfe_or_timeout+0x104>)
1000100a:	6a5b      	ldr	r3, [r3, #36]	@ 0x24
1000100c:	429c      	cmp	r4, r3
1000100e:	d809      	bhi.n	10001024 <best_effort_wfe_or_timeout+0x78>
10001010:	4a27      	ldr	r2, [pc, #156]	@ (100010b0 <best_effort_wfe_or_timeout+0x104>)
10001012:	6a92      	ldr	r2, [r2, #40]	@ 0x28
10001014:	42aa      	cmp	r2, r5
10001016:	d207      	bcs.n	10001028 <best_effort_wfe_or_timeout+0x7c>
10001018:	429c      	cmp	r4, r3
1000101a:	d001      	beq.n	10001020 <best_effort_wfe_or_timeout+0x74>
1000101c:	2001      	movs	r0, #1
1000101e:	e7dc      	b.n	10000fda <best_effort_wfe_or_timeout+0x2e>
10001020:	2000      	movs	r0, #0
10001022:	e7da      	b.n	10000fda <best_effort_wfe_or_timeout+0x2e>
10001024:	2000      	movs	r0, #0
10001026:	e7d8      	b.n	10000fda <best_effort_wfe_or_timeout+0x2e>
10001028:	2001      	movs	r0, #1
1000102a:	e7d6      	b.n	10000fda <best_effort_wfe_or_timeout+0x2e>
1000102c:	2300      	movs	r3, #0
1000102e:	9300      	str	r3, [sp, #0]
10001030:	4a20      	ldr	r2, [pc, #128]	@ (100010b4 <best_effort_wfe_or_timeout+0x108>)
10001032:	4628      	mov	r0, r5
10001034:	4621      	mov	r1, r4
10001036:	f7ff fedd 	bl	10000df4 <add_alarm_at>
1000103a:	2800      	cmp	r0, #0
1000103c:	dd0b      	ble.n	10001056 <best_effort_wfe_or_timeout+0xaa>
1000103e:	4b1c      	ldr	r3, [pc, #112]	@ (100010b0 <best_effort_wfe_or_timeout+0x104>)
10001040:	6a5b      	ldr	r3, [r3, #36]	@ 0x24
10001042:	429c      	cmp	r4, r3
10001044:	d81b      	bhi.n	1000107e <best_effort_wfe_or_timeout+0xd2>
10001046:	4a1a      	ldr	r2, [pc, #104]	@ (100010b0 <best_effort_wfe_or_timeout+0x104>)
10001048:	6a92      	ldr	r2, [r2, #40]	@ 0x28
1000104a:	42aa      	cmp	r2, r5
1000104c:	d228      	bcs.n	100010a0 <best_effort_wfe_or_timeout+0xf4>
1000104e:	429c      	cmp	r4, r3
10001050:	d013      	beq.n	1000107a <best_effort_wfe_or_timeout+0xce>
10001052:	2301      	movs	r3, #1
10001054:	e014      	b.n	10001080 <best_effort_wfe_or_timeout+0xd4>
10001056:	4b16      	ldr	r3, [pc, #88]	@ (100010b0 <best_effort_wfe_or_timeout+0x104>)
10001058:	6a5b      	ldr	r3, [r3, #36]	@ 0x24
1000105a:	429c      	cmp	r4, r3
1000105c:	d809      	bhi.n	10001072 <best_effort_wfe_or_timeout+0xc6>
1000105e:	4a14      	ldr	r2, [pc, #80]	@ (100010b0 <best_effort_wfe_or_timeout+0x104>)
10001060:	6a92      	ldr	r2, [r2, #40]	@ 0x28
10001062:	42aa      	cmp	r2, r5
10001064:	d207      	bcs.n	10001076 <best_effort_wfe_or_timeout+0xca>
10001066:	429c      	cmp	r4, r3
10001068:	d001      	beq.n	1000106e <best_effort_wfe_or_timeout+0xc2>
1000106a:	2001      	movs	r0, #1
1000106c:	e7b5      	b.n	10000fda <best_effort_wfe_or_timeout+0x2e>
1000106e:	2000      	movs	r0, #0
10001070:	e7b3      	b.n	10000fda <best_effort_wfe_or_timeout+0x2e>
10001072:	2000      	movs	r0, #0
10001074:	e7b1      	b.n	10000fda <best_effort_wfe_or_timeout+0x2e>
10001076:	2001      	movs	r0, #1
10001078:	e7af      	b.n	10000fda <best_effort_wfe_or_timeout+0x2e>
1000107a:	2300      	movs	r3, #0
1000107c:	e000      	b.n	10001080 <best_effort_wfe_or_timeout+0xd4>
1000107e:	2300      	movs	r3, #0
10001080:	b903      	cbnz	r3, 10001084 <best_effort_wfe_or_timeout+0xd8>
10001082:	bf20      	wfe
10001084:	f7ff ff02 	bl	10000e8c <cancel_alarm>
10001088:	4b09      	ldr	r3, [pc, #36]	@ (100010b0 <best_effort_wfe_or_timeout+0x104>)
1000108a:	6a5b      	ldr	r3, [r3, #36]	@ 0x24
1000108c:	429c      	cmp	r4, r3
1000108e:	d80b      	bhi.n	100010a8 <best_effort_wfe_or_timeout+0xfc>
10001090:	4a07      	ldr	r2, [pc, #28]	@ (100010b0 <best_effort_wfe_or_timeout+0x104>)
10001092:	6a92      	ldr	r2, [r2, #40]	@ 0x28
10001094:	42aa      	cmp	r2, r5
10001096:	d209      	bcs.n	100010ac <best_effort_wfe_or_timeout+0x100>
10001098:	429c      	cmp	r4, r3
1000109a:	d003      	beq.n	100010a4 <best_effort_wfe_or_timeout+0xf8>
1000109c:	2001      	movs	r0, #1
1000109e:	e79c      	b.n	10000fda <best_effort_wfe_or_timeout+0x2e>
100010a0:	2301      	movs	r3, #1
100010a2:	e7ed      	b.n	10001080 <best_effort_wfe_or_timeout+0xd4>
100010a4:	2000      	movs	r0, #0
100010a6:	e798      	b.n	10000fda <best_effort_wfe_or_timeout+0x2e>
100010a8:	2000      	movs	r0, #0
100010aa:	e796      	b.n	10000fda <best_effort_wfe_or_timeout+0x2e>
100010ac:	2001      	movs	r0, #1
100010ae:	e794      	b.n	10000fda <best_effort_wfe_or_timeout+0x2e>
100010b0:	400b0000 	.word	0x400b0000
100010b4:	10000911 	.word	0x10000911

100010b8 <alarm_pool_get_default_timer>:
100010b8:	4800      	ldr	r0, [pc, #0]	@ (100010bc <alarm_pool_get_default_timer+0x4>)
100010ba:	4770      	bx	lr
100010bc:	400b0000 	.word	0x400b0000

100010c0 <runtime_init_default_alarm_pool>:
100010c0:	b510      	push	{r4, lr}
100010c2:	4b0a      	ldr	r3, [pc, #40]	@ (100010ec <runtime_init_default_alarm_pool+0x2c>)
100010c4:	691b      	ldr	r3, [r3, #16]
100010c6:	b123      	cbz	r3, 100010d2 <runtime_init_default_alarm_pool+0x12>
100010c8:	210a      	movs	r1, #10
100010ca:	4809      	ldr	r0, [pc, #36]	@ (100010f0 <runtime_init_default_alarm_pool+0x30>)
100010cc:	f7ff fbae 	bl	1000082c <lock_init>
100010d0:	bd10      	pop	{r4, pc}
100010d2:	f7ff fff1 	bl	100010b8 <alarm_pool_get_default_timer>
100010d6:	4604      	mov	r4, r0
100010d8:	2103      	movs	r1, #3
100010da:	f000 f80b 	bl	100010f4 <timer_hardware_alarm_claim>
100010de:	2310      	movs	r3, #16
100010e0:	2203      	movs	r2, #3
100010e2:	4621      	mov	r1, r4
100010e4:	4801      	ldr	r0, [pc, #4]	@ (100010ec <runtime_init_default_alarm_pool+0x2c>)
100010e6:	f7ff fdb7 	bl	10000c58 <alarm_pool_post_alloc_init>
100010ea:	e7ed      	b.n	100010c8 <runtime_init_default_alarm_pool+0x8>
100010ec:	2000060c 	.word	0x2000060c
100010f0:	200009f4 	.word	0x200009f4

100010f4 <timer_hardware_alarm_claim>:
100010f4:	b510      	push	{r4, lr}
100010f6:	4a05      	ldr	r2, [pc, #20]	@ (1000110c <timer_hardware_alarm_claim+0x18>)
100010f8:	4c05      	ldr	r4, [pc, #20]	@ (10001110 <timer_hardware_alarm_claim+0x1c>)
100010fa:	4b06      	ldr	r3, [pc, #24]	@ (10001114 <timer_hardware_alarm_claim+0x20>)
100010fc:	42a0      	cmp	r0, r4
100010fe:	bf14      	ite	ne
10001100:	4618      	movne	r0, r3
10001102:	1c58      	addeq	r0, r3, #1
10001104:	f7ff f93a 	bl	1000037c <hw_claim_or_assert>
10001108:	bd10      	pop	{r4, pc}
1000110a:	bf00      	nop
1000110c:	100036b0 	.word	0x100036b0
10001110:	400b8000 	.word	0x400b8000
10001114:	200009a0 	.word	0x200009a0

10001118 <timer_time_us_64>:
10001118:	4602      	mov	r2, r0
1000111a:	6a43      	ldr	r3, [r0, #36]	@ 0x24
1000111c:	6a90      	ldr	r0, [r2, #40]	@ 0x28
1000111e:	4619      	mov	r1, r3
10001120:	6a53      	ldr	r3, [r2, #36]	@ 0x24
10001122:	4299      	cmp	r1, r3
10001124:	d1fa      	bne.n	1000111c <timer_time_us_64+0x4>
10001126:	4770      	bx	lr

10001128 <timer_busy_wait_until>:
10001128:	6a41      	ldr	r1, [r0, #36]	@ 0x24
1000112a:	e000      	b.n	1000112e <timer_busy_wait_until+0x6>
1000112c:	6a41      	ldr	r1, [r0, #36]	@ 0x24
1000112e:	4299      	cmp	r1, r3
10001130:	d3fc      	bcc.n	1000112c <timer_busy_wait_until+0x4>
10001132:	e000      	b.n	10001136 <timer_busy_wait_until+0xe>
10001134:	6a41      	ldr	r1, [r0, #36]	@ 0x24
10001136:	4299      	cmp	r1, r3
10001138:	d102      	bne.n	10001140 <timer_busy_wait_until+0x18>
1000113a:	6a81      	ldr	r1, [r0, #40]	@ 0x28
1000113c:	4291      	cmp	r1, r2
1000113e:	d3f9      	bcc.n	10001134 <timer_busy_wait_until+0xc>
10001140:	4770      	bx	lr

10001142 <timer_busy_wait_us>:
10001142:	b570      	push	{r4, r5, r6, lr}
10001144:	4606      	mov	r6, r0
10001146:	4614      	mov	r4, r2
10001148:	461d      	mov	r5, r3
1000114a:	f7ff ffe5 	bl	10001118 <timer_time_us_64>
1000114e:	1902      	adds	r2, r0, r4
10001150:	eb41 0305 	adc.w	r3, r1, r5
10001154:	4282      	cmp	r2, r0
10001156:	eb73 0101 	sbcs.w	r1, r3, r1
1000115a:	d202      	bcs.n	10001162 <timer_busy_wait_us+0x20>
1000115c:	f04f 32ff 	mov.w	r2, #4294967295	@ 0xffffffff
10001160:	4613      	mov	r3, r2
10001162:	4630      	mov	r0, r6
10001164:	f7ff ffe0 	bl	10001128 <timer_busy_wait_until>
10001168:	bd70      	pop	{r4, r5, r6, pc}
	...

1000116c <time_us_64>:
1000116c:	b508      	push	{r3, lr}
1000116e:	4802      	ldr	r0, [pc, #8]	@ (10001178 <time_us_64+0xc>)
10001170:	f7ff ffd2 	bl	10001118 <timer_time_us_64>
10001174:	bd08      	pop	{r3, pc}
10001176:	bf00      	nop
10001178:	400b0000 	.word	0x400b0000

1000117c <busy_wait_us>:
1000117c:	b508      	push	{r3, lr}
1000117e:	4602      	mov	r2, r0
10001180:	460b      	mov	r3, r1
10001182:	4802      	ldr	r0, [pc, #8]	@ (1000118c <busy_wait_us+0x10>)
10001184:	f7ff ffdd 	bl	10001142 <timer_busy_wait_us>
10001188:	bd08      	pop	{r3, pc}
1000118a:	bf00      	nop
1000118c:	400b0000 	.word	0x400b0000

10001190 <busy_wait_until>:
10001190:	b508      	push	{r3, lr}
10001192:	4602      	mov	r2, r0
10001194:	460b      	mov	r3, r1
10001196:	4802      	ldr	r0, [pc, #8]	@ (100011a0 <busy_wait_until+0x10>)
10001198:	f7ff ffc6 	bl	10001128 <timer_busy_wait_until>
1000119c:	bd08      	pop	{r3, pc}
1000119e:	bf00      	nop
100011a0:	400b0000 	.word	0x400b0000

100011a4 <uart_unreset>:
100011a4:	4b07      	ldr	r3, [pc, #28]	@ (100011c4 <uart_unreset+0x20>)
100011a6:	4298      	cmp	r0, r3
100011a8:	d00a      	beq.n	100011c0 <uart_unreset+0x1c>
100011aa:	231a      	movs	r3, #26
100011ac:	2201      	movs	r2, #1
100011ae:	409a      	lsls	r2, r3
100011b0:	4b05      	ldr	r3, [pc, #20]	@ (100011c8 <uart_unreset+0x24>)
100011b2:	601a      	str	r2, [r3, #0]
100011b4:	4b05      	ldr	r3, [pc, #20]	@ (100011cc <uart_unreset+0x28>)
100011b6:	689b      	ldr	r3, [r3, #8]
100011b8:	ea32 0303 	bics.w	r3, r2, r3
100011bc:	d1fa      	bne.n	100011b4 <uart_unreset+0x10>
100011be:	4770      	bx	lr
100011c0:	231b      	movs	r3, #27
100011c2:	e7f3      	b.n	100011ac <uart_unreset+0x8>
100011c4:	40078000 	.word	0x40078000
100011c8:	40023000 	.word	0x40023000
100011cc:	40020000 	.word	0x40020000

100011d0 <uart_disable_before_lcr_write>:
100011d0:	b538      	push	{r3, r4, r5, lr}
100011d2:	6b04      	ldr	r4, [r0, #48]	@ 0x30
100011d4:	f014 0f01 	tst.w	r4, #1
100011d8:	d101      	bne.n	100011de <uart_disable_before_lcr_write+0xe>
100011da:	4620      	mov	r0, r4
100011dc:	bd38      	pop	{r3, r4, r5, pc}
100011de:	f500 5340 	add.w	r3, r0, #12288	@ 0x3000
100011e2:	f240 3201 	movw	r2, #769	@ 0x301
100011e6:	631a      	str	r2, [r3, #48]	@ 0x30
100011e8:	6a43      	ldr	r3, [r0, #36]	@ 0x24
100011ea:	6a85      	ldr	r5, [r0, #40]	@ 0x28
100011ec:	eb05 1583 	add.w	r5, r5, r3, lsl #6
100011f0:	02ad      	lsls	r5, r5, #10
100011f2:	2006      	movs	r0, #6
100011f4:	f000 f8ea 	bl	100013cc <clock_get_hz>
100011f8:	4b04      	ldr	r3, [pc, #16]	@ (1000120c <uart_disable_before_lcr_write+0x3c>)
100011fa:	fba3 3000 	umull	r3, r0, r3, r0
100011fe:	0ac0      	lsrs	r0, r0, #11
10001200:	fbb5 f0f0 	udiv	r0, r5, r0
10001204:	2100      	movs	r1, #0
10001206:	f7ff ffb9 	bl	1000117c <busy_wait_us>
1000120a:	e7e6      	b.n	100011da <uart_disable_before_lcr_write+0xa>
1000120c:	8f2b7b75 	.word	0x8f2b7b75

10001210 <uart_write_lcr_bits_masked>:
10001210:	b570      	push	{r4, r5, r6, lr}
10001212:	4605      	mov	r5, r0
10001214:	460c      	mov	r4, r1
10001216:	4616      	mov	r6, r2
10001218:	f7ff ffda 	bl	100011d0 <uart_disable_before_lcr_write>
1000121c:	6aeb      	ldr	r3, [r5, #44]	@ 0x2c
1000121e:	405c      	eors	r4, r3
10001220:	4034      	ands	r4, r6
10001222:	f505 5381 	add.w	r3, r5, #4128	@ 0x1020
10001226:	60dc      	str	r4, [r3, #12]
10001228:	6328      	str	r0, [r5, #48]	@ 0x30
1000122a:	bd70      	pop	{r4, r5, r6, pc}

1000122c <uart_set_baudrate>:
1000122c:	b570      	push	{r4, r5, r6, lr}
1000122e:	4605      	mov	r5, r0
10001230:	460c      	mov	r4, r1
10001232:	2006      	movs	r0, #6
10001234:	f000 f8ca 	bl	100013cc <clock_get_hz>
10001238:	00c3      	lsls	r3, r0, #3
1000123a:	fbb3 f3f4 	udiv	r3, r3, r4
1000123e:	3301      	adds	r3, #1
10001240:	09dc      	lsrs	r4, r3, #7
10001242:	d007      	beq.n	10001254 <uart_set_baudrate+0x28>
10001244:	f64f 72fe 	movw	r2, #65534	@ 0xfffe
10001248:	4294      	cmp	r4, r2
1000124a:	d814      	bhi.n	10001276 <uart_set_baudrate+0x4a>
1000124c:	4626      	mov	r6, r4
1000124e:	f3c3 0445 	ubfx	r4, r3, #1, #6
10001252:	e000      	b.n	10001256 <uart_set_baudrate+0x2a>
10001254:	2601      	movs	r6, #1
10001256:	626e      	str	r6, [r5, #36]	@ 0x24
10001258:	62ac      	str	r4, [r5, #40]	@ 0x28
1000125a:	2200      	movs	r2, #0
1000125c:	4611      	mov	r1, r2
1000125e:	4628      	mov	r0, r5
10001260:	f7ff ffd6 	bl	10001210 <uart_write_lcr_bits_masked>
10001264:	2006      	movs	r0, #6
10001266:	f000 f8b1 	bl	100013cc <clock_get_hz>
1000126a:	0080      	lsls	r0, r0, #2
1000126c:	eb04 1486 	add.w	r4, r4, r6, lsl #6
10001270:	fbb0 f0f4 	udiv	r0, r0, r4
10001274:	bd70      	pop	{r4, r5, r6, pc}
10001276:	2400      	movs	r4, #0
10001278:	f64f 76ff 	movw	r6, #65535	@ 0xffff
1000127c:	e7eb      	b.n	10001256 <uart_set_baudrate+0x2a>
	...

10001280 <uart_set_translate_crlf>:
10001280:	b149      	cbz	r1, 10001296 <uart_set_translate_crlf+0x16>
10001282:	220a      	movs	r2, #10
10001284:	4b05      	ldr	r3, [pc, #20]	@ (1000129c <uart_set_translate_crlf+0x1c>)
10001286:	4298      	cmp	r0, r3
10001288:	bf14      	ite	ne
1000128a:	2000      	movne	r0, #0
1000128c:	2001      	moveq	r0, #1
1000128e:	4b04      	ldr	r3, [pc, #16]	@ (100012a0 <uart_set_translate_crlf+0x20>)
10001290:	f823 2010 	strh.w	r2, [r3, r0, lsl #1]
10001294:	4770      	bx	lr
10001296:	f44f 7280 	mov.w	r2, #256	@ 0x100
1000129a:	e7f3      	b.n	10001284 <uart_set_translate_crlf+0x4>
1000129c:	40078000 	.word	0x40078000
100012a0:	200009f8 	.word	0x200009f8

100012a4 <uart_init>:
100012a4:	b538      	push	{r3, r4, r5, lr}
100012a6:	4604      	mov	r4, r0
100012a8:	460d      	mov	r5, r1
100012aa:	2006      	movs	r0, #6
100012ac:	f000 f88e 	bl	100013cc <clock_get_hz>
100012b0:	b1f8      	cbz	r0, 100012f2 <uart_init+0x4e>
100012b2:	4b11      	ldr	r3, [pc, #68]	@ (100012f8 <uart_init+0x54>)
100012b4:	429c      	cmp	r4, r3
100012b6:	d01d      	beq.n	100012f4 <uart_init+0x50>
100012b8:	221a      	movs	r2, #26
100012ba:	2301      	movs	r3, #1
100012bc:	4093      	lsls	r3, r2
100012be:	4a0f      	ldr	r2, [pc, #60]	@ (100012fc <uart_init+0x58>)
100012c0:	6013      	str	r3, [r2, #0]
100012c2:	4620      	mov	r0, r4
100012c4:	f7ff ff6e 	bl	100011a4 <uart_unreset>
100012c8:	2100      	movs	r1, #0
100012ca:	4620      	mov	r0, r4
100012cc:	f7ff ffd8 	bl	10001280 <uart_set_translate_crlf>
100012d0:	4629      	mov	r1, r5
100012d2:	4620      	mov	r0, r4
100012d4:	f7ff ffaa 	bl	1000122c <uart_set_baudrate>
100012d8:	6ae3      	ldr	r3, [r4, #44]	@ 0x2c
100012da:	f083 0370 	eor.w	r3, r3, #112	@ 0x70
100012de:	f003 037e 	and.w	r3, r3, #126	@ 0x7e
100012e2:	f504 5281 	add.w	r2, r4, #4128	@ 0x1020
100012e6:	60d3      	str	r3, [r2, #12]
100012e8:	f240 3301 	movw	r3, #769	@ 0x301
100012ec:	6323      	str	r3, [r4, #48]	@ 0x30
100012ee:	2303      	movs	r3, #3
100012f0:	64a3      	str	r3, [r4, #72]	@ 0x48
100012f2:	bd38      	pop	{r3, r4, r5, pc}
100012f4:	221b      	movs	r2, #27
100012f6:	e7e0      	b.n	100012ba <uart_init+0x16>
100012f8:	40078000 	.word	0x40078000
100012fc:	40022000 	.word	0x40022000

10001300 <clock_configure_internal>:
10001300:	b570      	push	{r4, r5, r6, lr}
10001302:	4616      	mov	r6, r2
10001304:	9d04      	ldr	r5, [sp, #16]
10001306:	eb00 0c40 	add.w	ip, r0, r0, lsl #1
1000130a:	ea4f 0c8c 	mov.w	ip, ip, lsl #2
1000130e:	f10c 4c80 	add.w	ip, ip, #1073741824	@ 0x40000000
10001312:	f50c 3c80 	add.w	ip, ip, #65536	@ 0x10000
10001316:	f8dc 2004 	ldr.w	r2, [ip, #4]
1000131a:	42aa      	cmp	r2, r5
1000131c:	d201      	bcs.n	10001322 <clock_configure_internal+0x22>
1000131e:	f8cc 5004 	str.w	r5, [ip, #4]
10001322:	f1a0 0e04 	sub.w	lr, r0, #4
10001326:	fa5f fe8e 	uxtb.w	lr, lr
1000132a:	f1be 0f01 	cmp.w	lr, #1
1000132e:	d928      	bls.n	10001382 <clock_configure_internal+0x82>
10001330:	f50c 5240 	add.w	r2, ip, #12288	@ 0x3000
10001334:	f44f 6400 	mov.w	r4, #2048	@ 0x800
10001338:	6014      	str	r4, [r2, #0]
1000133a:	4a1e      	ldr	r2, [pc, #120]	@ (100013b4 <clock_configure_internal+0xb4>)
1000133c:	f852 2020 	ldr.w	r2, [r2, r0, lsl #2]
10001340:	b142      	cbz	r2, 10001354 <clock_configure_internal+0x54>
10001342:	4c1c      	ldr	r4, [pc, #112]	@ (100013b4 <clock_configure_internal+0xb4>)
10001344:	6964      	ldr	r4, [r4, #20]
10001346:	fbb4 f4f2 	udiv	r4, r4, r2
1000134a:	3401      	adds	r4, #1
1000134c:	eb04 0444 	add.w	r4, r4, r4, lsl #1
10001350:	3c03      	subs	r4, #3
10001352:	d2fd      	bcs.n	10001350 <clock_configure_internal+0x50>
10001354:	f8dc 2000 	ldr.w	r2, [ip]
10001358:	ea82 1246 	eor.w	r2, r2, r6, lsl #5
1000135c:	f002 02e0 	and.w	r2, r2, #224	@ 0xe0
10001360:	f50c 5480 	add.w	r4, ip, #4096	@ 0x1000
10001364:	6022      	str	r2, [r4, #0]
10001366:	f1be 0f01 	cmp.w	lr, #1
1000136a:	d916      	bls.n	1000139a <clock_configure_internal+0x9a>
1000136c:	f50c 5200 	add.w	r2, ip, #8192	@ 0x2000
10001370:	f44f 6100 	mov.w	r1, #2048	@ 0x800
10001374:	6011      	str	r1, [r2, #0]
10001376:	f8cc 5004 	str.w	r5, [ip, #4]
1000137a:	4a0e      	ldr	r2, [pc, #56]	@ (100013b4 <clock_configure_internal+0xb4>)
1000137c:	f842 3020 	str.w	r3, [r2, r0, lsl #2]
10001380:	bd70      	pop	{r4, r5, r6, pc}
10001382:	2901      	cmp	r1, #1
10001384:	d1d4      	bne.n	10001330 <clock_configure_internal+0x30>
10001386:	f50c 5240 	add.w	r2, ip, #12288	@ 0x3000
1000138a:	2403      	movs	r4, #3
1000138c:	6014      	str	r4, [r2, #0]
1000138e:	f8dc 2008 	ldr.w	r2, [ip, #8]
10001392:	f012 0f01 	tst.w	r2, #1
10001396:	d0fa      	beq.n	1000138e <clock_configure_internal+0x8e>
10001398:	e7dc      	b.n	10001354 <clock_configure_internal+0x54>
1000139a:	f8dc 2000 	ldr.w	r2, [ip]
1000139e:	404a      	eors	r2, r1
100013a0:	f002 0203 	and.w	r2, r2, #3
100013a4:	6022      	str	r2, [r4, #0]
100013a6:	f8dc 4008 	ldr.w	r4, [ip, #8]
100013aa:	2201      	movs	r2, #1
100013ac:	408a      	lsls	r2, r1
100013ae:	4214      	tst	r4, r2
100013b0:	d0f9      	beq.n	100013a6 <clock_configure_internal+0xa6>
100013b2:	e7db      	b.n	1000136c <clock_configure_internal+0x6c>
100013b4:	200009a4 	.word	0x200009a4

100013b8 <clock_configure_undivided>:
100013b8:	b510      	push	{r4, lr}
100013ba:	b082      	sub	sp, #8
100013bc:	f44f 3480 	mov.w	r4, #65536	@ 0x10000
100013c0:	9400      	str	r4, [sp, #0]
100013c2:	f7ff ff9d 	bl	10001300 <clock_configure_internal>
100013c6:	b002      	add	sp, #8
100013c8:	bd10      	pop	{r4, pc}
	...

100013cc <clock_get_hz>:
100013cc:	4b01      	ldr	r3, [pc, #4]	@ (100013d4 <clock_get_hz+0x8>)
100013ce:	f853 0020 	ldr.w	r0, [r3, r0, lsl #2]
100013d2:	4770      	bx	lr
100013d4:	200009a4 	.word	0x200009a4

100013d8 <pll_init>:
100013d8:	b570      	push	{r4, r5, r6, lr}
100013da:	9c04      	ldr	r4, [sp, #16]
100013dc:	4d34      	ldr	r5, [pc, #208]	@ (100014b0 <pll_init+0xd8>)
100013de:	fbb5 fcf1 	udiv	ip, r5, r1
100013e2:	4d34      	ldr	r5, [pc, #208]	@ (100014b4 <pll_init+0xdc>)
100013e4:	4415      	add	r5, r2
100013e6:	4e34      	ldr	r6, [pc, #208]	@ (100014b8 <pll_init+0xe0>)
100013e8:	42b5      	cmp	r5, r6
100013ea:	d837      	bhi.n	1000145c <pll_init+0x84>
100013ec:	fbb2 f5fc 	udiv	r5, r2, ip
100013f0:	f1a5 0e10 	sub.w	lr, r5, #16
100013f4:	f5be 7f98 	cmp.w	lr, #304	@ 0x130
100013f8:	d836      	bhi.n	10001468 <pll_init+0x90>
100013fa:	f103 3eff 	add.w	lr, r3, #4294967295	@ 0xffffffff
100013fe:	f1be 0f06 	cmp.w	lr, #6
10001402:	d837      	bhi.n	10001474 <pll_init+0x9c>
10001404:	f104 3eff 	add.w	lr, r4, #4294967295	@ 0xffffffff
10001408:	f1be 0f06 	cmp.w	lr, #6
1000140c:	d832      	bhi.n	10001474 <pll_init+0x9c>
1000140e:	ebbc 1f12 	cmp.w	ip, r2, lsr #4
10001412:	d835      	bhi.n	10001480 <pll_init+0xa8>
10001414:	0324      	lsls	r4, r4, #12
10001416:	ea44 4403 	orr.w	r4, r4, r3, lsl #16
1000141a:	6803      	ldr	r3, [r0, #0]
1000141c:	2b00      	cmp	r3, #0
1000141e:	db35      	blt.n	1000148c <pll_init+0xb4>
10001420:	4b26      	ldr	r3, [pc, #152]	@ (100014bc <pll_init+0xe4>)
10001422:	4298      	cmp	r0, r3
10001424:	d042      	beq.n	100014ac <pll_init+0xd4>
10001426:	230e      	movs	r3, #14
10001428:	2201      	movs	r2, #1
1000142a:	409a      	lsls	r2, r3
1000142c:	4b24      	ldr	r3, [pc, #144]	@ (100014c0 <pll_init+0xe8>)
1000142e:	601a      	str	r2, [r3, #0]
10001430:	f503 5380 	add.w	r3, r3, #4096	@ 0x1000
10001434:	601a      	str	r2, [r3, #0]
10001436:	4b23      	ldr	r3, [pc, #140]	@ (100014c4 <pll_init+0xec>)
10001438:	689b      	ldr	r3, [r3, #8]
1000143a:	ea32 0303 	bics.w	r3, r2, r3
1000143e:	d1fa      	bne.n	10001436 <pll_init+0x5e>
10001440:	6001      	str	r1, [r0, #0]
10001442:	6085      	str	r5, [r0, #8]
10001444:	f500 5240 	add.w	r2, r0, #12288	@ 0x3000
10001448:	3204      	adds	r2, #4
1000144a:	2321      	movs	r3, #33	@ 0x21
1000144c:	6013      	str	r3, [r2, #0]
1000144e:	6803      	ldr	r3, [r0, #0]
10001450:	2b00      	cmp	r3, #0
10001452:	dafc      	bge.n	1000144e <pll_init+0x76>
10001454:	60c4      	str	r4, [r0, #12]
10001456:	2308      	movs	r3, #8
10001458:	6013      	str	r3, [r2, #0]
1000145a:	bd70      	pop	{r4, r5, r6, pc}
1000145c:	4b1a      	ldr	r3, [pc, #104]	@ (100014c8 <pll_init+0xf0>)
1000145e:	4a1b      	ldr	r2, [pc, #108]	@ (100014cc <pll_init+0xf4>)
10001460:	2111      	movs	r1, #17
10001462:	481b      	ldr	r0, [pc, #108]	@ (100014d0 <pll_init+0xf8>)
10001464:	f001 fbf8 	bl	10002c58 <__assert_func>
10001468:	4b1a      	ldr	r3, [pc, #104]	@ (100014d4 <pll_init+0xfc>)
1000146a:	4a18      	ldr	r2, [pc, #96]	@ (100014cc <pll_init+0xf4>)
1000146c:	2119      	movs	r1, #25
1000146e:	4818      	ldr	r0, [pc, #96]	@ (100014d0 <pll_init+0xf8>)
10001470:	f001 fbf2 	bl	10002c58 <__assert_func>
10001474:	4b18      	ldr	r3, [pc, #96]	@ (100014d8 <pll_init+0x100>)
10001476:	4a15      	ldr	r2, [pc, #84]	@ (100014cc <pll_init+0xf4>)
10001478:	211c      	movs	r1, #28
1000147a:	4815      	ldr	r0, [pc, #84]	@ (100014d0 <pll_init+0xf8>)
1000147c:	f001 fbec 	bl	10002c58 <__assert_func>
10001480:	4b16      	ldr	r3, [pc, #88]	@ (100014dc <pll_init+0x104>)
10001482:	4a12      	ldr	r2, [pc, #72]	@ (100014cc <pll_init+0xf4>)
10001484:	2123      	movs	r1, #35	@ 0x23
10001486:	4812      	ldr	r0, [pc, #72]	@ (100014d0 <pll_init+0xf8>)
10001488:	f001 fbe6 	bl	10002c58 <__assert_func>
1000148c:	6803      	ldr	r3, [r0, #0]
1000148e:	f003 033f 	and.w	r3, r3, #63	@ 0x3f
10001492:	428b      	cmp	r3, r1
10001494:	d1c4      	bne.n	10001420 <pll_init+0x48>
10001496:	6883      	ldr	r3, [r0, #8]
10001498:	f3c3 030b 	ubfx	r3, r3, #0, #12
1000149c:	42ab      	cmp	r3, r5
1000149e:	d1bf      	bne.n	10001420 <pll_init+0x48>
100014a0:	68c3      	ldr	r3, [r0, #12]
100014a2:	f403 23ee 	and.w	r3, r3, #487424	@ 0x77000
100014a6:	42a3      	cmp	r3, r4
100014a8:	d1ba      	bne.n	10001420 <pll_init+0x48>
100014aa:	e7d6      	b.n	1000145a <pll_init+0x82>
100014ac:	230f      	movs	r3, #15
100014ae:	e7bb      	b.n	10001428 <pll_init+0x50>
100014b0:	00b71b00 	.word	0x00b71b00
100014b4:	d34be880 	.word	0xd34be880
100014b8:	32a9f880 	.word	0x32a9f880
100014bc:	40058000 	.word	0x40058000
100014c0:	40022000 	.word	0x40022000
100014c4:	40020000 	.word	0x40020000
100014c8:	100036d4 	.word	0x100036d4
100014cc:	10003980 	.word	0x10003980
100014d0:	10003724 	.word	0x10003724
100014d4:	1000375c 	.word	0x1000375c
100014d8:	10003778 	.word	0x10003778
100014dc:	100037c4 	.word	0x100037c4

100014e0 <tick_start>:
100014e0:	4a05      	ldr	r2, [pc, #20]	@ (100014f8 <tick_start+0x18>)
100014e2:	eb00 0340 	add.w	r3, r0, r0, lsl #1
100014e6:	eb02 0383 	add.w	r3, r2, r3, lsl #2
100014ea:	6059      	str	r1, [r3, #4]
100014ec:	eb00 0040 	add.w	r0, r0, r0, lsl #1
100014f0:	0080      	lsls	r0, r0, #2
100014f2:	2301      	movs	r3, #1
100014f4:	5013      	str	r3, [r2, r0]
100014f6:	4770      	bx	lr
100014f8:	40108000 	.word	0x40108000

100014fc <rom_func_lookup>:
100014fc:	b508      	push	{r3, lr}
100014fe:	2300      	movs	r3, #0
10001500:	8adb      	ldrh	r3, [r3, #22]
10001502:	2200      	movs	r2, #0
10001504:	e842 f200 	tt	r2, r2
10001508:	f412 0f80 	tst.w	r2, #4194304	@ 0x400000
1000150c:	d102      	bne.n	10001514 <rom_func_lookup+0x18>
1000150e:	2110      	movs	r1, #16
10001510:	4798      	blx	r3
10001512:	bd08      	pop	{r3, pc}
10001514:	2104      	movs	r1, #4
10001516:	4798      	blx	r3
10001518:	e7fb      	b.n	10001512 <rom_func_lookup+0x16>
	...

1000151c <runtime_init_bootrom_locking_enable>:
1000151c:	4b03      	ldr	r3, [pc, #12]	@ (1000152c <runtime_init_bootrom_locking_enable+0x10>)
1000151e:	f8d3 3828 	ldr.w	r3, [r3, #2088]	@ 0x828
10001522:	2b00      	cmp	r3, #0
10001524:	d0fa      	beq.n	1000151c <runtime_init_bootrom_locking_enable>
10001526:	f3bf 8f5f 	dmb	sy
1000152a:	4770      	bx	lr
1000152c:	400e0000 	.word	0x400e0000

10001530 <boot_locks_reset>:
10001530:	2200      	movs	r2, #0
10001532:	e007      	b.n	10001544 <boot_locks_reset+0x14>
10001534:	4b05      	ldr	r3, [pc, #20]	@ (1000154c <boot_locks_reset+0x1c>)
10001536:	4413      	add	r3, r2
10001538:	009b      	lsls	r3, r3, #2
1000153a:	f3bf 8f5f 	dmb	sy
1000153e:	2100      	movs	r1, #0
10001540:	6019      	str	r1, [r3, #0]
10001542:	3201      	adds	r2, #1
10001544:	2a07      	cmp	r2, #7
10001546:	d9f5      	bls.n	10001534 <boot_locks_reset+0x4>
10001548:	4770      	bx	lr
1000154a:	bf00      	nop
1000154c:	10038203 	.word	0x10038203

10001550 <runtime_init_boot_locks_reset>:
10001550:	b508      	push	{r3, lr}
10001552:	f7ff ffed 	bl	10001530 <boot_locks_reset>
10001556:	bd08      	pop	{r3, pc}

10001558 <xosc_init>:
10001558:	4b07      	ldr	r3, [pc, #28]	@ (10001578 <xosc_init+0x20>)
1000155a:	f44f 622a 	mov.w	r2, #2720	@ 0xaa0
1000155e:	601a      	str	r2, [r3, #0]
10001560:	f44f 728d 	mov.w	r2, #282	@ 0x11a
10001564:	60da      	str	r2, [r3, #12]
10001566:	f503 5300 	add.w	r3, r3, #8192	@ 0x2000
1000156a:	4a04      	ldr	r2, [pc, #16]	@ (1000157c <xosc_init+0x24>)
1000156c:	601a      	str	r2, [r3, #0]
1000156e:	4b02      	ldr	r3, [pc, #8]	@ (10001578 <xosc_init+0x20>)
10001570:	685b      	ldr	r3, [r3, #4]
10001572:	2b00      	cmp	r3, #0
10001574:	dafb      	bge.n	1000156e <xosc_init+0x16>
10001576:	4770      	bx	lr
10001578:	40048000 	.word	0x40048000
1000157c:	00fab000 	.word	0x00fab000

10001580 <runtime_run_initializers_from>:
10001580:	b510      	push	{r4, lr}
10001582:	4604      	mov	r4, r0
10001584:	e002      	b.n	1000158c <runtime_run_initializers_from+0xc>
10001586:	f854 3b04 	ldr.w	r3, [r4], #4
1000158a:	4798      	blx	r3
1000158c:	4b01      	ldr	r3, [pc, #4]	@ (10001594 <runtime_run_initializers_from+0x14>)
1000158e:	429c      	cmp	r4, r3
10001590:	d3f9      	bcc.n	10001586 <runtime_run_initializers_from+0x6>
10001592:	bd10      	pop	{r4, pc}
10001594:	100033d8 	.word	0x100033d8

10001598 <first_per_core_initializer>:
10001598:	4770      	bx	lr
	...

1000159c <runtime_run_initializers>:
1000159c:	b508      	push	{r3, lr}
1000159e:	4802      	ldr	r0, [pc, #8]	@ (100015a8 <runtime_run_initializers+0xc>)
100015a0:	f7ff ffee 	bl	10001580 <runtime_run_initializers_from>
100015a4:	bd08      	pop	{r3, pc}
100015a6:	bf00      	nop
100015a8:	10003398 	.word	0x10003398

100015ac <runtime_init_early_resets>:
100015ac:	4b06      	ldr	r3, [pc, #24]	@ (100015c8 <runtime_init_early_resets+0x1c>)
100015ae:	4a07      	ldr	r2, [pc, #28]	@ (100015cc <runtime_init_early_resets+0x20>)
100015b0:	601a      	str	r2, [r3, #0]
100015b2:	f503 5380 	add.w	r3, r3, #4096	@ 0x1000
100015b6:	4a06      	ldr	r2, [pc, #24]	@ (100015d0 <runtime_init_early_resets+0x24>)
100015b8:	601a      	str	r2, [r3, #0]
100015ba:	4b06      	ldr	r3, [pc, #24]	@ (100015d4 <runtime_init_early_resets+0x28>)
100015bc:	689a      	ldr	r2, [r3, #8]
100015be:	4b04      	ldr	r3, [pc, #16]	@ (100015d0 <runtime_init_early_resets+0x24>)
100015c0:	4393      	bics	r3, r2
100015c2:	d1fa      	bne.n	100015ba <runtime_init_early_resets+0xe>
100015c4:	4770      	bx	lr
100015c6:	bf00      	nop
100015c8:	40022000 	.word	0x40022000
100015cc:	efef3b7f 	.word	0xefef3b7f
100015d0:	03f3fff6 	.word	0x03f3fff6
100015d4:	40020000 	.word	0x40020000

100015d8 <runtime_init_usb_power_down>:
100015d8:	4b05      	ldr	r3, [pc, #20]	@ (100015f0 <runtime_init_usb_power_down+0x18>)
100015da:	6cdb      	ldr	r3, [r3, #76]	@ 0x4c
100015dc:	f5b3 4f00 	cmp.w	r3, #32768	@ 0x8000
100015e0:	d000      	beq.n	100015e4 <runtime_init_usb_power_down+0xc>
100015e2:	4770      	bx	lr
100015e4:	4b03      	ldr	r3, [pc, #12]	@ (100015f4 <runtime_init_usb_power_down+0x1c>)
100015e6:	f44f 2280 	mov.w	r2, #262144	@ 0x40000
100015ea:	64da      	str	r2, [r3, #76]	@ 0x4c
100015ec:	e7f9      	b.n	100015e2 <runtime_init_usb_power_down+0xa>
100015ee:	bf00      	nop
100015f0:	50110000 	.word	0x50110000
100015f4:	50112000 	.word	0x50112000

100015f8 <runtime_init_per_core_enable_coprocessors>:
100015f8:	f04f 22e0 	mov.w	r2, #3758153728	@ 0xe000e000
100015fc:	f8d2 1d88 	ldr.w	r1, [r2, #3464]	@ 0xd88
10001600:	4b03      	ldr	r3, [pc, #12]	@ (10001610 <runtime_init_per_core_enable_coprocessors+0x18>)
10001602:	430b      	orrs	r3, r1
10001604:	f8c2 3d88 	str.w	r3, [r2, #3464]	@ 0xd88
10001608:	ee10 0430 	dcp_rcmp r0
1000160c:	4770      	bx	lr
1000160e:	bf00      	nop
10001610:	00300303 	.word	0x00300303

10001614 <runtime_init_post_clock_resets>:
10001614:	4b05      	ldr	r3, [pc, #20]	@ (1000162c <runtime_init_post_clock_resets+0x18>)
10001616:	f06f 4260 	mvn.w	r2, #3758096384	@ 0xe0000000
1000161a:	601a      	str	r2, [r3, #0]
1000161c:	4b04      	ldr	r3, [pc, #16]	@ (10001630 <runtime_init_post_clock_resets+0x1c>)
1000161e:	689b      	ldr	r3, [r3, #8]
10001620:	43db      	mvns	r3, r3
10001622:	f033 4360 	bics.w	r3, r3, #3758096384	@ 0xe0000000
10001626:	d1f9      	bne.n	1000161c <runtime_init_post_clock_resets+0x8>
10001628:	4770      	bx	lr
1000162a:	bf00      	nop
1000162c:	40023000 	.word	0x40023000
10001630:	40020000 	.word	0x40020000

10001634 <runtime_init_bootrom_reset>:
10001634:	b508      	push	{r3, lr}
10001636:	f245 2053 	movw	r0, #21075	@ 0x5253
1000163a:	f7ff ff5f 	bl	100014fc <rom_func_lookup>
1000163e:	4603      	mov	r3, r0
10001640:	2004      	movs	r0, #4
10001642:	4798      	blx	r3
10001644:	bd08      	pop	{r3, pc}

10001646 <runtime_init_per_core_bootrom_reset>:
10001646:	b508      	push	{r3, lr}
10001648:	f245 2053 	movw	r0, #21075	@ 0x5253
1000164c:	f7ff ff56 	bl	100014fc <rom_func_lookup>
10001650:	4603      	mov	r3, r0
10001652:	2001      	movs	r0, #1
10001654:	4798      	blx	r3
10001656:	bd08      	pop	{r3, pc}

10001658 <runtime_init_spin_locks_reset>:
10001658:	b508      	push	{r3, lr}
1000165a:	f7fe febf 	bl	100003dc <spin_locks_reset>
1000165e:	bd08      	pop	{r3, pc}

10001660 <runtime_init_install_ram_vector_table>:
10001660:	b510      	push	{r4, lr}
10001662:	490c      	ldr	r1, [pc, #48]	@ (10001694 <runtime_init_install_ram_vector_table+0x34>)
10001664:	4a0c      	ldr	r2, [pc, #48]	@ (10001698 <runtime_init_install_ram_vector_table+0x38>)
10001666:	1a52      	subs	r2, r2, r1
10001668:	1092      	asrs	r2, r2, #2
1000166a:	4614      	mov	r4, r2
1000166c:	2a44      	cmp	r2, #68	@ 0x44
1000166e:	bf28      	it	cs
10001670:	2244      	movcs	r2, #68	@ 0x44
10001672:	0092      	lsls	r2, r2, #2
10001674:	4809      	ldr	r0, [pc, #36]	@ (1000169c <runtime_init_install_ram_vector_table+0x3c>)
10001676:	f001 fd85 	bl	10003184 <memcpy>
1000167a:	e004      	b.n	10001686 <runtime_init_install_ram_vector_table+0x26>
1000167c:	4a08      	ldr	r2, [pc, #32]	@ (100016a0 <runtime_init_install_ram_vector_table+0x40>)
1000167e:	4b07      	ldr	r3, [pc, #28]	@ (1000169c <runtime_init_install_ram_vector_table+0x3c>)
10001680:	f843 2024 	str.w	r2, [r3, r4, lsl #2]
10001684:	3401      	adds	r4, #1
10001686:	2c43      	cmp	r4, #67	@ 0x43
10001688:	d9f8      	bls.n	1000167c <runtime_init_install_ram_vector_table+0x1c>
1000168a:	4a04      	ldr	r2, [pc, #16]	@ (1000169c <runtime_init_install_ram_vector_table+0x3c>)
1000168c:	4b05      	ldr	r3, [pc, #20]	@ (100016a4 <runtime_init_install_ram_vector_table+0x44>)
1000168e:	609a      	str	r2, [r3, #8]
10001690:	bd10      	pop	{r4, pc}
10001692:	bf00      	nop
10001694:	10000000 	.word	0x10000000
10001698:	10000110 	.word	0x10000110
1000169c:	20000000 	.word	0x20000000
100016a0:	10000111 	.word	0x10000111
100016a4:	e000ed00 	.word	0xe000ed00

100016a8 <start_all_ticks>:
100016a8:	b538      	push	{r3, r4, r5, lr}
100016aa:	2004      	movs	r0, #4
100016ac:	f7ff fe8e 	bl	100013cc <clock_get_hz>
100016b0:	4b06      	ldr	r3, [pc, #24]	@ (100016cc <start_all_ticks+0x24>)
100016b2:	fba3 3500 	umull	r3, r5, r3, r0
100016b6:	0cad      	lsrs	r5, r5, #18
100016b8:	2400      	movs	r4, #0
100016ba:	e004      	b.n	100016c6 <start_all_ticks+0x1e>
100016bc:	4629      	mov	r1, r5
100016be:	b2e0      	uxtb	r0, r4
100016c0:	f7ff ff0e 	bl	100014e0 <tick_start>
100016c4:	3401      	adds	r4, #1
100016c6:	2c05      	cmp	r4, #5
100016c8:	ddf8      	ble.n	100016bc <start_all_ticks+0x14>
100016ca:	bd38      	pop	{r3, r4, r5, pc}
100016cc:	431bde83 	.word	0x431bde83

100016d0 <runtime_init_clocks>:
100016d0:	b530      	push	{r4, r5, lr}
100016d2:	b083      	sub	sp, #12
100016d4:	4b26      	ldr	r3, [pc, #152]	@ (10001770 <runtime_init_clocks+0xa0>)
100016d6:	2200      	movs	r2, #0
100016d8:	f8c3 2084 	str.w	r2, [r3, #132]	@ 0x84
100016dc:	f7ff ff3c 	bl	10001558 <xosc_init>
100016e0:	4b24      	ldr	r3, [pc, #144]	@ (10001774 <runtime_init_clocks+0xa4>)
100016e2:	2201      	movs	r2, #1
100016e4:	63da      	str	r2, [r3, #60]	@ 0x3c
100016e6:	4b22      	ldr	r3, [pc, #136]	@ (10001770 <runtime_init_clocks+0xa0>)
100016e8:	6c5b      	ldr	r3, [r3, #68]	@ 0x44
100016ea:	2b01      	cmp	r3, #1
100016ec:	d1fb      	bne.n	100016e6 <runtime_init_clocks+0x16>
100016ee:	4b21      	ldr	r3, [pc, #132]	@ (10001774 <runtime_init_clocks+0xa4>)
100016f0:	2203      	movs	r2, #3
100016f2:	631a      	str	r2, [r3, #48]	@ 0x30
100016f4:	4b1e      	ldr	r3, [pc, #120]	@ (10001770 <runtime_init_clocks+0xa0>)
100016f6:	6b9b      	ldr	r3, [r3, #56]	@ 0x38
100016f8:	2b01      	cmp	r3, #1
100016fa:	d1fb      	bne.n	100016f4 <runtime_init_clocks+0x24>
100016fc:	2402      	movs	r4, #2
100016fe:	9400      	str	r4, [sp, #0]
10001700:	2305      	movs	r3, #5
10001702:	4a1d      	ldr	r2, [pc, #116]	@ (10001778 <runtime_init_clocks+0xa8>)
10001704:	2101      	movs	r1, #1
10001706:	481d      	ldr	r0, [pc, #116]	@ (1000177c <runtime_init_clocks+0xac>)
10001708:	f7ff fe66 	bl	100013d8 <pll_init>
1000170c:	2505      	movs	r5, #5
1000170e:	9500      	str	r5, [sp, #0]
10001710:	462b      	mov	r3, r5
10001712:	4a1b      	ldr	r2, [pc, #108]	@ (10001780 <runtime_init_clocks+0xb0>)
10001714:	2101      	movs	r1, #1
10001716:	481b      	ldr	r0, [pc, #108]	@ (10001784 <runtime_init_clocks+0xb4>)
10001718:	f7ff fe5e 	bl	100013d8 <pll_init>
1000171c:	4b1a      	ldr	r3, [pc, #104]	@ (10001788 <runtime_init_clocks+0xb8>)
1000171e:	2200      	movs	r2, #0
10001720:	4621      	mov	r1, r4
10001722:	2004      	movs	r0, #4
10001724:	f7ff fe48 	bl	100013b8 <clock_configure_undivided>
10001728:	4c18      	ldr	r4, [pc, #96]	@ (1000178c <runtime_init_clocks+0xbc>)
1000172a:	4623      	mov	r3, r4
1000172c:	2200      	movs	r2, #0
1000172e:	2101      	movs	r1, #1
10001730:	4628      	mov	r0, r5
10001732:	f7ff fe41 	bl	100013b8 <clock_configure_undivided>
10001736:	4d16      	ldr	r5, [pc, #88]	@ (10001790 <runtime_init_clocks+0xc0>)
10001738:	462b      	mov	r3, r5
1000173a:	2200      	movs	r2, #0
1000173c:	4611      	mov	r1, r2
1000173e:	2008      	movs	r0, #8
10001740:	f7ff fe3a 	bl	100013b8 <clock_configure_undivided>
10001744:	462b      	mov	r3, r5
10001746:	2200      	movs	r2, #0
10001748:	4611      	mov	r1, r2
1000174a:	2009      	movs	r0, #9
1000174c:	f7ff fe34 	bl	100013b8 <clock_configure_undivided>
10001750:	4623      	mov	r3, r4
10001752:	2200      	movs	r2, #0
10001754:	4611      	mov	r1, r2
10001756:	2006      	movs	r0, #6
10001758:	f7ff fe2e 	bl	100013b8 <clock_configure_undivided>
1000175c:	4623      	mov	r3, r4
1000175e:	2200      	movs	r2, #0
10001760:	4611      	mov	r1, r2
10001762:	2007      	movs	r0, #7
10001764:	f7ff fe28 	bl	100013b8 <clock_configure_undivided>
10001768:	f7ff ff9e 	bl	100016a8 <start_all_ticks>
1000176c:	b003      	add	sp, #12
1000176e:	bd30      	pop	{r4, r5, pc}
10001770:	40010000 	.word	0x40010000
10001774:	40013000 	.word	0x40013000
10001778:	59682f00 	.word	0x59682f00
1000177c:	40050000 	.word	0x40050000
10001780:	47868c00 	.word	0x47868c00
10001784:	40058000 	.word	0x40058000
10001788:	00b71b00 	.word	0x00b71b00
1000178c:	08f0d180 	.word	0x08f0d180
10001790:	02dc6c00 	.word	0x02dc6c00

10001794 <generic_save_state>:
10001794:	b086      	sub	sp, #24
10001796:	b403      	push	{r0, r1}
10001798:	fc51 0408 	dcp_pxmd r0, r1
1000179c:	e9cd 0102 	strd	r0, r1, [sp, #8]
100017a0:	fc51 0409 	dcp_pymd r0, r1
100017a4:	e9cd 0104 	strd	r0, r1, [sp, #16]
100017a8:	ec51 040a 	dcp_refd r0, r1
100017ac:	e9cd 0106 	strd	r0, r1, [sp, #24]
100017b0:	bc03      	pop	{r0, r1}
100017b2:	47f0      	blx	lr

100017b4 <generic_restore_state>:
100017b4:	e8bd 5000 	ldmia.w	sp!, {ip, lr}
100017b8:	ec4e c400 	dcp_wxmd ip, lr
100017bc:	e8bd 5000 	ldmia.w	sp!, {ip, lr}
100017c0:	ec4e c401 	dcp_wymd ip, lr
100017c4:	e8bd 5000 	ldmia.w	sp!, {ip, lr}
100017c8:	ec4e c402 	dcp_wefd ip, lr
100017cc:	bd00      	pop	{pc}
100017ce:	0000      	movs	r0, r0
100017d0:	b500      	push	{lr}
100017d2:	f7ff ffdf 	bl	10001794 <generic_save_state>
100017d6:	e002      	b.n	100017de <__wrap___aeabi_dadd+0x6>

100017d8 <__wrap___aeabi_dadd>:
100017d8:	fe10 f430 	dcp_pcmp APSR_nzcv
100017dc:	d4f8      	bmi.n	100017d0 <generic_restore_state+0x1c>
100017de:	ec41 0410 	dcp_wxup r0, r1
100017e2:	ec43 2411 	dcp_wyup r2, r3
100017e6:	ee00 0401 	dcp_add0
100017ea:	ee10 0401 	dcp_add1
100017ee:	ee80 0420 	dcp_nrdd
100017f2:	ec51 0410 	dcp_rdda r0, r1
100017f6:	4770      	bx	lr
100017f8:	b500      	push	{lr}
100017fa:	f7ff ffcb 	bl	10001794 <generic_save_state>
100017fe:	e002      	b.n	10001806 <__wrap___aeabi_dsub+0x6>

10001800 <__wrap___aeabi_dsub>:
10001800:	fe10 f430 	dcp_pcmp APSR_nzcv
10001804:	d4f8      	bmi.n	100017f8 <__wrap___aeabi_dadd+0x20>
10001806:	ec41 0410 	dcp_wxup r0, r1
1000180a:	ec43 2411 	dcp_wyup r2, r3
1000180e:	ee00 0401 	dcp_add0
10001812:	ee10 0421 	dcp_sub1
10001816:	ee80 0420 	dcp_nrdd
1000181a:	ec51 0430 	dcp_rdds r0, r1
1000181e:	4770      	bx	lr
10001820:	b500      	push	{lr}
10001822:	f7ff ffb7 	bl	10001794 <generic_save_state>
10001826:	e002      	b.n	1000182e <__wrap___aeabi_dmul+0x6>

10001828 <__wrap___aeabi_dmul>:
10001828:	fe10 f430 	dcp_pcmp APSR_nzcv
1000182c:	d4f8      	bmi.n	10001820 <__wrap___aeabi_dsub+0x20>
1000182e:	b510      	push	{r4, lr}
10001830:	ec41 0410 	dcp_wxup r0, r1
10001834:	ec43 2411 	dcp_wyup r2, r3
10001838:	ec51 0404 	dcp_rxms r0, r1, #0x0
1000183c:	ec53 2405 	dcp_ryms r2, r3, #0x0
10001840:	fba0 4c02 	umull	r4, ip, r0, r2
10001844:	f05f 0e00 	movs.w	lr, #0
10001848:	fbe0 ce03 	umlal	ip, lr, r0, r3
1000184c:	fbe1 ce02 	umlal	ip, lr, r1, r2
10001850:	ec4c 4420 	dcp_wxms r4, ip
10001854:	2400      	movs	r4, #0
10001856:	fbe1 e403 	umlal	lr, r4, r1, r3
1000185a:	ec44 e430 	dcp_wxmo lr, r4
1000185e:	ee80 0420 	dcp_nrdd
10001862:	ec51 0450 	dcp_rddm r0, r1
10001866:	e8bd 4010 	ldmia.w	sp!, {r4, lr}
1000186a:	4770      	bx	lr
1000186c:	b500      	push	{lr}
1000186e:	f7ff ff91 	bl	10001794 <generic_save_state>
10001872:	e002      	b.n	1000187a <__wrap___aeabi_ddiv+0x6>

10001874 <__wrap___aeabi_ddiv>:
10001874:	fe10 f430 	dcp_pcmp APSR_nzcv
10001878:	d4f8      	bmi.n	1000186c <__wrap___aeabi_dmul+0x44>
1000187a:	ec41 0410 	dcp_wxup r0, r1
1000187e:	ec43 2411 	dcp_wyup r2, r3
10001882:	ec51 0421 	dcp_rymr r0, r1
10001886:	fba0 1201 	umull	r1, r2, r0, r1
1000188a:	ea6f 0282 	mvn.w	r2, r2, lsl #2
1000188e:	fb52 0010 	smmlar	r0, r2, r0, r0
10001892:	fb52 f212 	smmulr	r2, r2, r2
10001896:	fb52 0010 	smmlar	r0, r2, r0, r0
1000189a:	eba0 7cd0 	sub.w	ip, r0, r0, lsr #31
1000189e:	ec53 2404 	dcp_rxms r2, r3, #0x0
100018a2:	fb5c f113 	smmulr	r1, ip, r3
100018a6:	ec53 2415 	dcp_ryms r2, r3, #0x1
100018aa:	fba1 2002 	umull	r2, r0, r1, r2
100018ae:	fb01 0003 	mla	r0, r1, r3, r0
100018b2:	ec53 2444 	dcp_rxms r2, r3, #0x4
100018b6:	eba2 0000 	sub.w	r0, r2, r0
100018ba:	fb50 f21c 	smmulr	r2, r0, ip
100018be:	ea4f 1311 	mov.w	r3, r1, lsr #4
100018c2:	eb12 7001 	adds.w	r0, r2, r1, lsl #28
100018c6:	eb43 71e2 	adc.w	r1, r3, r2, asr #31
100018ca:	ea40 5051 	orr.w	r0, r0, r1, lsr #21
100018ce:	ea20 5091 	bic.w	r0, r0, r1, lsr #22
100018d2:	f020 0007 	bic.w	r0, r0, #7
100018d6:	ec53 2475 	dcp_ryms r2, r3, #0x7
100018da:	fba0 3c02 	umull	r3, ip, r0, r2
100018de:	ec53 2475 	dcp_ryms r2, r3, #0x7
100018e2:	fb00 cc03 	mla	ip, r0, r3, ip
100018e6:	fb01 cc02 	mla	ip, r1, r2, ip
100018ea:	ec53 2404 	dcp_rxms r2, r3, #0x0
100018ee:	ebac 4c82 	sub.w	ip, ip, r2, lsl #18
100018f2:	ea40 705c 	orr.w	r0, r0, ip, lsr #29
100018f6:	f1a0 0001 	sub.w	r0, r0, #1
100018fa:	ec41 0440 	dcp_wxdd r0, r1
100018fe:	ee80 0420 	dcp_nrdd
10001902:	ec51 0470 	dcp_rddd r0, r1
10001906:	4770      	bx	lr
10001908:	b500      	push	{lr}
1000190a:	f7ff ff43 	bl	10001794 <generic_save_state>
1000190e:	e002      	b.n	10001916 <__wrap___aeabi_i2d+0x6>

10001910 <__wrap___aeabi_i2d>:
10001910:	fe10 f430 	dcp_pcmp APSR_nzcv
10001914:	d4f8      	bmi.n	10001908 <__wrap___aeabi_ddiv+0x94>
10001916:	ec40 0470 	dcp_wxic r0, r0
1000191a:	ee00 0401 	dcp_add0
1000191e:	ee10 0421 	dcp_sub1
10001922:	ee80 0420 	dcp_nrdd
10001926:	ec51 0430 	dcp_rdds r0, r1
1000192a:	4770      	bx	lr
1000192c:	b500      	push	{lr}
1000192e:	f7ff ff31 	bl	10001794 <generic_save_state>
10001932:	e002      	b.n	1000193a <__wrap___aeabi_ui2d+0x6>

10001934 <__wrap___aeabi_ui2d>:
10001934:	fe10 f430 	dcp_pcmp APSR_nzcv
10001938:	d4f8      	bmi.n	1000192c <__wrap___aeabi_i2d+0x1c>
1000193a:	ec40 0460 	dcp_wxuc r0, r0
1000193e:	ee00 0401 	dcp_add0
10001942:	ee10 0421 	dcp_sub1
10001946:	ee80 0420 	dcp_nrdd
1000194a:	ec51 0430 	dcp_rdds r0, r1
1000194e:	4770      	bx	lr
10001950:	b500      	push	{lr}
10001952:	f7ff ff1f 	bl	10001794 <generic_save_state>
10001956:	e002      	b.n	1000195e <double2int_z_entry>

10001958 <__wrap___aeabi_d2iz>:
10001958:	fe10 f430 	dcp_pcmp APSR_nzcv
1000195c:	d4f8      	bmi.n	10001950 <__wrap___aeabi_ui2d+0x1c>

1000195e <double2int_z_entry>:
1000195e:	ec41 0480 	dcp_wxdc r0, r1
10001962:	ee00 0401 	dcp_add0
10001966:	ee10 0401 	dcp_add1
1000196a:	ee80 0440 	dcp_ntdc
1000196e:	ee10 0413 	dcp_rdic r0
10001972:	4770      	bx	lr
10001974:	b500      	push	{lr}
10001976:	f7ff ff0d 	bl	10001794 <generic_save_state>
1000197a:	e002      	b.n	10001982 <double2uint_z_entry>

1000197c <__wrap___aeabi_d2uiz>:
1000197c:	fe10 f430 	dcp_pcmp APSR_nzcv
10001980:	d4f8      	bmi.n	10001974 <double2int_z_entry+0x16>

10001982 <double2uint_z_entry>:
10001982:	ec41 0480 	dcp_wxdc r0, r1
10001986:	ee00 0401 	dcp_add0
1000198a:	ee10 0401 	dcp_add1
1000198e:	ee80 0440 	dcp_ntdc
10001992:	ee10 0433 	dcp_rduc r0
10001996:	4770      	bx	lr
10001998:	b500      	push	{lr}
1000199a:	f7ff fefb 	bl	10001794 <generic_save_state>
1000199e:	e002      	b.n	100019a6 <__wrap___aeabi_dcmpun+0x6>

100019a0 <__wrap___aeabi_dcmpun>:
100019a0:	fe10 f430 	dcp_pcmp APSR_nzcv
100019a4:	d4f8      	bmi.n	10001998 <double2uint_z_entry+0x16>
100019a6:	ec41 0410 	dcp_wxup r0, r1
100019aa:	ec43 2411 	dcp_wyup r2, r3
100019ae:	ee00 0401 	dcp_add0
100019b2:	ee10 0430 	dcp_rcmp r0
100019b6:	f3c0 7000 	ubfx	r0, r0, #28, #1
100019ba:	4770      	bx	lr
100019bc:	b500      	push	{lr}
100019be:	f7ff fee9 	bl	10001794 <generic_save_state>
100019c2:	e002      	b.n	100019ca <__wrap___aeabi_dcmplt+0x6>

100019c4 <__wrap___aeabi_dcmplt>:
100019c4:	fe10 f430 	dcp_pcmp APSR_nzcv
100019c8:	d4f8      	bmi.n	100019bc <__wrap___aeabi_dcmpun+0x1c>
100019ca:	ec43 2410 	dcp_wxup r2, r3
100019ce:	ec41 0411 	dcp_wyup r0, r1
100019d2:	ee00 0401 	dcp_add0
100019d6:	ee10 f430 	dcp_rcmp APSR_nzcv
100019da:	bf8c      	ite	hi
100019dc:	2001      	movhi	r0, #1
100019de:	2000      	movls	r0, #0
100019e0:	4770      	bx	lr
100019e2:	bf00      	nop
100019e4:	b500      	push	{lr}
100019e6:	f7ff fed5 	bl	10001794 <generic_save_state>
100019ea:	e002      	b.n	100019f2 <__wrap___aeabi_dcmple+0x6>

100019ec <__wrap___aeabi_dcmple>:
100019ec:	fe10 f430 	dcp_pcmp APSR_nzcv
100019f0:	d4f8      	bmi.n	100019e4 <__wrap___aeabi_dcmplt+0x20>
100019f2:	ec43 2410 	dcp_wxup r2, r3
100019f6:	ec41 0411 	dcp_wyup r0, r1
100019fa:	ee00 0401 	dcp_add0
100019fe:	ee10 f430 	dcp_rcmp APSR_nzcv
10001a02:	bf2c      	ite	cs
10001a04:	2001      	movcs	r0, #1
10001a06:	2000      	movcc	r0, #0
10001a08:	4770      	bx	lr
10001a0a:	bf00      	nop
10001a0c:	b500      	push	{lr}
10001a0e:	f7ff fec1 	bl	10001794 <generic_save_state>
10001a12:	e002      	b.n	10001a1a <__wrap___aeabi_dcmpge+0x6>

10001a14 <__wrap___aeabi_dcmpge>:
10001a14:	fe10 f430 	dcp_pcmp APSR_nzcv
10001a18:	d4f8      	bmi.n	10001a0c <__wrap___aeabi_dcmple+0x20>
10001a1a:	ec41 0410 	dcp_wxup r0, r1
10001a1e:	ec43 2411 	dcp_wyup r2, r3
10001a22:	ee00 0401 	dcp_add0
10001a26:	ee10 f430 	dcp_rcmp APSR_nzcv
10001a2a:	bf2c      	ite	cs
10001a2c:	2001      	movcs	r0, #1
10001a2e:	2000      	movcc	r0, #0
10001a30:	4770      	bx	lr
10001a32:	bf00      	nop
10001a34:	b500      	push	{lr}
10001a36:	f7ff fead 	bl	10001794 <generic_save_state>
10001a3a:	e002      	b.n	10001a42 <__wrap___aeabi_dcmpgt+0x6>

10001a3c <__wrap___aeabi_dcmpgt>:
10001a3c:	fe10 f430 	dcp_pcmp APSR_nzcv
10001a40:	d4f8      	bmi.n	10001a34 <__wrap___aeabi_dcmpge+0x20>
10001a42:	ec41 0410 	dcp_wxup r0, r1
10001a46:	ec43 2411 	dcp_wyup r2, r3
10001a4a:	ee00 0401 	dcp_add0
10001a4e:	ee10 f430 	dcp_rcmp APSR_nzcv
10001a52:	bf8c      	ite	hi
10001a54:	2001      	movhi	r0, #1
10001a56:	2000      	movls	r0, #0
10001a58:	4770      	bx	lr
10001a5a:	bf00      	nop

10001a5c <_out_null>:
10001a5c:	4770      	bx	lr

10001a5e <_out_fct>:
10001a5e:	b120      	cbz	r0, 10001a6a <_out_fct+0xc>
10001a60:	b508      	push	{r3, lr}
10001a62:	680a      	ldr	r2, [r1, #0]
10001a64:	6849      	ldr	r1, [r1, #4]
10001a66:	4790      	blx	r2
10001a68:	bd08      	pop	{r3, pc}
10001a6a:	4770      	bx	lr

10001a6c <_atoi>:
10001a6c:	4601      	mov	r1, r0
10001a6e:	2000      	movs	r0, #0
10001a70:	e008      	b.n	10001a84 <_atoi+0x18>
10001a72:	eb00 0080 	add.w	r0, r0, r0, lsl #2
10001a76:	1c53      	adds	r3, r2, #1
10001a78:	600b      	str	r3, [r1, #0]
10001a7a:	7813      	ldrb	r3, [r2, #0]
10001a7c:	eb03 0340 	add.w	r3, r3, r0, lsl #1
10001a80:	f1a3 0030 	sub.w	r0, r3, #48	@ 0x30
10001a84:	680a      	ldr	r2, [r1, #0]
10001a86:	7813      	ldrb	r3, [r2, #0]
10001a88:	3b30      	subs	r3, #48	@ 0x30
10001a8a:	b2db      	uxtb	r3, r3
10001a8c:	2b09      	cmp	r3, #9
10001a8e:	d9f0      	bls.n	10001a72 <_atoi+0x6>
10001a90:	4770      	bx	lr

10001a92 <_out_rev>:
10001a92:	e92d 4ff0 	stmdb	sp!, {r4, r5, r6, r7, r8, r9, sl, fp, lr}
10001a96:	b083      	sub	sp, #12
10001a98:	4605      	mov	r5, r0
10001a9a:	460e      	mov	r6, r1
10001a9c:	4693      	mov	fp, r2
10001a9e:	461f      	mov	r7, r3
10001aa0:	f8dd a030 	ldr.w	sl, [sp, #48]	@ 0x30
10001aa4:	9c0d      	ldr	r4, [sp, #52]	@ 0x34
10001aa6:	f8dd 9038 	ldr.w	r9, [sp, #56]	@ 0x38
10001aaa:	9b0f      	ldr	r3, [sp, #60]	@ 0x3c
10001aac:	f013 0f03 	tst.w	r3, #3
10001ab0:	d119      	bne.n	10001ae6 <_out_rev+0x54>
10001ab2:	46a0      	mov	r8, r4
10001ab4:	9201      	str	r2, [sp, #4]
10001ab6:	45c8      	cmp	r8, r9
10001ab8:	d209      	bcs.n	10001ace <_out_rev+0x3c>
10001aba:	f102 0b01 	add.w	fp, r2, #1
10001abe:	463b      	mov	r3, r7
10001ac0:	4631      	mov	r1, r6
10001ac2:	2020      	movs	r0, #32
10001ac4:	47a8      	blx	r5
10001ac6:	f108 0801 	add.w	r8, r8, #1
10001aca:	465a      	mov	r2, fp
10001acc:	e7f3      	b.n	10001ab6 <_out_rev+0x24>
10001ace:	f8dd b004 	ldr.w	fp, [sp, #4]
10001ad2:	e008      	b.n	10001ae6 <_out_rev+0x54>
10001ad4:	3c01      	subs	r4, #1
10001ad6:	f102 0801 	add.w	r8, r2, #1
10001ada:	463b      	mov	r3, r7
10001adc:	4631      	mov	r1, r6
10001ade:	f81a 0004 	ldrb.w	r0, [sl, r4]
10001ae2:	47a8      	blx	r5
10001ae4:	4642      	mov	r2, r8
10001ae6:	2c00      	cmp	r4, #0
10001ae8:	d1f4      	bne.n	10001ad4 <_out_rev+0x42>
10001aea:	9b0f      	ldr	r3, [sp, #60]	@ 0x3c
10001aec:	f013 0f02 	tst.w	r3, #2
10001af0:	d103      	bne.n	10001afa <_out_rev+0x68>
10001af2:	4610      	mov	r0, r2
10001af4:	b003      	add	sp, #12
10001af6:	e8bd 8ff0 	ldmia.w	sp!, {r4, r5, r6, r7, r8, r9, sl, fp, pc}
10001afa:	eba2 030b 	sub.w	r3, r2, fp
10001afe:	454b      	cmp	r3, r9
10001b00:	d2f7      	bcs.n	10001af2 <_out_rev+0x60>
10001b02:	1c54      	adds	r4, r2, #1
10001b04:	463b      	mov	r3, r7
10001b06:	4631      	mov	r1, r6
10001b08:	2020      	movs	r0, #32
10001b0a:	47a8      	blx	r5
10001b0c:	4622      	mov	r2, r4
10001b0e:	e7f4      	b.n	10001afa <_out_rev+0x68>

10001b10 <_ntoa_format>:
10001b10:	e92d 43f0 	stmdb	sp!, {r4, r5, r6, r7, r8, r9, lr}
10001b14:	b085      	sub	sp, #20
10001b16:	4699      	mov	r9, r3
10001b18:	9d0c      	ldr	r5, [sp, #48]	@ 0x30
10001b1a:	9c0d      	ldr	r4, [sp, #52]	@ 0x34
10001b1c:	f89d 8038 	ldrb.w	r8, [sp, #56]	@ 0x38
10001b20:	f8dd e040 	ldr.w	lr, [sp, #64]	@ 0x40
10001b24:	9f11      	ldr	r7, [sp, #68]	@ 0x44
10001b26:	9e12      	ldr	r6, [sp, #72]	@ 0x48
10001b28:	f016 0f02 	tst.w	r6, #2
10001b2c:	d121      	bne.n	10001b72 <_ntoa_format+0x62>
10001b2e:	b17f      	cbz	r7, 10001b50 <_ntoa_format+0x40>
10001b30:	f016 0f01 	tst.w	r6, #1
10001b34:	d00c      	beq.n	10001b50 <_ntoa_format+0x40>
10001b36:	f1b8 0f00 	cmp.w	r8, #0
10001b3a:	d102      	bne.n	10001b42 <_ntoa_format+0x32>
10001b3c:	f016 0f0c 	tst.w	r6, #12
10001b40:	d006      	beq.n	10001b50 <_ntoa_format+0x40>
10001b42:	3f01      	subs	r7, #1
10001b44:	e004      	b.n	10001b50 <_ntoa_format+0x40>
10001b46:	f04f 0c30 	mov.w	ip, #48	@ 0x30
10001b4a:	f805 c004 	strb.w	ip, [r5, r4]
10001b4e:	3401      	adds	r4, #1
10001b50:	4574      	cmp	r4, lr
10001b52:	d201      	bcs.n	10001b58 <_ntoa_format+0x48>
10001b54:	2c1f      	cmp	r4, #31
10001b56:	d9f6      	bls.n	10001b46 <_ntoa_format+0x36>
10001b58:	f016 0f01 	tst.w	r6, #1
10001b5c:	d009      	beq.n	10001b72 <_ntoa_format+0x62>
10001b5e:	42bc      	cmp	r4, r7
10001b60:	d207      	bcs.n	10001b72 <_ntoa_format+0x62>
10001b62:	2c1f      	cmp	r4, #31
10001b64:	d805      	bhi.n	10001b72 <_ntoa_format+0x62>
10001b66:	f04f 0c30 	mov.w	ip, #48	@ 0x30
10001b6a:	f805 c004 	strb.w	ip, [r5, r4]
10001b6e:	3401      	adds	r4, #1
10001b70:	e7f2      	b.n	10001b58 <_ntoa_format+0x48>
10001b72:	f016 0f10 	tst.w	r6, #16
10001b76:	d014      	beq.n	10001ba2 <_ntoa_format+0x92>
10001b78:	f416 6f80 	tst.w	r6, #1024	@ 0x400
10001b7c:	d104      	bne.n	10001b88 <_ntoa_format+0x78>
10001b7e:	b11c      	cbz	r4, 10001b88 <_ntoa_format+0x78>
10001b80:	4574      	cmp	r4, lr
10001b82:	d022      	beq.n	10001bca <_ntoa_format+0xba>
10001b84:	42bc      	cmp	r4, r7
10001b86:	d020      	beq.n	10001bca <_ntoa_format+0xba>
10001b88:	9b0f      	ldr	r3, [sp, #60]	@ 0x3c
10001b8a:	2b10      	cmp	r3, #16
10001b8c:	d036      	beq.n	10001bfc <_ntoa_format+0xec>
10001b8e:	9b0f      	ldr	r3, [sp, #60]	@ 0x3c
10001b90:	2b02      	cmp	r3, #2
10001b92:	d03e      	beq.n	10001c12 <_ntoa_format+0x102>
10001b94:	2c1f      	cmp	r4, #31
10001b96:	d80e      	bhi.n	10001bb6 <_ntoa_format+0xa6>
10001b98:	f04f 0c30 	mov.w	ip, #48	@ 0x30
10001b9c:	f805 c004 	strb.w	ip, [r5, r4]
10001ba0:	3401      	adds	r4, #1
10001ba2:	2c1f      	cmp	r4, #31
10001ba4:	d807      	bhi.n	10001bb6 <_ntoa_format+0xa6>
10001ba6:	f1b8 0f00 	cmp.w	r8, #0
10001baa:	d03a      	beq.n	10001c22 <_ntoa_format+0x112>
10001bac:	f04f 0c2d 	mov.w	ip, #45	@ 0x2d
10001bb0:	f805 c004 	strb.w	ip, [r5, r4]
10001bb4:	3401      	adds	r4, #1
10001bb6:	9603      	str	r6, [sp, #12]
10001bb8:	9702      	str	r7, [sp, #8]
10001bba:	9401      	str	r4, [sp, #4]
10001bbc:	9500      	str	r5, [sp, #0]
10001bbe:	464b      	mov	r3, r9
10001bc0:	f7ff ff67 	bl	10001a92 <_out_rev>
10001bc4:	b005      	add	sp, #20
10001bc6:	e8bd 83f0 	ldmia.w	sp!, {r4, r5, r6, r7, r8, r9, pc}
10001bca:	f1b4 0c01 	subs.w	ip, r4, #1
10001bce:	d013      	beq.n	10001bf8 <_ntoa_format+0xe8>
10001bd0:	9b0f      	ldr	r3, [sp, #60]	@ 0x3c
10001bd2:	2b10      	cmp	r3, #16
10001bd4:	d00e      	beq.n	10001bf4 <_ntoa_format+0xe4>
10001bd6:	4664      	mov	r4, ip
10001bd8:	9b0f      	ldr	r3, [sp, #60]	@ 0x3c
10001bda:	2b10      	cmp	r3, #16
10001bdc:	d1d7      	bne.n	10001b8e <_ntoa_format+0x7e>
10001bde:	f016 0f20 	tst.w	r6, #32
10001be2:	d0d4      	beq.n	10001b8e <_ntoa_format+0x7e>
10001be4:	2c1f      	cmp	r4, #31
10001be6:	d8d2      	bhi.n	10001b8e <_ntoa_format+0x7e>
10001be8:	f04f 0c58 	mov.w	ip, #88	@ 0x58
10001bec:	f805 c004 	strb.w	ip, [r5, r4]
10001bf0:	3401      	adds	r4, #1
10001bf2:	e7cf      	b.n	10001b94 <_ntoa_format+0x84>
10001bf4:	3c02      	subs	r4, #2
10001bf6:	e7c7      	b.n	10001b88 <_ntoa_format+0x78>
10001bf8:	4664      	mov	r4, ip
10001bfa:	e7c5      	b.n	10001b88 <_ntoa_format+0x78>
10001bfc:	f016 0f20 	tst.w	r6, #32
10001c00:	d1ea      	bne.n	10001bd8 <_ntoa_format+0xc8>
10001c02:	2c1f      	cmp	r4, #31
10001c04:	d8e8      	bhi.n	10001bd8 <_ntoa_format+0xc8>
10001c06:	f04f 0c78 	mov.w	ip, #120	@ 0x78
10001c0a:	f805 c004 	strb.w	ip, [r5, r4]
10001c0e:	3401      	adds	r4, #1
10001c10:	e7c0      	b.n	10001b94 <_ntoa_format+0x84>
10001c12:	2c1f      	cmp	r4, #31
10001c14:	d8cf      	bhi.n	10001bb6 <_ntoa_format+0xa6>
10001c16:	f04f 0c62 	mov.w	ip, #98	@ 0x62
10001c1a:	f805 c004 	strb.w	ip, [r5, r4]
10001c1e:	3401      	adds	r4, #1
10001c20:	e7b8      	b.n	10001b94 <_ntoa_format+0x84>
10001c22:	f016 0f04 	tst.w	r6, #4
10001c26:	d005      	beq.n	10001c34 <_ntoa_format+0x124>
10001c28:	f04f 0c2b 	mov.w	ip, #43	@ 0x2b
10001c2c:	f805 c004 	strb.w	ip, [r5, r4]
10001c30:	3401      	adds	r4, #1
10001c32:	e7c0      	b.n	10001bb6 <_ntoa_format+0xa6>
10001c34:	f016 0f08 	tst.w	r6, #8
10001c38:	d0bd      	beq.n	10001bb6 <_ntoa_format+0xa6>
10001c3a:	f04f 0c20 	mov.w	ip, #32
10001c3e:	f805 c004 	strb.w	ip, [r5, r4]
10001c42:	3401      	adds	r4, #1
10001c44:	e7b7      	b.n	10001bb6 <_ntoa_format+0xa6>

10001c46 <_ntoa_long>:
10001c46:	b5f0      	push	{r4, r5, r6, r7, lr}
10001c48:	b091      	sub	sp, #68	@ 0x44
10001c4a:	9c16      	ldr	r4, [sp, #88]	@ 0x58
10001c4c:	9d18      	ldr	r5, [sp, #96]	@ 0x60
10001c4e:	9e1b      	ldr	r6, [sp, #108]	@ 0x6c
10001c50:	b90c      	cbnz	r4, 10001c56 <_ntoa_long+0x10>
10001c52:	f026 0610 	bic.w	r6, r6, #16
10001c56:	f416 6e80 	ands.w	lr, r6, #1024	@ 0x400
10001c5a:	d016      	beq.n	10001c8a <_ntoa_long+0x44>
10001c5c:	b364      	cbz	r4, 10001cb8 <_ntoa_long+0x72>
10001c5e:	f04f 0e00 	mov.w	lr, #0
10001c62:	e012      	b.n	10001c8a <_ntoa_long+0x44>
10001c64:	f10c 0c30 	add.w	ip, ip, #48	@ 0x30
10001c68:	fa5f fc8c 	uxtb.w	ip, ip
10001c6c:	f10e 0701 	add.w	r7, lr, #1
10001c70:	f10e 0e40 	add.w	lr, lr, #64	@ 0x40
10001c74:	44ee      	add	lr, sp
10001c76:	f80e cc20 	strb.w	ip, [lr, #-32]
10001c7a:	fbb4 fcf5 	udiv	ip, r4, r5
10001c7e:	42ac      	cmp	r4, r5
10001c80:	d31b      	bcc.n	10001cba <_ntoa_long+0x74>
10001c82:	2f1f      	cmp	r7, #31
10001c84:	d819      	bhi.n	10001cba <_ntoa_long+0x74>
10001c86:	46be      	mov	lr, r7
10001c88:	4664      	mov	r4, ip
10001c8a:	fbb4 fcf5 	udiv	ip, r4, r5
10001c8e:	fb05 4c1c 	mls	ip, r5, ip, r4
10001c92:	fa5f fc8c 	uxtb.w	ip, ip
10001c96:	f1bc 0f09 	cmp.w	ip, #9
10001c9a:	d9e3      	bls.n	10001c64 <_ntoa_long+0x1e>
10001c9c:	f016 0f20 	tst.w	r6, #32
10001ca0:	d008      	beq.n	10001cb4 <_ntoa_long+0x6e>
10001ca2:	2741      	movs	r7, #65	@ 0x41
10001ca4:	44bc      	add	ip, r7
10001ca6:	fa5f fc8c 	uxtb.w	ip, ip
10001caa:	f1ac 0c0a 	sub.w	ip, ip, #10
10001cae:	fa5f fc8c 	uxtb.w	ip, ip
10001cb2:	e7db      	b.n	10001c6c <_ntoa_long+0x26>
10001cb4:	2761      	movs	r7, #97	@ 0x61
10001cb6:	e7f5      	b.n	10001ca4 <_ntoa_long+0x5e>
10001cb8:	4627      	mov	r7, r4
10001cba:	9606      	str	r6, [sp, #24]
10001cbc:	9c1a      	ldr	r4, [sp, #104]	@ 0x68
10001cbe:	9405      	str	r4, [sp, #20]
10001cc0:	9c19      	ldr	r4, [sp, #100]	@ 0x64
10001cc2:	9404      	str	r4, [sp, #16]
10001cc4:	9503      	str	r5, [sp, #12]
10001cc6:	f89d 405c 	ldrb.w	r4, [sp, #92]	@ 0x5c
10001cca:	9402      	str	r4, [sp, #8]
10001ccc:	9701      	str	r7, [sp, #4]
10001cce:	ac08      	add	r4, sp, #32
10001cd0:	9400      	str	r4, [sp, #0]
10001cd2:	f7ff ff1d 	bl	10001b10 <_ntoa_format>
10001cd6:	b011      	add	sp, #68	@ 0x44
10001cd8:	bdf0      	pop	{r4, r5, r6, r7, pc}

10001cda <_ntoa_long_long>:
10001cda:	e92d 4ff0 	stmdb	sp!, {r4, r5, r6, r7, r8, r9, sl, fp, lr}
10001cde:	b095      	sub	sp, #84	@ 0x54
10001ce0:	9009      	str	r0, [sp, #36]	@ 0x24
10001ce2:	910a      	str	r1, [sp, #40]	@ 0x28
10001ce4:	920b      	str	r2, [sp, #44]	@ 0x2c
10001ce6:	4698      	mov	r8, r3
10001ce8:	f8dd b078 	ldr.w	fp, [sp, #120]	@ 0x78
10001cec:	f8dd 907c 	ldr.w	r9, [sp, #124]	@ 0x7c
10001cf0:	9d22      	ldr	r5, [sp, #136]	@ 0x88
10001cf2:	9f23      	ldr	r7, [sp, #140]	@ 0x8c
10001cf4:	9e26      	ldr	r6, [sp, #152]	@ 0x98
10001cf6:	ea5b 0209 	orrs.w	r2, fp, r9
10001cfa:	d101      	bne.n	10001d00 <_ntoa_long_long+0x26>
10001cfc:	f026 0610 	bic.w	r6, r6, #16
10001d00:	f416 6480 	ands.w	r4, r6, #1024	@ 0x400
10001d04:	d01e      	beq.n	10001d44 <_ntoa_long_long+0x6a>
10001d06:	ea5b 0209 	orrs.w	r2, fp, r9
10001d0a:	d02f      	beq.n	10001d6c <_ntoa_long_long+0x92>
10001d0c:	2400      	movs	r4, #0
10001d0e:	e019      	b.n	10001d44 <_ntoa_long_long+0x6a>
10001d10:	3230      	adds	r2, #48	@ 0x30
10001d12:	b2d3      	uxtb	r3, r2
10001d14:	f104 0a01 	add.w	sl, r4, #1
10001d18:	f104 0250 	add.w	r2, r4, #80	@ 0x50
10001d1c:	eb0d 0402 	add.w	r4, sp, r2
10001d20:	f804 3c20 	strb.w	r3, [r4, #-32]
10001d24:	462a      	mov	r2, r5
10001d26:	463b      	mov	r3, r7
10001d28:	4658      	mov	r0, fp
10001d2a:	4649      	mov	r1, r9
10001d2c:	f001 fb28 	bl	10003380 <____aeabi_uldivmod_veneer>
10001d30:	45ab      	cmp	fp, r5
10001d32:	eb79 0907 	sbcs.w	r9, r9, r7
10001d36:	d31b      	bcc.n	10001d70 <_ntoa_long_long+0x96>
10001d38:	f1ba 0f1f 	cmp.w	sl, #31
10001d3c:	d818      	bhi.n	10001d70 <_ntoa_long_long+0x96>
10001d3e:	4654      	mov	r4, sl
10001d40:	4683      	mov	fp, r0
10001d42:	4689      	mov	r9, r1
10001d44:	462a      	mov	r2, r5
10001d46:	463b      	mov	r3, r7
10001d48:	4658      	mov	r0, fp
10001d4a:	4649      	mov	r1, r9
10001d4c:	f001 fb18 	bl	10003380 <____aeabi_uldivmod_veneer>
10001d50:	b2d2      	uxtb	r2, r2
10001d52:	2a09      	cmp	r2, #9
10001d54:	d9dc      	bls.n	10001d10 <_ntoa_long_long+0x36>
10001d56:	f016 0f20 	tst.w	r6, #32
10001d5a:	d005      	beq.n	10001d68 <_ntoa_long_long+0x8e>
10001d5c:	2341      	movs	r3, #65	@ 0x41
10001d5e:	4413      	add	r3, r2
10001d60:	b2db      	uxtb	r3, r3
10001d62:	3b0a      	subs	r3, #10
10001d64:	b2db      	uxtb	r3, r3
10001d66:	e7d5      	b.n	10001d14 <_ntoa_long_long+0x3a>
10001d68:	2361      	movs	r3, #97	@ 0x61
10001d6a:	e7f8      	b.n	10001d5e <_ntoa_long_long+0x84>
10001d6c:	f04f 0a00 	mov.w	sl, #0
10001d70:	9606      	str	r6, [sp, #24]
10001d72:	9b25      	ldr	r3, [sp, #148]	@ 0x94
10001d74:	9305      	str	r3, [sp, #20]
10001d76:	9b24      	ldr	r3, [sp, #144]	@ 0x90
10001d78:	9304      	str	r3, [sp, #16]
10001d7a:	9503      	str	r5, [sp, #12]
10001d7c:	f89d 3080 	ldrb.w	r3, [sp, #128]	@ 0x80
10001d80:	9302      	str	r3, [sp, #8]
10001d82:	f8cd a004 	str.w	sl, [sp, #4]
10001d86:	ab0c      	add	r3, sp, #48	@ 0x30
10001d88:	9300      	str	r3, [sp, #0]
10001d8a:	4643      	mov	r3, r8
10001d8c:	9a0b      	ldr	r2, [sp, #44]	@ 0x2c
10001d8e:	990a      	ldr	r1, [sp, #40]	@ 0x28
10001d90:	9809      	ldr	r0, [sp, #36]	@ 0x24
10001d92:	f7ff febd 	bl	10001b10 <_ntoa_format>
10001d96:	b015      	add	sp, #84	@ 0x54
10001d98:	e8bd 8ff0 	ldmia.w	sp!, {r4, r5, r6, r7, r8, r9, sl, fp, pc}
10001d9c:	0000      	movs	r0, r0
	...

10001da0 <_etoa>:
10001da0:	e92d 4ff0 	stmdb	sp!, {r4, r5, r6, r7, r8, r9, sl, fp, lr}
10001da4:	b091      	sub	sp, #68	@ 0x44
10001da6:	4604      	mov	r4, r0
10001da8:	460d      	mov	r5, r1
10001daa:	4617      	mov	r7, r2
10001dac:	461e      	mov	r6, r3
10001dae:	e9dd 231a 	ldrd	r2, r3, [sp, #104]	@ 0x68
10001db2:	4610      	mov	r0, r2
10001db4:	4619      	mov	r1, r3
10001db6:	f7ff fdf3 	bl	100019a0 <__wrap___aeabi_dcmpun>
10001dba:	2800      	cmp	r0, #0
10001dbc:	f040 80ed 	bne.w	10001f9a <_etoa+0x1fa>
10001dc0:	f04f 32ff 	mov.w	r2, #4294967295	@ 0xffffffff
10001dc4:	4bae      	ldr	r3, [pc, #696]	@ (10002080 <_etoa+0x2e0>)
10001dc6:	e9dd 011a 	ldrd	r0, r1, [sp, #104]	@ 0x68
10001dca:	f7ff fe37 	bl	10001a3c <__wrap___aeabi_dcmpgt>
10001dce:	2800      	cmp	r0, #0
10001dd0:	f040 80e3 	bne.w	10001f9a <_etoa+0x1fa>
10001dd4:	f04f 32ff 	mov.w	r2, #4294967295	@ 0xffffffff
10001dd8:	f46f 1380 	mvn.w	r3, #1048576	@ 0x100000
10001ddc:	e9dd 011a 	ldrd	r0, r1, [sp, #104]	@ 0x68
10001de0:	f7ff fdf0 	bl	100019c4 <__wrap___aeabi_dcmplt>
10001de4:	2800      	cmp	r0, #0
10001de6:	f040 80d8 	bne.w	10001f9a <_etoa+0x1fa>
10001dea:	2200      	movs	r2, #0
10001dec:	2300      	movs	r3, #0
10001dee:	e9dd 011a 	ldrd	r0, r1, [sp, #104]	@ 0x68
10001df2:	f7ff fde7 	bl	100019c4 <__wrap___aeabi_dcmplt>
10001df6:	2800      	cmp	r0, #0
10001df8:	f040 80e2 	bne.w	10001fc0 <_etoa+0x220>
10001dfc:	ed9d 7b1a 	vldr	d7, [sp, #104]	@ 0x68
10001e00:	ed8d 7b06 	vstr	d7, [sp, #24]
10001e04:	9b1e      	ldr	r3, [sp, #120]	@ 0x78
10001e06:	f413 6380 	ands.w	r3, r3, #1024	@ 0x400
10001e0a:	930d      	str	r3, [sp, #52]	@ 0x34
10001e0c:	d101      	bne.n	10001e12 <_etoa+0x72>
10001e0e:	2306      	movs	r3, #6
10001e10:	931c      	str	r3, [sp, #112]	@ 0x70
10001e12:	e9dd 2306 	ldrd	r2, r3, [sp, #24]
10001e16:	4610      	mov	r0, r2
10001e18:	4619      	mov	r1, r3
10001e1a:	e9cd 0108 	strd	r0, r1, [sp, #32]
10001e1e:	ea52 0103 	orrs.w	r1, r2, r3
10001e22:	f000 80d8 	beq.w	10001fd6 <_etoa+0x236>
10001e26:	f3c3 500a 	ubfx	r0, r3, #20, #11
10001e2a:	f3c3 0313 	ubfx	r3, r3, #0, #20
10001e2e:	4690      	mov	r8, r2
10001e30:	f043 597f 	orr.w	r9, r3, #1069547520	@ 0x3fc00000
10001e34:	f449 1940 	orr.w	r9, r9, #3145728	@ 0x300000
10001e38:	f2a0 30ff 	subw	r0, r0, #1023	@ 0x3ff
10001e3c:	f7ff fd68 	bl	10001910 <__wrap___aeabi_i2d>
10001e40:	a37d      	add	r3, pc, #500	@ (adr r3, 10002038 <_etoa+0x298>)
10001e42:	e9d3 2300 	ldrd	r2, r3, [r3]
10001e46:	f7ff fcef 	bl	10001828 <__wrap___aeabi_dmul>
10001e4a:	a37d      	add	r3, pc, #500	@ (adr r3, 10002040 <_etoa+0x2a0>)
10001e4c:	e9d3 2300 	ldrd	r2, r3, [r3]
10001e50:	f7ff fcc2 	bl	100017d8 <__wrap___aeabi_dadd>
10001e54:	4682      	mov	sl, r0
10001e56:	468b      	mov	fp, r1
10001e58:	2200      	movs	r2, #0
10001e5a:	4b8a      	ldr	r3, [pc, #552]	@ (10002084 <_etoa+0x2e4>)
10001e5c:	4640      	mov	r0, r8
10001e5e:	4649      	mov	r1, r9
10001e60:	f7ff fcce 	bl	10001800 <__wrap___aeabi_dsub>
10001e64:	a378      	add	r3, pc, #480	@ (adr r3, 10002048 <_etoa+0x2a8>)
10001e66:	e9d3 2300 	ldrd	r2, r3, [r3]
10001e6a:	f7ff fcdd 	bl	10001828 <__wrap___aeabi_dmul>
10001e6e:	4602      	mov	r2, r0
10001e70:	460b      	mov	r3, r1
10001e72:	4650      	mov	r0, sl
10001e74:	4659      	mov	r1, fp
10001e76:	f7ff fcaf 	bl	100017d8 <__wrap___aeabi_dadd>
10001e7a:	f7ff fd6d 	bl	10001958 <__wrap___aeabi_d2iz>
10001e7e:	4682      	mov	sl, r0
10001e80:	f7ff fd46 	bl	10001910 <__wrap___aeabi_i2d>
10001e84:	4680      	mov	r8, r0
10001e86:	4689      	mov	r9, r1
10001e88:	a371      	add	r3, pc, #452	@ (adr r3, 10002050 <_etoa+0x2b0>)
10001e8a:	e9d3 2300 	ldrd	r2, r3, [r3]
10001e8e:	f7ff fccb 	bl	10001828 <__wrap___aeabi_dmul>
10001e92:	2200      	movs	r2, #0
10001e94:	4b7c      	ldr	r3, [pc, #496]	@ (10002088 <_etoa+0x2e8>)
10001e96:	f7ff fc9f 	bl	100017d8 <__wrap___aeabi_dadd>
10001e9a:	f7ff fd5d 	bl	10001958 <__wrap___aeabi_d2iz>
10001e9e:	4683      	mov	fp, r0
10001ea0:	a36d      	add	r3, pc, #436	@ (adr r3, 10002058 <_etoa+0x2b8>)
10001ea2:	e9d3 2300 	ldrd	r2, r3, [r3]
10001ea6:	4640      	mov	r0, r8
10001ea8:	4649      	mov	r1, r9
10001eaa:	f7ff fcbd 	bl	10001828 <__wrap___aeabi_dmul>
10001eae:	4680      	mov	r8, r0
10001eb0:	4689      	mov	r9, r1
10001eb2:	4658      	mov	r0, fp
10001eb4:	f7ff fd2c 	bl	10001910 <__wrap___aeabi_i2d>
10001eb8:	a369      	add	r3, pc, #420	@ (adr r3, 10002060 <_etoa+0x2c0>)
10001eba:	e9d3 2300 	ldrd	r2, r3, [r3]
10001ebe:	f7ff fcb3 	bl	10001828 <__wrap___aeabi_dmul>
10001ec2:	4602      	mov	r2, r0
10001ec4:	460b      	mov	r3, r1
10001ec6:	4640      	mov	r0, r8
10001ec8:	4649      	mov	r1, r9
10001eca:	f7ff fc99 	bl	10001800 <__wrap___aeabi_dsub>
10001ece:	4680      	mov	r8, r0
10001ed0:	4689      	mov	r9, r1
10001ed2:	4602      	mov	r2, r0
10001ed4:	460b      	mov	r3, r1
10001ed6:	f7ff fca7 	bl	10001828 <__wrap___aeabi_dmul>
10001eda:	e9cd 010a 	strd	r0, r1, [sp, #40]	@ 0x28
10001ede:	f20b 3bff 	addw	fp, fp, #1023	@ 0x3ff
10001ee2:	2100      	movs	r1, #0
10001ee4:	2200      	movs	r2, #0
10001ee6:	e9cd 1208 	strd	r1, r2, [sp, #32]
10001eea:	ea4f 530b 	mov.w	r3, fp, lsl #20
10001eee:	9309      	str	r3, [sp, #36]	@ 0x24
10001ef0:	2300      	movs	r3, #0
10001ef2:	9308      	str	r3, [sp, #32]
10001ef4:	4642      	mov	r2, r8
10001ef6:	464b      	mov	r3, r9
10001ef8:	4640      	mov	r0, r8
10001efa:	4649      	mov	r1, r9
10001efc:	f7ff fc6c 	bl	100017d8 <__wrap___aeabi_dadd>
10001f00:	e9cd 010e 	strd	r0, r1, [sp, #56]	@ 0x38
10001f04:	4642      	mov	r2, r8
10001f06:	464b      	mov	r3, r9
10001f08:	2000      	movs	r0, #0
10001f0a:	f04f 4180 	mov.w	r1, #1073741824	@ 0x40000000
10001f0e:	f7ff fc77 	bl	10001800 <__wrap___aeabi_dsub>
10001f12:	4680      	mov	r8, r0
10001f14:	4689      	mov	r9, r1
10001f16:	2200      	movs	r2, #0
10001f18:	4b5c      	ldr	r3, [pc, #368]	@ (1000208c <_etoa+0x2ec>)
10001f1a:	e9dd 010a 	ldrd	r0, r1, [sp, #40]	@ 0x28
10001f1e:	f7ff fca9 	bl	10001874 <__wrap___aeabi_ddiv>
10001f22:	2200      	movs	r2, #0
10001f24:	4b5a      	ldr	r3, [pc, #360]	@ (10002090 <_etoa+0x2f0>)
10001f26:	f7ff fc57 	bl	100017d8 <__wrap___aeabi_dadd>
10001f2a:	4602      	mov	r2, r0
10001f2c:	460b      	mov	r3, r1
10001f2e:	e9dd 010a 	ldrd	r0, r1, [sp, #40]	@ 0x28
10001f32:	f7ff fc9f 	bl	10001874 <__wrap___aeabi_ddiv>
10001f36:	2200      	movs	r2, #0
10001f38:	4b56      	ldr	r3, [pc, #344]	@ (10002094 <_etoa+0x2f4>)
10001f3a:	f7ff fc4d 	bl	100017d8 <__wrap___aeabi_dadd>
10001f3e:	4602      	mov	r2, r0
10001f40:	460b      	mov	r3, r1
10001f42:	e9dd 010a 	ldrd	r0, r1, [sp, #40]	@ 0x28
10001f46:	f7ff fc95 	bl	10001874 <__wrap___aeabi_ddiv>
10001f4a:	4602      	mov	r2, r0
10001f4c:	460b      	mov	r3, r1
10001f4e:	4640      	mov	r0, r8
10001f50:	4649      	mov	r1, r9
10001f52:	f7ff fc41 	bl	100017d8 <__wrap___aeabi_dadd>
10001f56:	4602      	mov	r2, r0
10001f58:	460b      	mov	r3, r1
10001f5a:	e9dd 010e 	ldrd	r0, r1, [sp, #56]	@ 0x38
10001f5e:	f7ff fc89 	bl	10001874 <__wrap___aeabi_ddiv>
10001f62:	2200      	movs	r2, #0
10001f64:	4b4c      	ldr	r3, [pc, #304]	@ (10002098 <_etoa+0x2f8>)
10001f66:	f7ff fc37 	bl	100017d8 <__wrap___aeabi_dadd>
10001f6a:	e9dd 2308 	ldrd	r2, r3, [sp, #32]
10001f6e:	f7ff fc5b 	bl	10001828 <__wrap___aeabi_dmul>
10001f72:	4680      	mov	r8, r0
10001f74:	4689      	mov	r9, r1
10001f76:	e9cd 8908 	strd	r8, r9, [sp, #32]
10001f7a:	e9dd 2306 	ldrd	r2, r3, [sp, #24]
10001f7e:	f7ff fd5d 	bl	10001a3c <__wrap___aeabi_dcmpgt>
10001f82:	b350      	cbz	r0, 10001fda <_etoa+0x23a>
10001f84:	f10a 3aff 	add.w	sl, sl, #4294967295	@ 0xffffffff
10001f88:	2200      	movs	r2, #0
10001f8a:	4b41      	ldr	r3, [pc, #260]	@ (10002090 <_etoa+0x2f0>)
10001f8c:	4640      	mov	r0, r8
10001f8e:	4649      	mov	r1, r9
10001f90:	f7ff fc70 	bl	10001874 <__wrap___aeabi_ddiv>
10001f94:	e9cd 0108 	strd	r0, r1, [sp, #32]
10001f98:	e01f      	b.n	10001fda <_etoa+0x23a>
10001f9a:	9b1e      	ldr	r3, [sp, #120]	@ 0x78
10001f9c:	9304      	str	r3, [sp, #16]
10001f9e:	9b1d      	ldr	r3, [sp, #116]	@ 0x74
10001fa0:	9303      	str	r3, [sp, #12]
10001fa2:	9b1c      	ldr	r3, [sp, #112]	@ 0x70
10001fa4:	9302      	str	r3, [sp, #8]
10001fa6:	ed9d 7b1a 	vldr	d7, [sp, #104]	@ 0x68
10001faa:	ed8d 7b00 	vstr	d7, [sp]
10001fae:	4633      	mov	r3, r6
10001fb0:	463a      	mov	r2, r7
10001fb2:	4629      	mov	r1, r5
10001fb4:	4620      	mov	r0, r4
10001fb6:	f000 f903 	bl	100021c0 <_ftoa>
10001fba:	b011      	add	sp, #68	@ 0x44
10001fbc:	e8bd 8ff0 	ldmia.w	sp!, {r4, r5, r6, r7, r8, r9, sl, fp, pc}
10001fc0:	ed9f 7b29 	vldr	d7, [pc, #164]	@ 10002068 <_etoa+0x2c8>
10001fc4:	ed8d 7b06 	vstr	d7, [sp, #24]
10001fc8:	9b1a      	ldr	r3, [sp, #104]	@ 0x68
10001fca:	9306      	str	r3, [sp, #24]
10001fcc:	9b1b      	ldr	r3, [sp, #108]	@ 0x6c
10001fce:	f103 4300 	add.w	r3, r3, #2147483648	@ 0x80000000
10001fd2:	9307      	str	r3, [sp, #28]
10001fd4:	e716      	b.n	10001e04 <_etoa+0x64>
10001fd6:	f04f 0a00 	mov.w	sl, #0
10001fda:	f10a 0363 	add.w	r3, sl, #99	@ 0x63
10001fde:	2bc6      	cmp	r3, #198	@ 0xc6
10001fe0:	d827      	bhi.n	10002032 <_etoa+0x292>
10001fe2:	f04f 0804 	mov.w	r8, #4
10001fe6:	9b1e      	ldr	r3, [sp, #120]	@ 0x78
10001fe8:	f413 6f00 	tst.w	r3, #2048	@ 0x800
10001fec:	d05f      	beq.n	100020ae <_etoa+0x30e>
10001fee:	e9dd 1208 	ldrd	r1, r2, [sp, #32]
10001ff2:	4613      	mov	r3, r2
10001ff4:	430b      	orrs	r3, r1
10001ff6:	d013      	beq.n	10002020 <_etoa+0x280>
10001ff8:	a31d      	add	r3, pc, #116	@ (adr r3, 10002070 <_etoa+0x2d0>)
10001ffa:	e9d3 2300 	ldrd	r2, r3, [r3]
10001ffe:	e9dd 0106 	ldrd	r0, r1, [sp, #24]
10002002:	f7ff fd07 	bl	10001a14 <__wrap___aeabi_dcmpge>
10002006:	2800      	cmp	r0, #0
10002008:	f000 80b4 	beq.w	10002174 <_etoa+0x3d4>
1000200c:	a31a      	add	r3, pc, #104	@ (adr r3, 10002078 <_etoa+0x2d8>)
1000200e:	e9d3 2300 	ldrd	r2, r3, [r3]
10002012:	e9dd 0106 	ldrd	r0, r1, [sp, #24]
10002016:	f7ff fcd5 	bl	100019c4 <__wrap___aeabi_dcmplt>
1000201a:	2800      	cmp	r0, #0
1000201c:	f000 80aa 	beq.w	10002174 <_etoa+0x3d4>
10002020:	9b1c      	ldr	r3, [sp, #112]	@ 0x70
10002022:	4553      	cmp	r3, sl
10002024:	dd3a      	ble.n	1000209c <_etoa+0x2fc>
10002026:	eba3 0a0a 	sub.w	sl, r3, sl
1000202a:	f10a 33ff 	add.w	r3, sl, #4294967295	@ 0xffffffff
1000202e:	931c      	str	r3, [sp, #112]	@ 0x70
10002030:	e036      	b.n	100020a0 <_etoa+0x300>
10002032:	f04f 0805 	mov.w	r8, #5
10002036:	e7d6      	b.n	10001fe6 <_etoa+0x246>
10002038:	509f79fb 	.word	0x509f79fb
1000203c:	3fd34413 	.word	0x3fd34413
10002040:	8b60c8b3 	.word	0x8b60c8b3
10002044:	3fc68a28 	.word	0x3fc68a28
10002048:	636f4361 	.word	0x636f4361
1000204c:	3fd287a7 	.word	0x3fd287a7
10002050:	0979a371 	.word	0x0979a371
10002054:	400a934f 	.word	0x400a934f
10002058:	bbb55516 	.word	0xbbb55516
1000205c:	40026bb1 	.word	0x40026bb1
10002060:	fefa39ef 	.word	0xfefa39ef
10002064:	3fe62e42 	.word	0x3fe62e42
	...
10002070:	eb1c432d 	.word	0xeb1c432d
10002074:	3f1a36e2 	.word	0x3f1a36e2
10002078:	00000000 	.word	0x00000000
1000207c:	412e8480 	.word	0x412e8480
10002080:	7fefffff 	.word	0x7fefffff
10002084:	3ff80000 	.word	0x3ff80000
10002088:	3fe00000 	.word	0x3fe00000
1000208c:	402c0000 	.word	0x402c0000
10002090:	40240000 	.word	0x40240000
10002094:	40180000 	.word	0x40180000
10002098:	3ff00000 	.word	0x3ff00000
1000209c:	2300      	movs	r3, #0
1000209e:	931c      	str	r3, [sp, #112]	@ 0x70
100020a0:	9b1e      	ldr	r3, [sp, #120]	@ 0x78
100020a2:	f443 6380 	orr.w	r3, r3, #1024	@ 0x400
100020a6:	931e      	str	r3, [sp, #120]	@ 0x78
100020a8:	f04f 0800 	mov.w	r8, #0
100020ac:	46c2      	mov	sl, r8
100020ae:	9b1d      	ldr	r3, [sp, #116]	@ 0x74
100020b0:	4598      	cmp	r8, r3
100020b2:	d269      	bcs.n	10002188 <_etoa+0x3e8>
100020b4:	eba3 0908 	sub.w	r9, r3, r8
100020b8:	9b1e      	ldr	r3, [sp, #120]	@ 0x78
100020ba:	f013 0b02 	ands.w	fp, r3, #2
100020be:	d004      	beq.n	100020ca <_etoa+0x32a>
100020c0:	f1b8 0f00 	cmp.w	r8, #0
100020c4:	d001      	beq.n	100020ca <_etoa+0x32a>
100020c6:	f04f 0900 	mov.w	r9, #0
100020ca:	f1ba 0f00 	cmp.w	sl, #0
100020ce:	d007      	beq.n	100020e0 <_etoa+0x340>
100020d0:	e9dd 2308 	ldrd	r2, r3, [sp, #32]
100020d4:	e9dd 0106 	ldrd	r0, r1, [sp, #24]
100020d8:	f7ff fbcc 	bl	10001874 <__wrap___aeabi_ddiv>
100020dc:	e9cd 0106 	strd	r0, r1, [sp, #24]
100020e0:	2200      	movs	r2, #0
100020e2:	2300      	movs	r3, #0
100020e4:	e9dd 011a 	ldrd	r0, r1, [sp, #104]	@ 0x68
100020e8:	f7ff fc6c 	bl	100019c4 <__wrap___aeabi_dcmplt>
100020ec:	2800      	cmp	r0, #0
100020ee:	d14e      	bne.n	1000218e <_etoa+0x3ee>
100020f0:	9b1e      	ldr	r3, [sp, #120]	@ 0x78
100020f2:	f423 6300 	bic.w	r3, r3, #2048	@ 0x800
100020f6:	9304      	str	r3, [sp, #16]
100020f8:	f8cd 900c 	str.w	r9, [sp, #12]
100020fc:	9b1c      	ldr	r3, [sp, #112]	@ 0x70
100020fe:	9302      	str	r3, [sp, #8]
10002100:	ed9d 7b06 	vldr	d7, [sp, #24]
10002104:	ed8d 7b00 	vstr	d7, [sp]
10002108:	4633      	mov	r3, r6
1000210a:	463a      	mov	r2, r7
1000210c:	4629      	mov	r1, r5
1000210e:	4620      	mov	r0, r4
10002110:	f000 f856 	bl	100021c0 <_ftoa>
10002114:	f1b8 0f00 	cmp.w	r8, #0
10002118:	f43f af4f 	beq.w	10001fba <_etoa+0x21a>
1000211c:	9b1e      	ldr	r3, [sp, #120]	@ 0x78
1000211e:	f013 0f20 	tst.w	r3, #32
10002122:	d03c      	beq.n	1000219e <_etoa+0x3fe>
10002124:	f04f 0c45 	mov.w	ip, #69	@ 0x45
10002128:	f100 0901 	add.w	r9, r0, #1
1000212c:	4633      	mov	r3, r6
1000212e:	4602      	mov	r2, r0
10002130:	4629      	mov	r1, r5
10002132:	4660      	mov	r0, ip
10002134:	47a0      	blx	r4
10002136:	ea8a 72ea 	eor.w	r2, sl, sl, asr #31
1000213a:	eba2 72ea 	sub.w	r2, r2, sl, asr #31
1000213e:	2305      	movs	r3, #5
10002140:	9305      	str	r3, [sp, #20]
10002142:	f108 33ff 	add.w	r3, r8, #4294967295	@ 0xffffffff
10002146:	9304      	str	r3, [sp, #16]
10002148:	2300      	movs	r3, #0
1000214a:	9303      	str	r3, [sp, #12]
1000214c:	230a      	movs	r3, #10
1000214e:	9302      	str	r3, [sp, #8]
10002150:	ea4f 73da 	mov.w	r3, sl, lsr #31
10002154:	9301      	str	r3, [sp, #4]
10002156:	9200      	str	r2, [sp, #0]
10002158:	4633      	mov	r3, r6
1000215a:	464a      	mov	r2, r9
1000215c:	4629      	mov	r1, r5
1000215e:	4620      	mov	r0, r4
10002160:	f7ff fd71 	bl	10001c46 <_ntoa_long>
10002164:	f1bb 0f00 	cmp.w	fp, #0
10002168:	f43f af27 	beq.w	10001fba <_etoa+0x21a>
1000216c:	4602      	mov	r2, r0
1000216e:	f8dd 9074 	ldr.w	r9, [sp, #116]	@ 0x74
10002172:	e01e      	b.n	100021b2 <_etoa+0x412>
10002174:	9b1c      	ldr	r3, [sp, #112]	@ 0x70
10002176:	2b00      	cmp	r3, #0
10002178:	d099      	beq.n	100020ae <_etoa+0x30e>
1000217a:	9b0d      	ldr	r3, [sp, #52]	@ 0x34
1000217c:	2b00      	cmp	r3, #0
1000217e:	d096      	beq.n	100020ae <_etoa+0x30e>
10002180:	9b1c      	ldr	r3, [sp, #112]	@ 0x70
10002182:	3b01      	subs	r3, #1
10002184:	931c      	str	r3, [sp, #112]	@ 0x70
10002186:	e792      	b.n	100020ae <_etoa+0x30e>
10002188:	f04f 0900 	mov.w	r9, #0
1000218c:	e794      	b.n	100020b8 <_etoa+0x318>
1000218e:	e9dd 0106 	ldrd	r0, r1, [sp, #24]
10002192:	4602      	mov	r2, r0
10002194:	f101 4300 	add.w	r3, r1, #2147483648	@ 0x80000000
10002198:	e9cd 2306 	strd	r2, r3, [sp, #24]
1000219c:	e7a8      	b.n	100020f0 <_etoa+0x350>
1000219e:	f04f 0c65 	mov.w	ip, #101	@ 0x65
100021a2:	e7c1      	b.n	10002128 <_etoa+0x388>
100021a4:	f102 0801 	add.w	r8, r2, #1
100021a8:	4633      	mov	r3, r6
100021aa:	4629      	mov	r1, r5
100021ac:	2020      	movs	r0, #32
100021ae:	47a0      	blx	r4
100021b0:	4642      	mov	r2, r8
100021b2:	1bd3      	subs	r3, r2, r7
100021b4:	454b      	cmp	r3, r9
100021b6:	d3f5      	bcc.n	100021a4 <_etoa+0x404>
100021b8:	4610      	mov	r0, r2
100021ba:	e6fe      	b.n	10001fba <_etoa+0x21a>
100021bc:	0000      	movs	r0, r0
	...

100021c0 <_ftoa>:
100021c0:	e92d 4ff0 	stmdb	sp!, {r4, r5, r6, r7, r8, r9, sl, fp, lr}
100021c4:	ed2d 8b02 	vpush	{d8}
100021c8:	b095      	sub	sp, #84	@ 0x54
100021ca:	9007      	str	r0, [sp, #28]
100021cc:	910a      	str	r1, [sp, #40]	@ 0x28
100021ce:	4692      	mov	sl, r2
100021d0:	469b      	mov	fp, r3
100021d2:	e9dd 8920 	ldrd	r8, r9, [sp, #128]	@ 0x80
100021d6:	9d22      	ldr	r5, [sp, #136]	@ 0x88
100021d8:	4642      	mov	r2, r8
100021da:	464b      	mov	r3, r9
100021dc:	4640      	mov	r0, r8
100021de:	4649      	mov	r1, r9
100021e0:	f7ff fbde 	bl	100019a0 <__wrap___aeabi_dcmpun>
100021e4:	2800      	cmp	r0, #0
100021e6:	d135      	bne.n	10002254 <_ftoa+0x94>
100021e8:	f04f 32ff 	mov.w	r2, #4294967295	@ 0xffffffff
100021ec:	f46f 1380 	mvn.w	r3, #1048576	@ 0x100000
100021f0:	4640      	mov	r0, r8
100021f2:	4649      	mov	r1, r9
100021f4:	f7ff fbe6 	bl	100019c4 <__wrap___aeabi_dcmplt>
100021f8:	2800      	cmp	r0, #0
100021fa:	d13a      	bne.n	10002272 <_ftoa+0xb2>
100021fc:	f04f 32ff 	mov.w	r2, #4294967295	@ 0xffffffff
10002200:	4b9f      	ldr	r3, [pc, #636]	@ (10002480 <_ftoa+0x2c0>)
10002202:	4640      	mov	r0, r8
10002204:	4649      	mov	r1, r9
10002206:	f7ff fc19 	bl	10001a3c <__wrap___aeabi_dcmpgt>
1000220a:	2800      	cmp	r0, #0
1000220c:	d140      	bne.n	10002290 <_ftoa+0xd0>
1000220e:	a398      	add	r3, pc, #608	@ (adr r3, 10002470 <_ftoa+0x2b0>)
10002210:	e9d3 2300 	ldrd	r2, r3, [r3]
10002214:	4640      	mov	r0, r8
10002216:	4649      	mov	r1, r9
10002218:	f7ff fc10 	bl	10001a3c <__wrap___aeabi_dcmpgt>
1000221c:	2800      	cmp	r0, #0
1000221e:	d14f      	bne.n	100022c0 <_ftoa+0x100>
10002220:	a395      	add	r3, pc, #596	@ (adr r3, 10002478 <_ftoa+0x2b8>)
10002222:	e9d3 2300 	ldrd	r2, r3, [r3]
10002226:	4640      	mov	r0, r8
10002228:	4649      	mov	r1, r9
1000222a:	f7ff fbcb 	bl	100019c4 <__wrap___aeabi_dcmplt>
1000222e:	2800      	cmp	r0, #0
10002230:	d146      	bne.n	100022c0 <_ftoa+0x100>
10002232:	2200      	movs	r2, #0
10002234:	2300      	movs	r3, #0
10002236:	4640      	mov	r0, r8
10002238:	4649      	mov	r1, r9
1000223a:	f7ff fbc3 	bl	100019c4 <__wrap___aeabi_dcmplt>
1000223e:	2800      	cmp	r0, #0
10002240:	d14c      	bne.n	100022dc <_ftoa+0x11c>
10002242:	2300      	movs	r3, #0
10002244:	930b      	str	r3, [sp, #44]	@ 0x2c
10002246:	9b24      	ldr	r3, [sp, #144]	@ 0x90
10002248:	f413 6f80 	tst.w	r3, #1024	@ 0x400
1000224c:	f000 80b7 	beq.w	100023be <_ftoa+0x1fe>
10002250:	2400      	movs	r4, #0
10002252:	e056      	b.n	10002302 <_ftoa+0x142>
10002254:	9b24      	ldr	r3, [sp, #144]	@ 0x90
10002256:	9303      	str	r3, [sp, #12]
10002258:	9b23      	ldr	r3, [sp, #140]	@ 0x8c
1000225a:	9302      	str	r3, [sp, #8]
1000225c:	2303      	movs	r3, #3
1000225e:	9301      	str	r3, [sp, #4]
10002260:	4b88      	ldr	r3, [pc, #544]	@ (10002484 <_ftoa+0x2c4>)
10002262:	9300      	str	r3, [sp, #0]
10002264:	465b      	mov	r3, fp
10002266:	4652      	mov	r2, sl
10002268:	990a      	ldr	r1, [sp, #40]	@ 0x28
1000226a:	9807      	ldr	r0, [sp, #28]
1000226c:	f7ff fc11 	bl	10001a92 <_out_rev>
10002270:	e137      	b.n	100024e2 <_ftoa+0x322>
10002272:	9b24      	ldr	r3, [sp, #144]	@ 0x90
10002274:	9303      	str	r3, [sp, #12]
10002276:	9b23      	ldr	r3, [sp, #140]	@ 0x8c
10002278:	9302      	str	r3, [sp, #8]
1000227a:	2304      	movs	r3, #4
1000227c:	9301      	str	r3, [sp, #4]
1000227e:	4b82      	ldr	r3, [pc, #520]	@ (10002488 <_ftoa+0x2c8>)
10002280:	9300      	str	r3, [sp, #0]
10002282:	465b      	mov	r3, fp
10002284:	4652      	mov	r2, sl
10002286:	990a      	ldr	r1, [sp, #40]	@ 0x28
10002288:	9807      	ldr	r0, [sp, #28]
1000228a:	f7ff fc02 	bl	10001a92 <_out_rev>
1000228e:	e128      	b.n	100024e2 <_ftoa+0x322>
10002290:	9b24      	ldr	r3, [sp, #144]	@ 0x90
10002292:	f013 0304 	ands.w	r3, r3, #4
10002296:	d00f      	beq.n	100022b8 <_ftoa+0xf8>
10002298:	4a7c      	ldr	r2, [pc, #496]	@ (1000248c <_ftoa+0x2cc>)
1000229a:	b17b      	cbz	r3, 100022bc <_ftoa+0xfc>
1000229c:	2304      	movs	r3, #4
1000229e:	9924      	ldr	r1, [sp, #144]	@ 0x90
100022a0:	9103      	str	r1, [sp, #12]
100022a2:	9923      	ldr	r1, [sp, #140]	@ 0x8c
100022a4:	9102      	str	r1, [sp, #8]
100022a6:	9301      	str	r3, [sp, #4]
100022a8:	9200      	str	r2, [sp, #0]
100022aa:	465b      	mov	r3, fp
100022ac:	4652      	mov	r2, sl
100022ae:	990a      	ldr	r1, [sp, #40]	@ 0x28
100022b0:	9807      	ldr	r0, [sp, #28]
100022b2:	f7ff fbee 	bl	10001a92 <_out_rev>
100022b6:	e114      	b.n	100024e2 <_ftoa+0x322>
100022b8:	4a75      	ldr	r2, [pc, #468]	@ (10002490 <_ftoa+0x2d0>)
100022ba:	e7ee      	b.n	1000229a <_ftoa+0xda>
100022bc:	2303      	movs	r3, #3
100022be:	e7ee      	b.n	1000229e <_ftoa+0xde>
100022c0:	9b24      	ldr	r3, [sp, #144]	@ 0x90
100022c2:	9304      	str	r3, [sp, #16]
100022c4:	9b23      	ldr	r3, [sp, #140]	@ 0x8c
100022c6:	9303      	str	r3, [sp, #12]
100022c8:	9502      	str	r5, [sp, #8]
100022ca:	e9cd 8900 	strd	r8, r9, [sp]
100022ce:	465b      	mov	r3, fp
100022d0:	4652      	mov	r2, sl
100022d2:	990a      	ldr	r1, [sp, #40]	@ 0x28
100022d4:	9807      	ldr	r0, [sp, #28]
100022d6:	f7ff fd63 	bl	10001da0 <_etoa>
100022da:	e102      	b.n	100024e2 <_ftoa+0x322>
100022dc:	4642      	mov	r2, r8
100022de:	464b      	mov	r3, r9
100022e0:	2000      	movs	r0, #0
100022e2:	2100      	movs	r1, #0
100022e4:	f7ff fa8c 	bl	10001800 <__wrap___aeabi_dsub>
100022e8:	4680      	mov	r8, r0
100022ea:	4689      	mov	r9, r1
100022ec:	2301      	movs	r3, #1
100022ee:	930b      	str	r3, [sp, #44]	@ 0x2c
100022f0:	e7a9      	b.n	10002246 <_ftoa+0x86>
100022f2:	f104 0350 	add.w	r3, r4, #80	@ 0x50
100022f6:	446b      	add	r3, sp
100022f8:	2230      	movs	r2, #48	@ 0x30
100022fa:	f803 2c20 	strb.w	r2, [r3, #-32]
100022fe:	3d01      	subs	r5, #1
10002300:	3401      	adds	r4, #1
10002302:	2c1f      	cmp	r4, #31
10002304:	d801      	bhi.n	1000230a <_ftoa+0x14a>
10002306:	2d09      	cmp	r5, #9
10002308:	d8f3      	bhi.n	100022f2 <_ftoa+0x132>
1000230a:	4640      	mov	r0, r8
1000230c:	4649      	mov	r1, r9
1000230e:	f7ff fb23 	bl	10001958 <__wrap___aeabi_d2iz>
10002312:	4606      	mov	r6, r0
10002314:	f7ff fafc 	bl	10001910 <__wrap___aeabi_i2d>
10002318:	4602      	mov	r2, r0
1000231a:	460b      	mov	r3, r1
1000231c:	4640      	mov	r0, r8
1000231e:	4649      	mov	r1, r9
10002320:	f7ff fa6e 	bl	10001800 <__wrap___aeabi_dsub>
10002324:	4b5b      	ldr	r3, [pc, #364]	@ (10002494 <_ftoa+0x2d4>)
10002326:	eb03 03c5 	add.w	r3, r3, r5, lsl #3
1000232a:	ed93 8b00 	vldr	d8, [r3]
1000232e:	ec53 2b18 	vmov	r2, r3, d8
10002332:	f7ff fa79 	bl	10001828 <__wrap___aeabi_dmul>
10002336:	4602      	mov	r2, r0
10002338:	460b      	mov	r3, r1
1000233a:	e9cd 2308 	strd	r2, r3, [sp, #32]
1000233e:	f7ff fb1d 	bl	1000197c <__wrap___aeabi_d2uiz>
10002342:	4607      	mov	r7, r0
10002344:	f7ff faf6 	bl	10001934 <__wrap___aeabi_ui2d>
10002348:	4602      	mov	r2, r0
1000234a:	460b      	mov	r3, r1
1000234c:	e9dd 0108 	ldrd	r0, r1, [sp, #32]
10002350:	f7ff fa56 	bl	10001800 <__wrap___aeabi_dsub>
10002354:	4602      	mov	r2, r0
10002356:	460b      	mov	r3, r1
10002358:	e9cd 2308 	strd	r2, r3, [sp, #32]
1000235c:	2200      	movs	r2, #0
1000235e:	4b4e      	ldr	r3, [pc, #312]	@ (10002498 <_ftoa+0x2d8>)
10002360:	f7ff fb6c 	bl	10001a3c <__wrap___aeabi_dcmpgt>
10002364:	b368      	cbz	r0, 100023c2 <_ftoa+0x202>
10002366:	3701      	adds	r7, #1
10002368:	4638      	mov	r0, r7
1000236a:	f7ff fae3 	bl	10001934 <__wrap___aeabi_ui2d>
1000236e:	4602      	mov	r2, r0
10002370:	460b      	mov	r3, r1
10002372:	ec51 0b18 	vmov	r0, r1, d8
10002376:	f7ff fb39 	bl	100019ec <__wrap___aeabi_dcmple>
1000237a:	b108      	cbz	r0, 10002380 <_ftoa+0x1c0>
1000237c:	3601      	adds	r6, #1
1000237e:	2700      	movs	r7, #0
10002380:	bb6d      	cbnz	r5, 100023de <_ftoa+0x21e>
10002382:	4630      	mov	r0, r6
10002384:	f7ff fac4 	bl	10001910 <__wrap___aeabi_i2d>
10002388:	4602      	mov	r2, r0
1000238a:	460b      	mov	r3, r1
1000238c:	4640      	mov	r0, r8
1000238e:	4649      	mov	r1, r9
10002390:	f7ff fa36 	bl	10001800 <__wrap___aeabi_dsub>
10002394:	4607      	mov	r7, r0
10002396:	4688      	mov	r8, r1
10002398:	2200      	movs	r2, #0
1000239a:	4b3f      	ldr	r3, [pc, #252]	@ (10002498 <_ftoa+0x2d8>)
1000239c:	f7ff fb12 	bl	100019c4 <__wrap___aeabi_dcmplt>
100023a0:	2800      	cmp	r0, #0
100023a2:	d14c      	bne.n	1000243e <_ftoa+0x27e>
100023a4:	2200      	movs	r2, #0
100023a6:	4b3c      	ldr	r3, [pc, #240]	@ (10002498 <_ftoa+0x2d8>)
100023a8:	4638      	mov	r0, r7
100023aa:	4641      	mov	r1, r8
100023ac:	f7ff fb46 	bl	10001a3c <__wrap___aeabi_dcmpgt>
100023b0:	2800      	cmp	r0, #0
100023b2:	d144      	bne.n	1000243e <_ftoa+0x27e>
100023b4:	f016 0f01 	tst.w	r6, #1
100023b8:	d041      	beq.n	1000243e <_ftoa+0x27e>
100023ba:	3601      	adds	r6, #1
100023bc:	e03f      	b.n	1000243e <_ftoa+0x27e>
100023be:	2506      	movs	r5, #6
100023c0:	e746      	b.n	10002250 <_ftoa+0x90>
100023c2:	2200      	movs	r2, #0
100023c4:	4b34      	ldr	r3, [pc, #208]	@ (10002498 <_ftoa+0x2d8>)
100023c6:	e9dd 0108 	ldrd	r0, r1, [sp, #32]
100023ca:	f7ff fafb 	bl	100019c4 <__wrap___aeabi_dcmplt>
100023ce:	2800      	cmp	r0, #0
100023d0:	d1d6      	bne.n	10002380 <_ftoa+0x1c0>
100023d2:	b117      	cbz	r7, 100023da <_ftoa+0x21a>
100023d4:	f017 0f01 	tst.w	r7, #1
100023d8:	d0d2      	beq.n	10002380 <_ftoa+0x1c0>
100023da:	3701      	adds	r7, #1
100023dc:	e7d0      	b.n	10002380 <_ftoa+0x1c0>
100023de:	2c1f      	cmp	r4, #31
100023e0:	d817      	bhi.n	10002412 <_ftoa+0x252>
100023e2:	3d01      	subs	r5, #1
100023e4:	4b2d      	ldr	r3, [pc, #180]	@ (1000249c <_ftoa+0x2dc>)
100023e6:	fba3 2307 	umull	r2, r3, r3, r7
100023ea:	08db      	lsrs	r3, r3, #3
100023ec:	4619      	mov	r1, r3
100023ee:	eb03 0383 	add.w	r3, r3, r3, lsl #2
100023f2:	eba7 0343 	sub.w	r3, r7, r3, lsl #1
100023f6:	1c62      	adds	r2, r4, #1
100023f8:	3330      	adds	r3, #48	@ 0x30
100023fa:	f104 0050 	add.w	r0, r4, #80	@ 0x50
100023fe:	eb0d 0400 	add.w	r4, sp, r0
10002402:	f804 3c20 	strb.w	r3, [r4, #-32]
10002406:	2f09      	cmp	r7, #9
10002408:	d902      	bls.n	10002410 <_ftoa+0x250>
1000240a:	460f      	mov	r7, r1
1000240c:	4614      	mov	r4, r2
1000240e:	e7e6      	b.n	100023de <_ftoa+0x21e>
10002410:	4614      	mov	r4, r2
10002412:	2c1f      	cmp	r4, #31
10002414:	d80a      	bhi.n	1000242c <_ftoa+0x26c>
10002416:	1e6b      	subs	r3, r5, #1
10002418:	b145      	cbz	r5, 1000242c <_ftoa+0x26c>
1000241a:	f104 0250 	add.w	r2, r4, #80	@ 0x50
1000241e:	446a      	add	r2, sp
10002420:	2130      	movs	r1, #48	@ 0x30
10002422:	f802 1c20 	strb.w	r1, [r2, #-32]
10002426:	461d      	mov	r5, r3
10002428:	3401      	adds	r4, #1
1000242a:	e7f2      	b.n	10002412 <_ftoa+0x252>
1000242c:	2c1f      	cmp	r4, #31
1000242e:	d806      	bhi.n	1000243e <_ftoa+0x27e>
10002430:	f104 0350 	add.w	r3, r4, #80	@ 0x50
10002434:	446b      	add	r3, sp
10002436:	222e      	movs	r2, #46	@ 0x2e
10002438:	f803 2c20 	strb.w	r2, [r3, #-32]
1000243c:	3401      	adds	r4, #1
1000243e:	2c1f      	cmp	r4, #31
10002440:	d831      	bhi.n	100024a6 <_ftoa+0x2e6>
10002442:	4a17      	ldr	r2, [pc, #92]	@ (100024a0 <_ftoa+0x2e0>)
10002444:	fb82 3206 	smull	r3, r2, r2, r6
10002448:	17f3      	asrs	r3, r6, #31
1000244a:	ebc3 03a2 	rsb	r3, r3, r2, asr #2
1000244e:	461a      	mov	r2, r3
10002450:	eb03 0383 	add.w	r3, r3, r3, lsl #2
10002454:	eba6 0343 	sub.w	r3, r6, r3, lsl #1
10002458:	1c61      	adds	r1, r4, #1
1000245a:	3330      	adds	r3, #48	@ 0x30
1000245c:	f104 0050 	add.w	r0, r4, #80	@ 0x50
10002460:	eb0d 0400 	add.w	r4, sp, r0
10002464:	f804 3c20 	strb.w	r3, [r4, #-32]
10002468:	4616      	mov	r6, r2
1000246a:	b1da      	cbz	r2, 100024a4 <_ftoa+0x2e4>
1000246c:	460c      	mov	r4, r1
1000246e:	e7e6      	b.n	1000243e <_ftoa+0x27e>
10002470:	00000000 	.word	0x00000000
10002474:	41cdcd65 	.word	0x41cdcd65
10002478:	00000000 	.word	0x00000000
1000247c:	c1cdcd65 	.word	0xc1cdcd65
10002480:	7fefffff 	.word	0x7fefffff
10002484:	10003828 	.word	0x10003828
10002488:	1000382c 	.word	0x1000382c
1000248c:	1000381c 	.word	0x1000381c
10002490:	10003824 	.word	0x10003824
10002494:	100039e0 	.word	0x100039e0
10002498:	3fe00000 	.word	0x3fe00000
1000249c:	cccccccd 	.word	0xcccccccd
100024a0:	66666667 	.word	0x66666667
100024a4:	460c      	mov	r4, r1
100024a6:	9b24      	ldr	r3, [sp, #144]	@ 0x90
100024a8:	f003 0303 	and.w	r3, r3, #3
100024ac:	2b01      	cmp	r3, #1
100024ae:	d01d      	beq.n	100024ec <_ftoa+0x32c>
100024b0:	2c1f      	cmp	r4, #31
100024b2:	d809      	bhi.n	100024c8 <_ftoa+0x308>
100024b4:	9b0b      	ldr	r3, [sp, #44]	@ 0x2c
100024b6:	2b00      	cmp	r3, #0
100024b8:	d035      	beq.n	10002526 <_ftoa+0x366>
100024ba:	f104 0350 	add.w	r3, r4, #80	@ 0x50
100024be:	446b      	add	r3, sp
100024c0:	222d      	movs	r2, #45	@ 0x2d
100024c2:	f803 2c20 	strb.w	r2, [r3, #-32]
100024c6:	3401      	adds	r4, #1
100024c8:	9b24      	ldr	r3, [sp, #144]	@ 0x90
100024ca:	9303      	str	r3, [sp, #12]
100024cc:	9b23      	ldr	r3, [sp, #140]	@ 0x8c
100024ce:	9302      	str	r3, [sp, #8]
100024d0:	9401      	str	r4, [sp, #4]
100024d2:	ab0c      	add	r3, sp, #48	@ 0x30
100024d4:	9300      	str	r3, [sp, #0]
100024d6:	465b      	mov	r3, fp
100024d8:	4652      	mov	r2, sl
100024da:	990a      	ldr	r1, [sp, #40]	@ 0x28
100024dc:	9807      	ldr	r0, [sp, #28]
100024de:	f7ff fad8 	bl	10001a92 <_out_rev>
100024e2:	b015      	add	sp, #84	@ 0x54
100024e4:	ecbd 8b02 	vpop	{d8}
100024e8:	e8bd 8ff0 	ldmia.w	sp!, {r4, r5, r6, r7, r8, r9, sl, fp, pc}
100024ec:	9b23      	ldr	r3, [sp, #140]	@ 0x8c
100024ee:	b1b3      	cbz	r3, 1000251e <_ftoa+0x35e>
100024f0:	9b0b      	ldr	r3, [sp, #44]	@ 0x2c
100024f2:	b91b      	cbnz	r3, 100024fc <_ftoa+0x33c>
100024f4:	9b24      	ldr	r3, [sp, #144]	@ 0x90
100024f6:	f013 0f0c 	tst.w	r3, #12
100024fa:	d012      	beq.n	10002522 <_ftoa+0x362>
100024fc:	9b23      	ldr	r3, [sp, #140]	@ 0x8c
100024fe:	3b01      	subs	r3, #1
10002500:	9323      	str	r3, [sp, #140]	@ 0x8c
10002502:	4619      	mov	r1, r3
10002504:	e006      	b.n	10002514 <_ftoa+0x354>
10002506:	f104 0350 	add.w	r3, r4, #80	@ 0x50
1000250a:	446b      	add	r3, sp
1000250c:	2230      	movs	r2, #48	@ 0x30
1000250e:	f803 2c20 	strb.w	r2, [r3, #-32]
10002512:	3401      	adds	r4, #1
10002514:	428c      	cmp	r4, r1
10002516:	d2cb      	bcs.n	100024b0 <_ftoa+0x2f0>
10002518:	2c1f      	cmp	r4, #31
1000251a:	d9f4      	bls.n	10002506 <_ftoa+0x346>
1000251c:	e7c8      	b.n	100024b0 <_ftoa+0x2f0>
1000251e:	9923      	ldr	r1, [sp, #140]	@ 0x8c
10002520:	e7f8      	b.n	10002514 <_ftoa+0x354>
10002522:	9923      	ldr	r1, [sp, #140]	@ 0x8c
10002524:	e7f6      	b.n	10002514 <_ftoa+0x354>
10002526:	9b24      	ldr	r3, [sp, #144]	@ 0x90
10002528:	f013 0f04 	tst.w	r3, #4
1000252c:	d007      	beq.n	1000253e <_ftoa+0x37e>
1000252e:	f104 0350 	add.w	r3, r4, #80	@ 0x50
10002532:	446b      	add	r3, sp
10002534:	222b      	movs	r2, #43	@ 0x2b
10002536:	f803 2c20 	strb.w	r2, [r3, #-32]
1000253a:	3401      	adds	r4, #1
1000253c:	e7c4      	b.n	100024c8 <_ftoa+0x308>
1000253e:	9b24      	ldr	r3, [sp, #144]	@ 0x90
10002540:	f013 0f08 	tst.w	r3, #8
10002544:	d0c0      	beq.n	100024c8 <_ftoa+0x308>
10002546:	f104 0350 	add.w	r3, r4, #80	@ 0x50
1000254a:	446b      	add	r3, sp
1000254c:	2220      	movs	r2, #32
1000254e:	f803 2c20 	strb.w	r2, [r3, #-32]
10002552:	3401      	adds	r4, #1
10002554:	e7b8      	b.n	100024c8 <_ftoa+0x308>
10002556:	bf00      	nop

10002558 <_vsnprintf>:
10002558:	e92d 4ff0 	stmdb	sp!, {r4, r5, r6, r7, r8, r9, sl, fp, lr}
1000255c:	b091      	sub	sp, #68	@ 0x44
1000255e:	4680      	mov	r8, r0
10002560:	4617      	mov	r7, r2
10002562:	930f      	str	r3, [sp, #60]	@ 0x3c
10002564:	4689      	mov	r9, r1
10002566:	2900      	cmp	r1, #0
10002568:	f000 834b 	beq.w	10002c02 <_vsnprintf+0x6aa>
1000256c:	2600      	movs	r6, #0
1000256e:	9b0f      	ldr	r3, [sp, #60]	@ 0x3c
10002570:	7818      	ldrb	r0, [r3, #0]
10002572:	2800      	cmp	r0, #0
10002574:	f000 8348 	beq.w	10002c08 <_vsnprintf+0x6b0>
10002578:	2825      	cmp	r0, #37	@ 0x25
1000257a:	d009      	beq.n	10002590 <_vsnprintf+0x38>
1000257c:	1c74      	adds	r4, r6, #1
1000257e:	463b      	mov	r3, r7
10002580:	4632      	mov	r2, r6
10002582:	4649      	mov	r1, r9
10002584:	47c0      	blx	r8
10002586:	9b0f      	ldr	r3, [sp, #60]	@ 0x3c
10002588:	3301      	adds	r3, #1
1000258a:	930f      	str	r3, [sp, #60]	@ 0x3c
1000258c:	4626      	mov	r6, r4
1000258e:	e7ee      	b.n	1000256e <_vsnprintf+0x16>
10002590:	3301      	adds	r3, #1
10002592:	930f      	str	r3, [sp, #60]	@ 0x3c
10002594:	2500      	movs	r5, #0
10002596:	e01f      	b.n	100025d8 <_vsnprintf+0x80>
10002598:	f045 0501 	orr.w	r5, r5, #1
1000259c:	3201      	adds	r2, #1
1000259e:	920f      	str	r2, [sp, #60]	@ 0x3c
100025a0:	2301      	movs	r3, #1
100025a2:	e018      	b.n	100025d6 <_vsnprintf+0x7e>
100025a4:	f045 0502 	orr.w	r5, r5, #2
100025a8:	3201      	adds	r2, #1
100025aa:	920f      	str	r2, [sp, #60]	@ 0x3c
100025ac:	2301      	movs	r3, #1
100025ae:	e012      	b.n	100025d6 <_vsnprintf+0x7e>
100025b0:	f045 0504 	orr.w	r5, r5, #4
100025b4:	3201      	adds	r2, #1
100025b6:	920f      	str	r2, [sp, #60]	@ 0x3c
100025b8:	2301      	movs	r3, #1
100025ba:	e00c      	b.n	100025d6 <_vsnprintf+0x7e>
100025bc:	f045 0508 	orr.w	r5, r5, #8
100025c0:	3201      	adds	r2, #1
100025c2:	920f      	str	r2, [sp, #60]	@ 0x3c
100025c4:	2301      	movs	r3, #1
100025c6:	e006      	b.n	100025d6 <_vsnprintf+0x7e>
100025c8:	f045 0510 	orr.w	r5, r5, #16
100025cc:	3201      	adds	r2, #1
100025ce:	920f      	str	r2, [sp, #60]	@ 0x3c
100025d0:	2301      	movs	r3, #1
100025d2:	e000      	b.n	100025d6 <_vsnprintf+0x7e>
100025d4:	2300      	movs	r3, #0
100025d6:	b34b      	cbz	r3, 1000262c <_vsnprintf+0xd4>
100025d8:	9a0f      	ldr	r2, [sp, #60]	@ 0x3c
100025da:	7813      	ldrb	r3, [r2, #0]
100025dc:	3b20      	subs	r3, #32
100025de:	2b10      	cmp	r3, #16
100025e0:	d8f8      	bhi.n	100025d4 <_vsnprintf+0x7c>
100025e2:	a101      	add	r1, pc, #4	@ (adr r1, 100025e8 <_vsnprintf+0x90>)
100025e4:	f851 f023 	ldr.w	pc, [r1, r3, lsl #2]
100025e8:	100025bd 	.word	0x100025bd
100025ec:	100025d5 	.word	0x100025d5
100025f0:	100025d5 	.word	0x100025d5
100025f4:	100025c9 	.word	0x100025c9
100025f8:	100025d5 	.word	0x100025d5
100025fc:	100025d5 	.word	0x100025d5
10002600:	100025d5 	.word	0x100025d5
10002604:	100025d5 	.word	0x100025d5
10002608:	100025d5 	.word	0x100025d5
1000260c:	100025d5 	.word	0x100025d5
10002610:	100025d5 	.word	0x100025d5
10002614:	100025b1 	.word	0x100025b1
10002618:	100025d5 	.word	0x100025d5
1000261c:	100025a5 	.word	0x100025a5
10002620:	100025d5 	.word	0x100025d5
10002624:	100025d5 	.word	0x100025d5
10002628:	10002599 	.word	0x10002599
1000262c:	930b      	str	r3, [sp, #44]	@ 0x2c
1000262e:	9b0f      	ldr	r3, [sp, #60]	@ 0x3c
10002630:	781a      	ldrb	r2, [r3, #0]
10002632:	f1a2 0330 	sub.w	r3, r2, #48	@ 0x30
10002636:	b2db      	uxtb	r3, r3
10002638:	2b09      	cmp	r3, #9
1000263a:	d918      	bls.n	1000266e <_vsnprintf+0x116>
1000263c:	2a2a      	cmp	r2, #42	@ 0x2a
1000263e:	d01b      	beq.n	10002678 <_vsnprintf+0x120>
10002640:	f8dd b02c 	ldr.w	fp, [sp, #44]	@ 0x2c
10002644:	9b0f      	ldr	r3, [sp, #60]	@ 0x3c
10002646:	781a      	ldrb	r2, [r3, #0]
10002648:	2a2e      	cmp	r2, #46	@ 0x2e
1000264a:	d025      	beq.n	10002698 <_vsnprintf+0x140>
1000264c:	9a0f      	ldr	r2, [sp, #60]	@ 0x3c
1000264e:	7813      	ldrb	r3, [r2, #0]
10002650:	3b68      	subs	r3, #104	@ 0x68
10002652:	2b12      	cmp	r3, #18
10002654:	d85c      	bhi.n	10002710 <_vsnprintf+0x1b8>
10002656:	e8df f003 	tbb	[pc, r3]
1000265a:	5b49      	.short	0x5b49
1000265c:	5b3b5bac 	.word	0x5b3b5bac
10002660:	5b5b5b5b 	.word	0x5b5b5b5b
10002664:	5b575b5b 	.word	0x5b575b5b
10002668:	5b5b5b5b 	.word	0x5b5b5b5b
1000266c:	b1          	.byte	0xb1
1000266d:	00          	.byte	0x00
1000266e:	a80f      	add	r0, sp, #60	@ 0x3c
10002670:	f7ff f9fc 	bl	10001a6c <_atoi>
10002674:	4683      	mov	fp, r0
10002676:	e7e5      	b.n	10002644 <_vsnprintf+0xec>
10002678:	9b1a      	ldr	r3, [sp, #104]	@ 0x68
1000267a:	1d1a      	adds	r2, r3, #4
1000267c:	921a      	str	r2, [sp, #104]	@ 0x68
1000267e:	681b      	ldr	r3, [r3, #0]
10002680:	2b00      	cmp	r3, #0
10002682:	db04      	blt.n	1000268e <_vsnprintf+0x136>
10002684:	469b      	mov	fp, r3
10002686:	9b0f      	ldr	r3, [sp, #60]	@ 0x3c
10002688:	3301      	adds	r3, #1
1000268a:	930f      	str	r3, [sp, #60]	@ 0x3c
1000268c:	e7da      	b.n	10002644 <_vsnprintf+0xec>
1000268e:	f045 0502 	orr.w	r5, r5, #2
10002692:	f1c3 0b00 	rsb	fp, r3, #0
10002696:	e7f6      	b.n	10002686 <_vsnprintf+0x12e>
10002698:	f445 6580 	orr.w	r5, r5, #1024	@ 0x400
1000269c:	1c5a      	adds	r2, r3, #1
1000269e:	920f      	str	r2, [sp, #60]	@ 0x3c
100026a0:	785a      	ldrb	r2, [r3, #1]
100026a2:	f1a2 0330 	sub.w	r3, r2, #48	@ 0x30
100026a6:	b2db      	uxtb	r3, r3
100026a8:	2b09      	cmp	r3, #9
100026aa:	d90c      	bls.n	100026c6 <_vsnprintf+0x16e>
100026ac:	2a2a      	cmp	r2, #42	@ 0x2a
100026ae:	d1cd      	bne.n	1000264c <_vsnprintf+0xf4>
100026b0:	9b1a      	ldr	r3, [sp, #104]	@ 0x68
100026b2:	1d1a      	adds	r2, r3, #4
100026b4:	921a      	str	r2, [sp, #104]	@ 0x68
100026b6:	681c      	ldr	r4, [r3, #0]
100026b8:	ea24 73e4 	bic.w	r3, r4, r4, asr #31
100026bc:	930b      	str	r3, [sp, #44]	@ 0x2c
100026be:	9b0f      	ldr	r3, [sp, #60]	@ 0x3c
100026c0:	3301      	adds	r3, #1
100026c2:	930f      	str	r3, [sp, #60]	@ 0x3c
100026c4:	e7c2      	b.n	1000264c <_vsnprintf+0xf4>
100026c6:	a80f      	add	r0, sp, #60	@ 0x3c
100026c8:	f7ff f9d0 	bl	10001a6c <_atoi>
100026cc:	900b      	str	r0, [sp, #44]	@ 0x2c
100026ce:	e7bd      	b.n	1000264c <_vsnprintf+0xf4>
100026d0:	f445 7180 	orr.w	r1, r5, #256	@ 0x100
100026d4:	1c53      	adds	r3, r2, #1
100026d6:	930f      	str	r3, [sp, #60]	@ 0x3c
100026d8:	7853      	ldrb	r3, [r2, #1]
100026da:	2b6c      	cmp	r3, #108	@ 0x6c
100026dc:	d001      	beq.n	100026e2 <_vsnprintf+0x18a>
100026de:	460d      	mov	r5, r1
100026e0:	e016      	b.n	10002710 <_vsnprintf+0x1b8>
100026e2:	f445 7540 	orr.w	r5, r5, #768	@ 0x300
100026e6:	3202      	adds	r2, #2
100026e8:	920f      	str	r2, [sp, #60]	@ 0x3c
100026ea:	e011      	b.n	10002710 <_vsnprintf+0x1b8>
100026ec:	f045 0180 	orr.w	r1, r5, #128	@ 0x80
100026f0:	1c53      	adds	r3, r2, #1
100026f2:	930f      	str	r3, [sp, #60]	@ 0x3c
100026f4:	7853      	ldrb	r3, [r2, #1]
100026f6:	2b68      	cmp	r3, #104	@ 0x68
100026f8:	d001      	beq.n	100026fe <_vsnprintf+0x1a6>
100026fa:	460d      	mov	r5, r1
100026fc:	e008      	b.n	10002710 <_vsnprintf+0x1b8>
100026fe:	f045 05c0 	orr.w	r5, r5, #192	@ 0xc0
10002702:	3202      	adds	r2, #2
10002704:	920f      	str	r2, [sp, #60]	@ 0x3c
10002706:	e003      	b.n	10002710 <_vsnprintf+0x1b8>
10002708:	f445 7580 	orr.w	r5, r5, #256	@ 0x100
1000270c:	3201      	adds	r2, #1
1000270e:	920f      	str	r2, [sp, #60]	@ 0x3c
10002710:	9b0f      	ldr	r3, [sp, #60]	@ 0x3c
10002712:	7818      	ldrb	r0, [r3, #0]
10002714:	2867      	cmp	r0, #103	@ 0x67
10002716:	d856      	bhi.n	100027c6 <_vsnprintf+0x26e>
10002718:	2825      	cmp	r0, #37	@ 0x25
1000271a:	f0c0 8268 	bcc.w	10002bee <_vsnprintf+0x696>
1000271e:	f1a0 0325 	sub.w	r3, r0, #37	@ 0x25
10002722:	2b42      	cmp	r3, #66	@ 0x42
10002724:	f200 8263 	bhi.w	10002bee <_vsnprintf+0x696>
10002728:	e8df f013 	tbh	[pc, r3, lsl #1]
1000272c:	02610256 	.word	0x02610256
10002730:	02610261 	.word	0x02610261
10002734:	02610261 	.word	0x02610261
10002738:	02610261 	.word	0x02610261
1000273c:	02610261 	.word	0x02610261
10002740:	02610261 	.word	0x02610261
10002744:	02610261 	.word	0x02610261
10002748:	02610261 	.word	0x02610261
1000274c:	02610261 	.word	0x02610261
10002750:	02610261 	.word	0x02610261
10002754:	02610261 	.word	0x02610261
10002758:	02610261 	.word	0x02610261
1000275c:	02610261 	.word	0x02610261
10002760:	02610261 	.word	0x02610261
10002764:	02610261 	.word	0x02610261
10002768:	02610261 	.word	0x02610261
1000276c:	01680188 	.word	0x01680188
10002770:	02610188 	.word	0x02610188
10002774:	02610261 	.word	0x02610261
10002778:	02610261 	.word	0x02610261
1000277c:	02610261 	.word	0x02610261
10002780:	02610261 	.word	0x02610261
10002784:	02610261 	.word	0x02610261
10002788:	02610261 	.word	0x02610261
1000278c:	02610261 	.word	0x02610261
10002790:	00710261 	.word	0x00710261
10002794:	02610261 	.word	0x02610261
10002798:	02610261 	.word	0x02610261
1000279c:	02610261 	.word	0x02610261
100027a0:	02610261 	.word	0x02610261
100027a4:	00710261 	.word	0x00710261
100027a8:	007101af 	.word	0x007101af
100027ac:	01680188 	.word	0x01680188
100027b0:	0188      	.short	0x0188
100027b2:	f445 7500 	orr.w	r5, r5, #512	@ 0x200
100027b6:	3201      	adds	r2, #1
100027b8:	920f      	str	r2, [sp, #60]	@ 0x3c
100027ba:	e7a9      	b.n	10002710 <_vsnprintf+0x1b8>
100027bc:	f445 7580 	orr.w	r5, r5, #256	@ 0x100
100027c0:	3201      	adds	r2, #1
100027c2:	920f      	str	r2, [sp, #60]	@ 0x3c
100027c4:	e7a4      	b.n	10002710 <_vsnprintf+0x1b8>
100027c6:	2878      	cmp	r0, #120	@ 0x78
100027c8:	f200 8211 	bhi.w	10002bee <_vsnprintf+0x696>
100027cc:	2869      	cmp	r0, #105	@ 0x69
100027ce:	f0c0 820e 	bcc.w	10002bee <_vsnprintf+0x696>
100027d2:	f1a0 0269 	sub.w	r2, r0, #105	@ 0x69
100027d6:	b2d2      	uxtb	r2, r2
100027d8:	2301      	movs	r3, #1
100027da:	4093      	lsls	r3, r2
100027dc:	f249 0241 	movw	r2, #36929	@ 0x9041
100027e0:	4213      	tst	r3, r2
100027e2:	d114      	bne.n	1000280e <_vsnprintf+0x2b6>
100027e4:	f013 0f80 	tst.w	r3, #128	@ 0x80
100027e8:	f040 81db 	bne.w	10002ba2 <_vsnprintf+0x64a>
100027ec:	f413 6f80 	tst.w	r3, #1024	@ 0x400
100027f0:	f000 81fd 	beq.w	10002bee <_vsnprintf+0x696>
100027f4:	9b1a      	ldr	r3, [sp, #104]	@ 0x68
100027f6:	1d1a      	adds	r2, r3, #4
100027f8:	921a      	str	r2, [sp, #104]	@ 0x68
100027fa:	f8d3 a000 	ldr.w	sl, [r3]
100027fe:	9b0b      	ldr	r3, [sp, #44]	@ 0x2c
10002800:	2b00      	cmp	r3, #0
10002802:	f040 8190 	bne.w	10002b26 <_vsnprintf+0x5ce>
10002806:	f04f 32ff 	mov.w	r2, #4294967295	@ 0xffffffff
1000280a:	4653      	mov	r3, sl
1000280c:	e171      	b.n	10002af2 <_vsnprintf+0x59a>
1000280e:	286f      	cmp	r0, #111	@ 0x6f
10002810:	d00c      	beq.n	1000282c <_vsnprintf+0x2d4>
10002812:	d805      	bhi.n	10002820 <_vsnprintf+0x2c8>
10002814:	2858      	cmp	r0, #88	@ 0x58
10002816:	d03c      	beq.n	10002892 <_vsnprintf+0x33a>
10002818:	2862      	cmp	r0, #98	@ 0x62
1000281a:	d103      	bne.n	10002824 <_vsnprintf+0x2cc>
1000281c:	2302      	movs	r3, #2
1000281e:	e006      	b.n	1000282e <_vsnprintf+0x2d6>
10002820:	2878      	cmp	r0, #120	@ 0x78
10002822:	d038      	beq.n	10002896 <_vsnprintf+0x33e>
10002824:	f025 0510 	bic.w	r5, r5, #16
10002828:	230a      	movs	r3, #10
1000282a:	e000      	b.n	1000282e <_vsnprintf+0x2d6>
1000282c:	2308      	movs	r3, #8
1000282e:	2858      	cmp	r0, #88	@ 0x58
10002830:	d033      	beq.n	1000289a <_vsnprintf+0x342>
10002832:	2869      	cmp	r0, #105	@ 0x69
10002834:	d003      	beq.n	1000283e <_vsnprintf+0x2e6>
10002836:	2864      	cmp	r0, #100	@ 0x64
10002838:	d001      	beq.n	1000283e <_vsnprintf+0x2e6>
1000283a:	f025 050c 	bic.w	r5, r5, #12
1000283e:	f415 6f80 	tst.w	r5, #1024	@ 0x400
10002842:	d001      	beq.n	10002848 <_vsnprintf+0x2f0>
10002844:	f025 0501 	bic.w	r5, r5, #1
10002848:	2869      	cmp	r0, #105	@ 0x69
1000284a:	d029      	beq.n	100028a0 <_vsnprintf+0x348>
1000284c:	2864      	cmp	r0, #100	@ 0x64
1000284e:	d027      	beq.n	100028a0 <_vsnprintf+0x348>
10002850:	f415 7f00 	tst.w	r5, #512	@ 0x200
10002854:	f040 8094 	bne.w	10002980 <_vsnprintf+0x428>
10002858:	f415 7f80 	tst.w	r5, #256	@ 0x100
1000285c:	f040 80ac 	bne.w	100029b8 <_vsnprintf+0x460>
10002860:	f015 0f40 	tst.w	r5, #64	@ 0x40
10002864:	f000 80bd 	beq.w	100029e2 <_vsnprintf+0x48a>
10002868:	9a1a      	ldr	r2, [sp, #104]	@ 0x68
1000286a:	1d11      	adds	r1, r2, #4
1000286c:	911a      	str	r1, [sp, #104]	@ 0x68
1000286e:	7812      	ldrb	r2, [r2, #0]
10002870:	9505      	str	r5, [sp, #20]
10002872:	f8cd b010 	str.w	fp, [sp, #16]
10002876:	990b      	ldr	r1, [sp, #44]	@ 0x2c
10002878:	9103      	str	r1, [sp, #12]
1000287a:	9302      	str	r3, [sp, #8]
1000287c:	2300      	movs	r3, #0
1000287e:	9301      	str	r3, [sp, #4]
10002880:	9200      	str	r2, [sp, #0]
10002882:	463b      	mov	r3, r7
10002884:	4632      	mov	r2, r6
10002886:	4649      	mov	r1, r9
10002888:	4640      	mov	r0, r8
1000288a:	f7ff f9dc 	bl	10001c46 <_ntoa_long>
1000288e:	4606      	mov	r6, r0
10002890:	e027      	b.n	100028e2 <_vsnprintf+0x38a>
10002892:	2310      	movs	r3, #16
10002894:	e7cb      	b.n	1000282e <_vsnprintf+0x2d6>
10002896:	2310      	movs	r3, #16
10002898:	e7c9      	b.n	1000282e <_vsnprintf+0x2d6>
1000289a:	f045 0520 	orr.w	r5, r5, #32
1000289e:	e7c8      	b.n	10002832 <_vsnprintf+0x2da>
100028a0:	f415 7f00 	tst.w	r5, #512	@ 0x200
100028a4:	d121      	bne.n	100028ea <_vsnprintf+0x392>
100028a6:	f415 7f80 	tst.w	r5, #256	@ 0x100
100028aa:	d142      	bne.n	10002932 <_vsnprintf+0x3da>
100028ac:	f015 0f40 	tst.w	r5, #64	@ 0x40
100028b0:	d058      	beq.n	10002964 <_vsnprintf+0x40c>
100028b2:	9a1a      	ldr	r2, [sp, #104]	@ 0x68
100028b4:	1d11      	adds	r1, r2, #4
100028b6:	911a      	str	r1, [sp, #104]	@ 0x68
100028b8:	7812      	ldrb	r2, [r2, #0]
100028ba:	ea82 71e2 	eor.w	r1, r2, r2, asr #31
100028be:	eba1 71e2 	sub.w	r1, r1, r2, asr #31
100028c2:	9505      	str	r5, [sp, #20]
100028c4:	f8cd b010 	str.w	fp, [sp, #16]
100028c8:	980b      	ldr	r0, [sp, #44]	@ 0x2c
100028ca:	9003      	str	r0, [sp, #12]
100028cc:	9302      	str	r3, [sp, #8]
100028ce:	0fd2      	lsrs	r2, r2, #31
100028d0:	9201      	str	r2, [sp, #4]
100028d2:	9100      	str	r1, [sp, #0]
100028d4:	463b      	mov	r3, r7
100028d6:	4632      	mov	r2, r6
100028d8:	4649      	mov	r1, r9
100028da:	4640      	mov	r0, r8
100028dc:	f7ff f9b3 	bl	10001c46 <_ntoa_long>
100028e0:	4606      	mov	r6, r0
100028e2:	9b0f      	ldr	r3, [sp, #60]	@ 0x3c
100028e4:	3301      	adds	r3, #1
100028e6:	930f      	str	r3, [sp, #60]	@ 0x3c
100028e8:	e641      	b.n	1000256e <_vsnprintf+0x16>
100028ea:	9a1a      	ldr	r2, [sp, #104]	@ 0x68
100028ec:	3207      	adds	r2, #7
100028ee:	f022 0207 	bic.w	r2, r2, #7
100028f2:	f102 0108 	add.w	r1, r2, #8
100028f6:	911a      	str	r1, [sp, #104]	@ 0x68
100028f8:	6851      	ldr	r1, [r2, #4]
100028fa:	6812      	ldr	r2, [r2, #0]
100028fc:	4608      	mov	r0, r1
100028fe:	2900      	cmp	r1, #0
10002900:	db13      	blt.n	1000292a <_vsnprintf+0x3d2>
10002902:	9508      	str	r5, [sp, #32]
10002904:	f8cd b01c 	str.w	fp, [sp, #28]
10002908:	9c0b      	ldr	r4, [sp, #44]	@ 0x2c
1000290a:	9406      	str	r4, [sp, #24]
1000290c:	9304      	str	r3, [sp, #16]
1000290e:	2300      	movs	r3, #0
10002910:	9305      	str	r3, [sp, #20]
10002912:	0fc9      	lsrs	r1, r1, #31
10002914:	9102      	str	r1, [sp, #8]
10002916:	9200      	str	r2, [sp, #0]
10002918:	9001      	str	r0, [sp, #4]
1000291a:	463b      	mov	r3, r7
1000291c:	4632      	mov	r2, r6
1000291e:	4649      	mov	r1, r9
10002920:	4640      	mov	r0, r8
10002922:	f7ff f9da 	bl	10001cda <_ntoa_long_long>
10002926:	4606      	mov	r6, r0
10002928:	e7db      	b.n	100028e2 <_vsnprintf+0x38a>
1000292a:	4252      	negs	r2, r2
1000292c:	eb61 0041 	sbc.w	r0, r1, r1, lsl #1
10002930:	e7e7      	b.n	10002902 <_vsnprintf+0x3aa>
10002932:	9a1a      	ldr	r2, [sp, #104]	@ 0x68
10002934:	1d11      	adds	r1, r2, #4
10002936:	911a      	str	r1, [sp, #104]	@ 0x68
10002938:	6812      	ldr	r2, [r2, #0]
1000293a:	ea82 71e2 	eor.w	r1, r2, r2, asr #31
1000293e:	eba1 71e2 	sub.w	r1, r1, r2, asr #31
10002942:	9505      	str	r5, [sp, #20]
10002944:	f8cd b010 	str.w	fp, [sp, #16]
10002948:	980b      	ldr	r0, [sp, #44]	@ 0x2c
1000294a:	9003      	str	r0, [sp, #12]
1000294c:	9302      	str	r3, [sp, #8]
1000294e:	0fd2      	lsrs	r2, r2, #31
10002950:	9201      	str	r2, [sp, #4]
10002952:	9100      	str	r1, [sp, #0]
10002954:	463b      	mov	r3, r7
10002956:	4632      	mov	r2, r6
10002958:	4649      	mov	r1, r9
1000295a:	4640      	mov	r0, r8
1000295c:	f7ff f973 	bl	10001c46 <_ntoa_long>
10002960:	4606      	mov	r6, r0
10002962:	e7be      	b.n	100028e2 <_vsnprintf+0x38a>
10002964:	f015 0f80 	tst.w	r5, #128	@ 0x80
10002968:	d005      	beq.n	10002976 <_vsnprintf+0x41e>
1000296a:	9a1a      	ldr	r2, [sp, #104]	@ 0x68
1000296c:	1d11      	adds	r1, r2, #4
1000296e:	911a      	str	r1, [sp, #104]	@ 0x68
10002970:	f9b2 2000 	ldrsh.w	r2, [r2]
10002974:	e7a1      	b.n	100028ba <_vsnprintf+0x362>
10002976:	9a1a      	ldr	r2, [sp, #104]	@ 0x68
10002978:	1d11      	adds	r1, r2, #4
1000297a:	911a      	str	r1, [sp, #104]	@ 0x68
1000297c:	6812      	ldr	r2, [r2, #0]
1000297e:	e79c      	b.n	100028ba <_vsnprintf+0x362>
10002980:	9a1a      	ldr	r2, [sp, #104]	@ 0x68
10002982:	3207      	adds	r2, #7
10002984:	f022 0207 	bic.w	r2, r2, #7
10002988:	f102 0108 	add.w	r1, r2, #8
1000298c:	911a      	str	r1, [sp, #104]	@ 0x68
1000298e:	9508      	str	r5, [sp, #32]
10002990:	f8cd b01c 	str.w	fp, [sp, #28]
10002994:	990b      	ldr	r1, [sp, #44]	@ 0x2c
10002996:	9106      	str	r1, [sp, #24]
10002998:	2100      	movs	r1, #0
1000299a:	9304      	str	r3, [sp, #16]
1000299c:	9105      	str	r1, [sp, #20]
1000299e:	9102      	str	r1, [sp, #8]
100029a0:	e9d2 2300 	ldrd	r2, r3, [r2]
100029a4:	e9cd 2300 	strd	r2, r3, [sp]
100029a8:	463b      	mov	r3, r7
100029aa:	4632      	mov	r2, r6
100029ac:	4649      	mov	r1, r9
100029ae:	4640      	mov	r0, r8
100029b0:	f7ff f993 	bl	10001cda <_ntoa_long_long>
100029b4:	4606      	mov	r6, r0
100029b6:	e794      	b.n	100028e2 <_vsnprintf+0x38a>
100029b8:	9a1a      	ldr	r2, [sp, #104]	@ 0x68
100029ba:	1d11      	adds	r1, r2, #4
100029bc:	911a      	str	r1, [sp, #104]	@ 0x68
100029be:	9505      	str	r5, [sp, #20]
100029c0:	f8cd b010 	str.w	fp, [sp, #16]
100029c4:	990b      	ldr	r1, [sp, #44]	@ 0x2c
100029c6:	9103      	str	r1, [sp, #12]
100029c8:	9302      	str	r3, [sp, #8]
100029ca:	2300      	movs	r3, #0
100029cc:	9301      	str	r3, [sp, #4]
100029ce:	6813      	ldr	r3, [r2, #0]
100029d0:	9300      	str	r3, [sp, #0]
100029d2:	463b      	mov	r3, r7
100029d4:	4632      	mov	r2, r6
100029d6:	4649      	mov	r1, r9
100029d8:	4640      	mov	r0, r8
100029da:	f7ff f934 	bl	10001c46 <_ntoa_long>
100029de:	4606      	mov	r6, r0
100029e0:	e77f      	b.n	100028e2 <_vsnprintf+0x38a>
100029e2:	f015 0f80 	tst.w	r5, #128	@ 0x80
100029e6:	d004      	beq.n	100029f2 <_vsnprintf+0x49a>
100029e8:	9a1a      	ldr	r2, [sp, #104]	@ 0x68
100029ea:	1d11      	adds	r1, r2, #4
100029ec:	911a      	str	r1, [sp, #104]	@ 0x68
100029ee:	8812      	ldrh	r2, [r2, #0]
100029f0:	e73e      	b.n	10002870 <_vsnprintf+0x318>
100029f2:	9a1a      	ldr	r2, [sp, #104]	@ 0x68
100029f4:	1d11      	adds	r1, r2, #4
100029f6:	911a      	str	r1, [sp, #104]	@ 0x68
100029f8:	6812      	ldr	r2, [r2, #0]
100029fa:	e739      	b.n	10002870 <_vsnprintf+0x318>
100029fc:	2846      	cmp	r0, #70	@ 0x46
100029fe:	d01a      	beq.n	10002a36 <_vsnprintf+0x4de>
10002a00:	9b1a      	ldr	r3, [sp, #104]	@ 0x68
10002a02:	3307      	adds	r3, #7
10002a04:	f023 0307 	bic.w	r3, r3, #7
10002a08:	f103 0208 	add.w	r2, r3, #8
10002a0c:	921a      	str	r2, [sp, #104]	@ 0x68
10002a0e:	9504      	str	r5, [sp, #16]
10002a10:	f8cd b00c 	str.w	fp, [sp, #12]
10002a14:	9a0b      	ldr	r2, [sp, #44]	@ 0x2c
10002a16:	9202      	str	r2, [sp, #8]
10002a18:	e9d3 2300 	ldrd	r2, r3, [r3]
10002a1c:	e9cd 2300 	strd	r2, r3, [sp]
10002a20:	463b      	mov	r3, r7
10002a22:	4632      	mov	r2, r6
10002a24:	4649      	mov	r1, r9
10002a26:	4640      	mov	r0, r8
10002a28:	f7ff fbca 	bl	100021c0 <_ftoa>
10002a2c:	4606      	mov	r6, r0
10002a2e:	9b0f      	ldr	r3, [sp, #60]	@ 0x3c
10002a30:	3301      	adds	r3, #1
10002a32:	930f      	str	r3, [sp, #60]	@ 0x3c
10002a34:	e59b      	b.n	1000256e <_vsnprintf+0x16>
10002a36:	f045 0520 	orr.w	r5, r5, #32
10002a3a:	e7e1      	b.n	10002a00 <_vsnprintf+0x4a8>
10002a3c:	2867      	cmp	r0, #103	@ 0x67
10002a3e:	d001      	beq.n	10002a44 <_vsnprintf+0x4ec>
10002a40:	2847      	cmp	r0, #71	@ 0x47
10002a42:	d101      	bne.n	10002a48 <_vsnprintf+0x4f0>
10002a44:	f445 6500 	orr.w	r5, r5, #2048	@ 0x800
10002a48:	2845      	cmp	r0, #69	@ 0x45
10002a4a:	d001      	beq.n	10002a50 <_vsnprintf+0x4f8>
10002a4c:	2847      	cmp	r0, #71	@ 0x47
10002a4e:	d101      	bne.n	10002a54 <_vsnprintf+0x4fc>
10002a50:	f045 0520 	orr.w	r5, r5, #32
10002a54:	9b1a      	ldr	r3, [sp, #104]	@ 0x68
10002a56:	3307      	adds	r3, #7
10002a58:	f023 0307 	bic.w	r3, r3, #7
10002a5c:	f103 0208 	add.w	r2, r3, #8
10002a60:	921a      	str	r2, [sp, #104]	@ 0x68
10002a62:	9504      	str	r5, [sp, #16]
10002a64:	f8cd b00c 	str.w	fp, [sp, #12]
10002a68:	9a0b      	ldr	r2, [sp, #44]	@ 0x2c
10002a6a:	9202      	str	r2, [sp, #8]
10002a6c:	e9d3 2300 	ldrd	r2, r3, [r3]
10002a70:	e9cd 2300 	strd	r2, r3, [sp]
10002a74:	463b      	mov	r3, r7
10002a76:	4632      	mov	r2, r6
10002a78:	4649      	mov	r1, r9
10002a7a:	4640      	mov	r0, r8
10002a7c:	f7ff f990 	bl	10001da0 <_etoa>
10002a80:	4606      	mov	r6, r0
10002a82:	9b0f      	ldr	r3, [sp, #60]	@ 0x3c
10002a84:	3301      	adds	r3, #1
10002a86:	930f      	str	r3, [sp, #60]	@ 0x3c
10002a88:	e571      	b.n	1000256e <_vsnprintf+0x16>
10002a8a:	f015 0502 	ands.w	r5, r5, #2
10002a8e:	d01d      	beq.n	10002acc <_vsnprintf+0x574>
10002a90:	2401      	movs	r4, #1
10002a92:	981a      	ldr	r0, [sp, #104]	@ 0x68
10002a94:	1d03      	adds	r3, r0, #4
10002a96:	931a      	str	r3, [sp, #104]	@ 0x68
10002a98:	f106 0a01 	add.w	sl, r6, #1
10002a9c:	463b      	mov	r3, r7
10002a9e:	4632      	mov	r2, r6
10002aa0:	4649      	mov	r1, r9
10002aa2:	7800      	ldrb	r0, [r0, #0]
10002aa4:	47c0      	blx	r8
10002aa6:	b9a5      	cbnz	r5, 10002ad2 <_vsnprintf+0x57a>
10002aa8:	9b0f      	ldr	r3, [sp, #60]	@ 0x3c
10002aaa:	3301      	adds	r3, #1
10002aac:	930f      	str	r3, [sp, #60]	@ 0x3c
10002aae:	4656      	mov	r6, sl
10002ab0:	e55d      	b.n	1000256e <_vsnprintf+0x16>
10002ab2:	f102 0a01 	add.w	sl, r2, #1
10002ab6:	463b      	mov	r3, r7
10002ab8:	4649      	mov	r1, r9
10002aba:	2020      	movs	r0, #32
10002abc:	47c0      	blx	r8
10002abe:	4623      	mov	r3, r4
10002ac0:	4652      	mov	r2, sl
10002ac2:	1c5c      	adds	r4, r3, #1
10002ac4:	459b      	cmp	fp, r3
10002ac6:	d8f4      	bhi.n	10002ab2 <_vsnprintf+0x55a>
10002ac8:	4616      	mov	r6, r2
10002aca:	e7e2      	b.n	10002a92 <_vsnprintf+0x53a>
10002acc:	2301      	movs	r3, #1
10002ace:	4632      	mov	r2, r6
10002ad0:	e7f7      	b.n	10002ac2 <_vsnprintf+0x56a>
10002ad2:	4652      	mov	r2, sl
10002ad4:	e006      	b.n	10002ae4 <_vsnprintf+0x58c>
10002ad6:	1c56      	adds	r6, r2, #1
10002ad8:	463b      	mov	r3, r7
10002ada:	4649      	mov	r1, r9
10002adc:	2020      	movs	r0, #32
10002ade:	47c0      	blx	r8
10002ae0:	462c      	mov	r4, r5
10002ae2:	4632      	mov	r2, r6
10002ae4:	1c65      	adds	r5, r4, #1
10002ae6:	45a3      	cmp	fp, r4
10002ae8:	d8f5      	bhi.n	10002ad6 <_vsnprintf+0x57e>
10002aea:	4692      	mov	sl, r2
10002aec:	e7dc      	b.n	10002aa8 <_vsnprintf+0x550>
10002aee:	3301      	adds	r3, #1
10002af0:	460a      	mov	r2, r1
10002af2:	7819      	ldrb	r1, [r3, #0]
10002af4:	b111      	cbz	r1, 10002afc <_vsnprintf+0x5a4>
10002af6:	1e51      	subs	r1, r2, #1
10002af8:	2a00      	cmp	r2, #0
10002afa:	d1f8      	bne.n	10002aee <_vsnprintf+0x596>
10002afc:	eba3 030a 	sub.w	r3, r3, sl
10002b00:	f415 6280 	ands.w	r2, r5, #1024	@ 0x400
10002b04:	920c      	str	r2, [sp, #48]	@ 0x30
10002b06:	d003      	beq.n	10002b10 <_vsnprintf+0x5b8>
10002b08:	9a0b      	ldr	r2, [sp, #44]	@ 0x2c
10002b0a:	4293      	cmp	r3, r2
10002b0c:	bf28      	it	cs
10002b0e:	4613      	movcs	r3, r2
10002b10:	f015 0402 	ands.w	r4, r5, #2
10002b14:	d009      	beq.n	10002b2a <_vsnprintf+0x5d2>
10002b16:	940d      	str	r4, [sp, #52]	@ 0x34
10002b18:	f8cd b038 	str.w	fp, [sp, #56]	@ 0x38
10002b1c:	9d0b      	ldr	r5, [sp, #44]	@ 0x2c
10002b1e:	4632      	mov	r2, r6
10002b20:	9e0c      	ldr	r6, [sp, #48]	@ 0x30
10002b22:	469b      	mov	fp, r3
10002b24:	e01f      	b.n	10002b66 <_vsnprintf+0x60e>
10002b26:	9a0b      	ldr	r2, [sp, #44]	@ 0x2c
10002b28:	e66f      	b.n	1000280a <_vsnprintf+0x2b2>
10002b2a:	4632      	mov	r2, r6
10002b2c:	4626      	mov	r6, r4
10002b2e:	e006      	b.n	10002b3e <_vsnprintf+0x5e6>
10002b30:	1c54      	adds	r4, r2, #1
10002b32:	463b      	mov	r3, r7
10002b34:	4649      	mov	r1, r9
10002b36:	2020      	movs	r0, #32
10002b38:	47c0      	blx	r8
10002b3a:	462b      	mov	r3, r5
10002b3c:	4622      	mov	r2, r4
10002b3e:	1c5d      	adds	r5, r3, #1
10002b40:	459b      	cmp	fp, r3
10002b42:	d8f5      	bhi.n	10002b30 <_vsnprintf+0x5d8>
10002b44:	4634      	mov	r4, r6
10002b46:	462b      	mov	r3, r5
10002b48:	940d      	str	r4, [sp, #52]	@ 0x34
10002b4a:	f8cd b038 	str.w	fp, [sp, #56]	@ 0x38
10002b4e:	9d0b      	ldr	r5, [sp, #44]	@ 0x2c
10002b50:	9e0c      	ldr	r6, [sp, #48]	@ 0x30
10002b52:	469b      	mov	fp, r3
10002b54:	e007      	b.n	10002b66 <_vsnprintf+0x60e>
10002b56:	461d      	mov	r5, r3
10002b58:	f10a 0a01 	add.w	sl, sl, #1
10002b5c:	1c54      	adds	r4, r2, #1
10002b5e:	463b      	mov	r3, r7
10002b60:	4649      	mov	r1, r9
10002b62:	47c0      	blx	r8
10002b64:	4622      	mov	r2, r4
10002b66:	f89a 0000 	ldrb.w	r0, [sl]
10002b6a:	b120      	cbz	r0, 10002b76 <_vsnprintf+0x61e>
10002b6c:	2e00      	cmp	r6, #0
10002b6e:	d0f3      	beq.n	10002b58 <_vsnprintf+0x600>
10002b70:	1e6b      	subs	r3, r5, #1
10002b72:	2d00      	cmp	r5, #0
10002b74:	d1ef      	bne.n	10002b56 <_vsnprintf+0x5fe>
10002b76:	9c0d      	ldr	r4, [sp, #52]	@ 0x34
10002b78:	4616      	mov	r6, r2
10002b7a:	465b      	mov	r3, fp
10002b7c:	f8dd b038 	ldr.w	fp, [sp, #56]	@ 0x38
10002b80:	b954      	cbnz	r4, 10002b98 <_vsnprintf+0x640>
10002b82:	9b0f      	ldr	r3, [sp, #60]	@ 0x3c
10002b84:	3301      	adds	r3, #1
10002b86:	930f      	str	r3, [sp, #60]	@ 0x3c
10002b88:	e4f1      	b.n	1000256e <_vsnprintf+0x16>
10002b8a:	1c55      	adds	r5, r2, #1
10002b8c:	463b      	mov	r3, r7
10002b8e:	4649      	mov	r1, r9
10002b90:	2020      	movs	r0, #32
10002b92:	47c0      	blx	r8
10002b94:	4623      	mov	r3, r4
10002b96:	462a      	mov	r2, r5
10002b98:	1c5c      	adds	r4, r3, #1
10002b9a:	459b      	cmp	fp, r3
10002b9c:	d8f5      	bhi.n	10002b8a <_vsnprintf+0x632>
10002b9e:	4616      	mov	r6, r2
10002ba0:	e7ef      	b.n	10002b82 <_vsnprintf+0x62a>
10002ba2:	f045 0521 	orr.w	r5, r5, #33	@ 0x21
10002ba6:	9b1a      	ldr	r3, [sp, #104]	@ 0x68
10002ba8:	1d1a      	adds	r2, r3, #4
10002baa:	921a      	str	r2, [sp, #104]	@ 0x68
10002bac:	681b      	ldr	r3, [r3, #0]
10002bae:	9505      	str	r5, [sp, #20]
10002bb0:	2208      	movs	r2, #8
10002bb2:	9204      	str	r2, [sp, #16]
10002bb4:	9a0b      	ldr	r2, [sp, #44]	@ 0x2c
10002bb6:	9203      	str	r2, [sp, #12]
10002bb8:	2210      	movs	r2, #16
10002bba:	9202      	str	r2, [sp, #8]
10002bbc:	2200      	movs	r2, #0
10002bbe:	9201      	str	r2, [sp, #4]
10002bc0:	9300      	str	r3, [sp, #0]
10002bc2:	463b      	mov	r3, r7
10002bc4:	4632      	mov	r2, r6
10002bc6:	4649      	mov	r1, r9
10002bc8:	4640      	mov	r0, r8
10002bca:	f7ff f83c 	bl	10001c46 <_ntoa_long>
10002bce:	4606      	mov	r6, r0
10002bd0:	9b0f      	ldr	r3, [sp, #60]	@ 0x3c
10002bd2:	3301      	adds	r3, #1
10002bd4:	930f      	str	r3, [sp, #60]	@ 0x3c
10002bd6:	e4ca      	b.n	1000256e <_vsnprintf+0x16>
10002bd8:	1c74      	adds	r4, r6, #1
10002bda:	463b      	mov	r3, r7
10002bdc:	4632      	mov	r2, r6
10002bde:	4649      	mov	r1, r9
10002be0:	2025      	movs	r0, #37	@ 0x25
10002be2:	47c0      	blx	r8
10002be4:	9b0f      	ldr	r3, [sp, #60]	@ 0x3c
10002be6:	3301      	adds	r3, #1
10002be8:	930f      	str	r3, [sp, #60]	@ 0x3c
10002bea:	4626      	mov	r6, r4
10002bec:	e4bf      	b.n	1000256e <_vsnprintf+0x16>
10002bee:	1c74      	adds	r4, r6, #1
10002bf0:	463b      	mov	r3, r7
10002bf2:	4632      	mov	r2, r6
10002bf4:	4649      	mov	r1, r9
10002bf6:	47c0      	blx	r8
10002bf8:	9b0f      	ldr	r3, [sp, #60]	@ 0x3c
10002bfa:	3301      	adds	r3, #1
10002bfc:	930f      	str	r3, [sp, #60]	@ 0x3c
10002bfe:	4626      	mov	r6, r4
10002c00:	e4b5      	b.n	1000256e <_vsnprintf+0x16>
10002c02:	f8df 8020 	ldr.w	r8, [pc, #32]	@ 10002c24 <_vsnprintf+0x6cc>
10002c06:	e4b1      	b.n	1000256c <_vsnprintf+0x14>
10002c08:	42be      	cmp	r6, r7
10002c0a:	d308      	bcc.n	10002c1e <_vsnprintf+0x6c6>
10002c0c:	1e7a      	subs	r2, r7, #1
10002c0e:	463b      	mov	r3, r7
10002c10:	4649      	mov	r1, r9
10002c12:	2000      	movs	r0, #0
10002c14:	47c0      	blx	r8
10002c16:	4630      	mov	r0, r6
10002c18:	b011      	add	sp, #68	@ 0x44
10002c1a:	e8bd 8ff0 	ldmia.w	sp!, {r4, r5, r6, r7, r8, r9, sl, fp, pc}
10002c1e:	4632      	mov	r2, r6
10002c20:	e7f5      	b.n	10002c0e <_vsnprintf+0x6b6>
10002c22:	bf00      	nop
10002c24:	10001a5d 	.word	0x10001a5d

10002c28 <vfctprintf>:
10002c28:	b500      	push	{lr}
10002c2a:	b085      	sub	sp, #20
10002c2c:	9002      	str	r0, [sp, #8]
10002c2e:	9103      	str	r1, [sp, #12]
10002c30:	9300      	str	r3, [sp, #0]
10002c32:	4613      	mov	r3, r2
10002c34:	f04f 32ff 	mov.w	r2, #4294967295	@ 0xffffffff
10002c38:	a902      	add	r1, sp, #8
10002c3a:	4803      	ldr	r0, [pc, #12]	@ (10002c48 <vfctprintf+0x20>)
10002c3c:	f7ff fc8c 	bl	10002558 <_vsnprintf>
10002c40:	b005      	add	sp, #20
10002c42:	f85d fb04 	ldr.w	pc, [sp], #4
10002c46:	bf00      	nop
10002c48:	10001a5f 	.word	0x10001a5f

10002c4c <_exit>:
10002c4c:	be00      	bkpt	0x0000
10002c4e:	e7fd      	b.n	10002c4c <_exit>

10002c50 <exit>:
10002c50:	b508      	push	{r3, lr}
10002c52:	f7ff fffb 	bl	10002c4c <_exit>
	...

10002c58 <__assert_func>:
10002c58:	b500      	push	{lr}
10002c5a:	b083      	sub	sp, #12
10002c5c:	468c      	mov	ip, r1
10002c5e:	4619      	mov	r1, r3
10002c60:	b15a      	cbz	r2, 10002c7a <__assert_func+0x22>
10002c62:	4614      	mov	r4, r2
10002c64:	4b06      	ldr	r3, [pc, #24]	@ (10002c80 <__assert_func+0x28>)
10002c66:	9401      	str	r4, [sp, #4]
10002c68:	9300      	str	r3, [sp, #0]
10002c6a:	4663      	mov	r3, ip
10002c6c:	4602      	mov	r2, r0
10002c6e:	4805      	ldr	r0, [pc, #20]	@ (10002c84 <__assert_func+0x2c>)
10002c70:	f000 f952 	bl	10002f18 <__wrap_printf>
10002c74:	2001      	movs	r0, #1
10002c76:	f7ff ffe9 	bl	10002c4c <_exit>
10002c7a:	4b03      	ldr	r3, [pc, #12]	@ (10002c88 <__assert_func+0x30>)
10002c7c:	461c      	mov	r4, r3
10002c7e:	e7f2      	b.n	10002c66 <__assert_func+0xe>
10002c80:	10003834 	.word	0x10003834
10002c84:	10003844 	.word	0x10003844
10002c88:	10003840 	.word	0x10003840

10002c8c <runtime_init>:
10002c8c:	b510      	push	{r4, lr}
10002c8e:	f3ef 8305 	mrs	r3, IPSR
10002c92:	b2db      	uxtb	r3, r3
10002c94:	b103      	cbz	r3, 10002c98 <runtime_init+0xc>
10002c96:	be00      	bkpt	0x0000
10002c98:	f7fe fc80 	bl	1000159c <runtime_run_initializers>
10002c9c:	4c04      	ldr	r4, [pc, #16]	@ (10002cb0 <runtime_init+0x24>)
10002c9e:	e002      	b.n	10002ca6 <runtime_init+0x1a>
10002ca0:	f854 3b04 	ldr.w	r3, [r4], #4
10002ca4:	4798      	blx	r3
10002ca6:	4b03      	ldr	r3, [pc, #12]	@ (10002cb4 <runtime_init+0x28>)
10002ca8:	429c      	cmp	r4, r3
10002caa:	d3f9      	bcc.n	10002ca0 <runtime_init+0x14>
10002cac:	bd10      	pop	{r4, pc}
10002cae:	bf00      	nop
10002cb0:	100033d8 	.word	0x100033d8
10002cb4:	100033e0 	.word	0x100033e0

10002cb8 <stdio_out_chars_no_crlf>:
10002cb8:	b508      	push	{r3, lr}
10002cba:	4603      	mov	r3, r0
10002cbc:	4608      	mov	r0, r1
10002cbe:	681b      	ldr	r3, [r3, #0]
10002cc0:	4611      	mov	r1, r2
10002cc2:	4798      	blx	r3
10002cc4:	bd08      	pop	{r3, pc}
	...

10002cc8 <stdio_out_chars_crlf>:
10002cc8:	b5f8      	push	{r3, r4, r5, r6, r7, lr}
10002cca:	4607      	mov	r7, r0
10002ccc:	460d      	mov	r5, r1
10002cce:	4616      	mov	r6, r2
10002cd0:	7d43      	ldrb	r3, [r0, #21]
10002cd2:	b113      	cbz	r3, 10002cda <stdio_out_chars_crlf+0x12>
10002cd4:	2400      	movs	r4, #0
10002cd6:	4620      	mov	r0, r4
10002cd8:	e00c      	b.n	10002cf4 <stdio_out_chars_crlf+0x2c>
10002cda:	6803      	ldr	r3, [r0, #0]
10002cdc:	4611      	mov	r1, r2
10002cde:	4628      	mov	r0, r5
10002ce0:	4798      	blx	r3
10002ce2:	e02e      	b.n	10002d42 <stdio_out_chars_crlf+0x7a>
10002ce4:	7d3b      	ldrb	r3, [r7, #20]
10002ce6:	e010      	b.n	10002d0a <stdio_out_chars_crlf+0x42>
10002ce8:	683b      	ldr	r3, [r7, #0]
10002cea:	2102      	movs	r1, #2
10002cec:	4815      	ldr	r0, [pc, #84]	@ (10002d44 <stdio_out_chars_crlf+0x7c>)
10002cee:	4798      	blx	r3
10002cf0:	1c60      	adds	r0, r4, #1
10002cf2:	3401      	adds	r4, #1
10002cf4:	42b4      	cmp	r4, r6
10002cf6:	da14      	bge.n	10002d22 <stdio_out_chars_crlf+0x5a>
10002cf8:	2c00      	cmp	r4, #0
10002cfa:	ddf3      	ble.n	10002ce4 <stdio_out_chars_crlf+0x1c>
10002cfc:	192b      	adds	r3, r5, r4
10002cfe:	f813 3c01 	ldrb.w	r3, [r3, #-1]
10002d02:	2b0d      	cmp	r3, #13
10002d04:	bf14      	ite	ne
10002d06:	2300      	movne	r3, #0
10002d08:	2301      	moveq	r3, #1
10002d0a:	5d2a      	ldrb	r2, [r5, r4]
10002d0c:	2a0a      	cmp	r2, #10
10002d0e:	d1f0      	bne.n	10002cf2 <stdio_out_chars_crlf+0x2a>
10002d10:	2b00      	cmp	r3, #0
10002d12:	d1ee      	bne.n	10002cf2 <stdio_out_chars_crlf+0x2a>
10002d14:	42a0      	cmp	r0, r4
10002d16:	dae7      	bge.n	10002ce8 <stdio_out_chars_crlf+0x20>
10002d18:	683b      	ldr	r3, [r7, #0]
10002d1a:	1a21      	subs	r1, r4, r0
10002d1c:	4428      	add	r0, r5
10002d1e:	4798      	blx	r3
10002d20:	e7e2      	b.n	10002ce8 <stdio_out_chars_crlf+0x20>
10002d22:	42b0      	cmp	r0, r6
10002d24:	da03      	bge.n	10002d2e <stdio_out_chars_crlf+0x66>
10002d26:	683b      	ldr	r3, [r7, #0]
10002d28:	1a31      	subs	r1, r6, r0
10002d2a:	4428      	add	r0, r5
10002d2c:	4798      	blx	r3
10002d2e:	2e00      	cmp	r6, #0
10002d30:	dd07      	ble.n	10002d42 <stdio_out_chars_crlf+0x7a>
10002d32:	4435      	add	r5, r6
10002d34:	f815 3c01 	ldrb.w	r3, [r5, #-1]
10002d38:	2b0d      	cmp	r3, #13
10002d3a:	bf14      	ite	ne
10002d3c:	2300      	movne	r3, #0
10002d3e:	2301      	moveq	r3, #1
10002d40:	753b      	strb	r3, [r7, #20]
10002d42:	bdf8      	pop	{r3, r4, r5, r6, r7, pc}
10002d44:	10003a30 	.word	0x10003a30

10002d48 <stdio_stack_buffer_flush>:
10002d48:	b538      	push	{r3, r4, r5, lr}
10002d4a:	6803      	ldr	r3, [r0, #0]
10002d4c:	b1bb      	cbz	r3, 10002d7e <stdio_stack_buffer_flush+0x36>
10002d4e:	4605      	mov	r5, r0
10002d50:	4b0b      	ldr	r3, [pc, #44]	@ (10002d80 <stdio_stack_buffer_flush+0x38>)
10002d52:	681c      	ldr	r4, [r3, #0]
10002d54:	e006      	b.n	10002d64 <stdio_stack_buffer_flush+0x1c>
10002d56:	4629      	mov	r1, r5
10002d58:	f851 2b04 	ldr.w	r2, [r1], #4
10002d5c:	4620      	mov	r0, r4
10002d5e:	f7ff ffb3 	bl	10002cc8 <stdio_out_chars_crlf>
10002d62:	6924      	ldr	r4, [r4, #16]
10002d64:	b14c      	cbz	r4, 10002d7a <stdio_stack_buffer_flush+0x32>
10002d66:	6823      	ldr	r3, [r4, #0]
10002d68:	2b00      	cmp	r3, #0
10002d6a:	d0fa      	beq.n	10002d62 <stdio_stack_buffer_flush+0x1a>
10002d6c:	4b05      	ldr	r3, [pc, #20]	@ (10002d84 <stdio_stack_buffer_flush+0x3c>)
10002d6e:	681b      	ldr	r3, [r3, #0]
10002d70:	2b00      	cmp	r3, #0
10002d72:	d0f0      	beq.n	10002d56 <stdio_stack_buffer_flush+0xe>
10002d74:	42a3      	cmp	r3, r4
10002d76:	d1f4      	bne.n	10002d62 <stdio_stack_buffer_flush+0x1a>
10002d78:	e7ed      	b.n	10002d56 <stdio_stack_buffer_flush+0xe>
10002d7a:	2300      	movs	r3, #0
10002d7c:	602b      	str	r3, [r5, #0]
10002d7e:	bd38      	pop	{r3, r4, r5, pc}
10002d80:	200009cc 	.word	0x200009cc
10002d84:	200009d0 	.word	0x200009d0

10002d88 <stdio_buffered_printer>:
10002d88:	b538      	push	{r3, r4, r5, lr}
10002d8a:	4605      	mov	r5, r0
10002d8c:	460c      	mov	r4, r1
10002d8e:	680b      	ldr	r3, [r1, #0]
10002d90:	2b80      	cmp	r3, #128	@ 0x80
10002d92:	d005      	beq.n	10002da0 <stdio_buffered_printer+0x18>
10002d94:	6823      	ldr	r3, [r4, #0]
10002d96:	1c5a      	adds	r2, r3, #1
10002d98:	6022      	str	r2, [r4, #0]
10002d9a:	441c      	add	r4, r3
10002d9c:	7125      	strb	r5, [r4, #4]
10002d9e:	bd38      	pop	{r3, r4, r5, pc}
10002da0:	4608      	mov	r0, r1
10002da2:	f7ff ffd1 	bl	10002d48 <stdio_stack_buffer_flush>
10002da6:	e7f5      	b.n	10002d94 <stdio_buffered_printer+0xc>

10002da8 <stdout_serialize_begin>:
10002da8:	b508      	push	{r3, lr}
10002daa:	f7fe f9df 	bl	1000116c <time_us_64>
10002dae:	4a07      	ldr	r2, [pc, #28]	@ (10002dcc <stdout_serialize_begin+0x24>)
10002db0:	1882      	adds	r2, r0, r2
10002db2:	f141 0300 	adc.w	r3, r1, #0
10002db6:	2b00      	cmp	r3, #0
10002db8:	db03      	blt.n	10002dc2 <stdout_serialize_begin+0x1a>
10002dba:	4805      	ldr	r0, [pc, #20]	@ (10002dd0 <stdout_serialize_begin+0x28>)
10002dbc:	f000 fae8 	bl	10003390 <__mutex_try_enter_block_until_veneer>
10002dc0:	bd08      	pop	{r3, pc}
10002dc2:	f04f 32ff 	mov.w	r2, #4294967295	@ 0xffffffff
10002dc6:	f06f 4300 	mvn.w	r3, #2147483648	@ 0x80000000
10002dca:	e7f6      	b.n	10002dba <stdout_serialize_begin+0x12>
10002dcc:	000f4240 	.word	0x000f4240
10002dd0:	2000063c 	.word	0x2000063c

10002dd4 <stdout_serialize_end>:
10002dd4:	b508      	push	{r3, lr}
10002dd6:	4802      	ldr	r0, [pc, #8]	@ (10002de0 <stdout_serialize_end+0xc>)
10002dd8:	f000 fad6 	bl	10003388 <__mutex_exit_veneer>
10002ddc:	bd08      	pop	{r3, pc}
10002dde:	bf00      	nop
10002de0:	2000063c 	.word	0x2000063c

10002de4 <stdio_put_string>:
10002de4:	e92d 43f0 	stmdb	sp!, {r4, r5, r6, r7, r8, r9, lr}
10002de8:	b083      	sub	sp, #12
10002dea:	4606      	mov	r6, r0
10002dec:	460d      	mov	r5, r1
10002dee:	4690      	mov	r8, r2
10002df0:	461c      	mov	r4, r3
10002df2:	f7ff ffd9 	bl	10002da8 <stdout_serialize_begin>
10002df6:	4681      	mov	r9, r0
10002df8:	f1b5 3fff 	cmp.w	r5, #4294967295	@ 0xffffffff
10002dfc:	d004      	beq.n	10002e08 <stdio_put_string+0x24>
10002dfe:	b144      	cbz	r4, 10002e12 <stdio_put_string+0x2e>
10002e00:	4f17      	ldr	r7, [pc, #92]	@ (10002e60 <stdio_put_string+0x7c>)
10002e02:	4b18      	ldr	r3, [pc, #96]	@ (10002e64 <stdio_put_string+0x80>)
10002e04:	681c      	ldr	r4, [r3, #0]
10002e06:	e007      	b.n	10002e18 <stdio_put_string+0x34>
10002e08:	4630      	mov	r0, r6
10002e0a:	f000 fa37 	bl	1000327c <strlen>
10002e0e:	4605      	mov	r5, r0
10002e10:	e7f5      	b.n	10002dfe <stdio_put_string+0x1a>
10002e12:	4f15      	ldr	r7, [pc, #84]	@ (10002e68 <stdio_put_string+0x84>)
10002e14:	e7f5      	b.n	10002e02 <stdio_put_string+0x1e>
10002e16:	6924      	ldr	r4, [r4, #16]
10002e18:	b1bc      	cbz	r4, 10002e4a <stdio_put_string+0x66>
10002e1a:	6823      	ldr	r3, [r4, #0]
10002e1c:	2b00      	cmp	r3, #0
10002e1e:	d0fa      	beq.n	10002e16 <stdio_put_string+0x32>
10002e20:	4b12      	ldr	r3, [pc, #72]	@ (10002e6c <stdio_put_string+0x88>)
10002e22:	681b      	ldr	r3, [r3, #0]
10002e24:	b10b      	cbz	r3, 10002e2a <stdio_put_string+0x46>
10002e26:	42a3      	cmp	r3, r4
10002e28:	d1f5      	bne.n	10002e16 <stdio_put_string+0x32>
10002e2a:	462a      	mov	r2, r5
10002e2c:	4631      	mov	r1, r6
10002e2e:	4620      	mov	r0, r4
10002e30:	47b8      	blx	r7
10002e32:	f1b8 0f00 	cmp.w	r8, #0
10002e36:	d0ee      	beq.n	10002e16 <stdio_put_string+0x32>
10002e38:	230a      	movs	r3, #10
10002e3a:	f88d 3007 	strb.w	r3, [sp, #7]
10002e3e:	2201      	movs	r2, #1
10002e40:	f10d 0107 	add.w	r1, sp, #7
10002e44:	4620      	mov	r0, r4
10002e46:	47b8      	blx	r7
10002e48:	e7e5      	b.n	10002e16 <stdio_put_string+0x32>
10002e4a:	f1b9 0f00 	cmp.w	r9, #0
10002e4e:	d103      	bne.n	10002e58 <stdio_put_string+0x74>
10002e50:	4628      	mov	r0, r5
10002e52:	b003      	add	sp, #12
10002e54:	e8bd 83f0 	ldmia.w	sp!, {r4, r5, r6, r7, r8, r9, pc}
10002e58:	f7ff ffbc 	bl	10002dd4 <stdout_serialize_end>
10002e5c:	e7f8      	b.n	10002e50 <stdio_put_string+0x6c>
10002e5e:	bf00      	nop
10002e60:	10002cc9 	.word	0x10002cc9
10002e64:	200009cc 	.word	0x200009cc
10002e68:	10002cb9 	.word	0x10002cb9
10002e6c:	200009d0 	.word	0x200009d0

10002e70 <stdio_set_driver_enabled>:
10002e70:	4a08      	ldr	r2, [pc, #32]	@ (10002e94 <stdio_set_driver_enabled+0x24>)
10002e72:	e001      	b.n	10002e78 <stdio_set_driver_enabled+0x8>
10002e74:	f103 0210 	add.w	r2, r3, #16
10002e78:	6813      	ldr	r3, [r2, #0]
10002e7a:	b13b      	cbz	r3, 10002e8c <stdio_set_driver_enabled+0x1c>
10002e7c:	4283      	cmp	r3, r0
10002e7e:	d1f9      	bne.n	10002e74 <stdio_set_driver_enabled+0x4>
10002e80:	b931      	cbnz	r1, 10002e90 <stdio_set_driver_enabled+0x20>
10002e82:	6903      	ldr	r3, [r0, #16]
10002e84:	6013      	str	r3, [r2, #0]
10002e86:	2300      	movs	r3, #0
10002e88:	6103      	str	r3, [r0, #16]
10002e8a:	4770      	bx	lr
10002e8c:	b101      	cbz	r1, 10002e90 <stdio_set_driver_enabled+0x20>
10002e8e:	6010      	str	r0, [r2, #0]
10002e90:	4770      	bx	lr
10002e92:	bf00      	nop
10002e94:	200009cc 	.word	0x200009cc

10002e98 <stdio_flush>:
10002e98:	b510      	push	{r4, lr}
10002e9a:	4b05      	ldr	r3, [pc, #20]	@ (10002eb0 <stdio_flush+0x18>)
10002e9c:	681c      	ldr	r4, [r3, #0]
10002e9e:	e001      	b.n	10002ea4 <stdio_flush+0xc>
10002ea0:	4798      	blx	r3
10002ea2:	6924      	ldr	r4, [r4, #16]
10002ea4:	b11c      	cbz	r4, 10002eae <stdio_flush+0x16>
10002ea6:	6863      	ldr	r3, [r4, #4]
10002ea8:	2b00      	cmp	r3, #0
10002eaa:	d1f9      	bne.n	10002ea0 <stdio_flush+0x8>
10002eac:	e7f9      	b.n	10002ea2 <stdio_flush+0xa>
10002eae:	bd10      	pop	{r4, pc}
10002eb0:	200009cc 	.word	0x200009cc

10002eb4 <stdio_init_all>:
10002eb4:	b508      	push	{r3, lr}
10002eb6:	f000 f94d 	bl	10003154 <stdio_uart_init>
10002eba:	2001      	movs	r0, #1
10002ebc:	bd08      	pop	{r3, pc}

10002ebe <__wrap_puts>:
10002ebe:	b538      	push	{r3, r4, r5, lr}
10002ec0:	4605      	mov	r5, r0
10002ec2:	f000 f9db 	bl	1000327c <strlen>
10002ec6:	4604      	mov	r4, r0
10002ec8:	2301      	movs	r3, #1
10002eca:	461a      	mov	r2, r3
10002ecc:	4601      	mov	r1, r0
10002ece:	4628      	mov	r0, r5
10002ed0:	f7ff ff88 	bl	10002de4 <stdio_put_string>
10002ed4:	f7ff ffe0 	bl	10002e98 <stdio_flush>
10002ed8:	4620      	mov	r0, r4
10002eda:	bd38      	pop	{r3, r4, r5, pc}

10002edc <__wrap_vprintf>:
10002edc:	b570      	push	{r4, r5, r6, lr}
10002ede:	b0a2      	sub	sp, #136	@ 0x88
10002ee0:	4604      	mov	r4, r0
10002ee2:	460e      	mov	r6, r1
10002ee4:	f7ff ff60 	bl	10002da8 <stdout_serialize_begin>
10002ee8:	4605      	mov	r5, r0
10002eea:	2300      	movs	r3, #0
10002eec:	9301      	str	r3, [sp, #4]
10002eee:	4633      	mov	r3, r6
10002ef0:	4622      	mov	r2, r4
10002ef2:	a901      	add	r1, sp, #4
10002ef4:	4807      	ldr	r0, [pc, #28]	@ (10002f14 <__wrap_vprintf+0x38>)
10002ef6:	f7ff fe97 	bl	10002c28 <vfctprintf>
10002efa:	4604      	mov	r4, r0
10002efc:	a801      	add	r0, sp, #4
10002efe:	f7ff ff23 	bl	10002d48 <stdio_stack_buffer_flush>
10002f02:	f7ff ffc9 	bl	10002e98 <stdio_flush>
10002f06:	b915      	cbnz	r5, 10002f0e <__wrap_vprintf+0x32>
10002f08:	4620      	mov	r0, r4
10002f0a:	b022      	add	sp, #136	@ 0x88
10002f0c:	bd70      	pop	{r4, r5, r6, pc}
10002f0e:	f7ff ff61 	bl	10002dd4 <stdout_serialize_end>
10002f12:	e7f9      	b.n	10002f08 <__wrap_vprintf+0x2c>
10002f14:	10002d89 	.word	0x10002d89

10002f18 <__wrap_printf>:
10002f18:	b40f      	push	{r0, r1, r2, r3}
10002f1a:	b500      	push	{lr}
10002f1c:	b083      	sub	sp, #12
10002f1e:	a904      	add	r1, sp, #16
10002f20:	f851 0b04 	ldr.w	r0, [r1], #4
10002f24:	9101      	str	r1, [sp, #4]
10002f26:	f7ff ffd9 	bl	10002edc <__wrap_vprintf>
10002f2a:	b003      	add	sp, #12
10002f2c:	f85d eb04 	ldr.w	lr, [sp], #4
10002f30:	b004      	add	sp, #16
10002f32:	4770      	bx	lr

10002f34 <uart_putc>:
10002f34:	b082      	sub	sp, #8
10002f36:	468c      	mov	ip, r1
10002f38:	4b18      	ldr	r3, [pc, #96]	@ (10002f9c <uart_putc+0x68>)
10002f3a:	4298      	cmp	r0, r3
10002f3c:	bf14      	ite	ne
10002f3e:	2300      	movne	r3, #0
10002f40:	2301      	moveq	r3, #1
10002f42:	4a17      	ldr	r2, [pc, #92]	@ (10002fa0 <uart_putc+0x6c>)
10002f44:	f932 3013 	ldrsh.w	r3, [r2, r3, lsl #1]
10002f48:	428b      	cmp	r3, r1
10002f4a:	d005      	beq.n	10002f58 <uart_putc+0x24>
10002f4c:	f88d c007 	strb.w	ip, [sp, #7]
10002f50:	2100      	movs	r1, #0
10002f52:	f10d 0207 	add.w	r2, sp, #7
10002f56:	e01c      	b.n	10002f92 <uart_putc+0x5e>
10002f58:	230d      	movs	r3, #13
10002f5a:	f88d 3007 	strb.w	r3, [sp, #7]
10002f5e:	2100      	movs	r1, #0
10002f60:	f10d 0207 	add.w	r2, sp, #7
10002f64:	2900      	cmp	r1, #0
10002f66:	d1f1      	bne.n	10002f4c <uart_putc+0x18>
10002f68:	6983      	ldr	r3, [r0, #24]
10002f6a:	f013 0f20 	tst.w	r3, #32
10002f6e:	d1fb      	bne.n	10002f68 <uart_putc+0x34>
10002f70:	4613      	mov	r3, r2
10002f72:	f813 2b01 	ldrb.w	r2, [r3], #1
10002f76:	6002      	str	r2, [r0, #0]
10002f78:	3101      	adds	r1, #1
10002f7a:	461a      	mov	r2, r3
10002f7c:	e7f2      	b.n	10002f64 <uart_putc+0x30>
10002f7e:	6983      	ldr	r3, [r0, #24]
10002f80:	f013 0f20 	tst.w	r3, #32
10002f84:	d1fb      	bne.n	10002f7e <uart_putc+0x4a>
10002f86:	4613      	mov	r3, r2
10002f88:	f813 2b01 	ldrb.w	r2, [r3], #1
10002f8c:	6002      	str	r2, [r0, #0]
10002f8e:	3101      	adds	r1, #1
10002f90:	461a      	mov	r2, r3
10002f92:	2900      	cmp	r1, #0
10002f94:	d0f3      	beq.n	10002f7e <uart_putc+0x4a>
10002f96:	b002      	add	sp, #8
10002f98:	4770      	bx	lr
10002f9a:	bf00      	nop
10002f9c:	40078000 	.word	0x40078000
10002fa0:	200009f8 	.word	0x200009f8

10002fa4 <uart_getc>:
10002fa4:	b410      	push	{r4}
10002fa6:	b083      	sub	sp, #12
10002fa8:	2100      	movs	r1, #0
10002faa:	f10d 0207 	add.w	r2, sp, #7
10002fae:	e009      	b.n	10002fc4 <uart_getc+0x20>
10002fb0:	6983      	ldr	r3, [r0, #24]
10002fb2:	f013 0f10 	tst.w	r3, #16
10002fb6:	d1fb      	bne.n	10002fb0 <uart_getc+0xc>
10002fb8:	6804      	ldr	r4, [r0, #0]
10002fba:	4613      	mov	r3, r2
10002fbc:	f803 4b01 	strb.w	r4, [r3], #1
10002fc0:	3101      	adds	r1, #1
10002fc2:	461a      	mov	r2, r3
10002fc4:	2900      	cmp	r1, #0
10002fc6:	d0f3      	beq.n	10002fb0 <uart_getc+0xc>
10002fc8:	f89d 0007 	ldrb.w	r0, [sp, #7]
10002fcc:	b003      	add	sp, #12
10002fce:	f85d 4b04 	ldr.w	r4, [sp], #4
10002fd2:	4770      	bx	lr

10002fd4 <stdio_uart_out_chars>:
10002fd4:	b570      	push	{r4, r5, r6, lr}
10002fd6:	4606      	mov	r6, r0
10002fd8:	460d      	mov	r5, r1
10002fda:	2400      	movs	r4, #0
10002fdc:	e005      	b.n	10002fea <stdio_uart_out_chars+0x16>
10002fde:	5d31      	ldrb	r1, [r6, r4]
10002fe0:	4b03      	ldr	r3, [pc, #12]	@ (10002ff0 <stdio_uart_out_chars+0x1c>)
10002fe2:	6818      	ldr	r0, [r3, #0]
10002fe4:	f7ff ffa6 	bl	10002f34 <uart_putc>
10002fe8:	3401      	adds	r4, #1
10002fea:	42ac      	cmp	r4, r5
10002fec:	dbf7      	blt.n	10002fde <stdio_uart_out_chars+0xa>
10002fee:	bd70      	pop	{r4, r5, r6, pc}
10002ff0:	200009fc 	.word	0x200009fc

10002ff4 <stdio_uart_in_chars>:
10002ff4:	b5f8      	push	{r3, r4, r5, r6, r7, lr}
10002ff6:	4607      	mov	r7, r0
10002ff8:	460e      	mov	r6, r1
10002ffa:	2400      	movs	r4, #0
10002ffc:	e004      	b.n	10003008 <stdio_uart_in_chars+0x14>
10002ffe:	1c65      	adds	r5, r4, #1
10003000:	f7ff ffd0 	bl	10002fa4 <uart_getc>
10003004:	5538      	strb	r0, [r7, r4]
10003006:	462c      	mov	r4, r5
10003008:	42b4      	cmp	r4, r6
1000300a:	da05      	bge.n	10003018 <stdio_uart_in_chars+0x24>
1000300c:	4b0c      	ldr	r3, [pc, #48]	@ (10003040 <stdio_uart_in_chars+0x4c>)
1000300e:	6818      	ldr	r0, [r3, #0]
10003010:	6983      	ldr	r3, [r0, #24]
10003012:	f013 0f10 	tst.w	r3, #16
10003016:	d0f2      	beq.n	10002ffe <stdio_uart_in_chars+0xa>
10003018:	4b0a      	ldr	r3, [pc, #40]	@ (10003044 <stdio_uart_in_chars+0x50>)
1000301a:	681b      	ldr	r3, [r3, #0]
1000301c:	b14b      	cbz	r3, 10003032 <stdio_uart_in_chars+0x3e>
1000301e:	4b08      	ldr	r3, [pc, #32]	@ (10003040 <stdio_uart_in_chars+0x4c>)
10003020:	681b      	ldr	r3, [r3, #0]
10003022:	2250      	movs	r2, #80	@ 0x50
10003024:	639a      	str	r2, [r3, #56]	@ 0x38
10003026:	6b5a      	ldr	r2, [r3, #52]	@ 0x34
10003028:	f002 0238 	and.w	r2, r2, #56	@ 0x38
1000302c:	f503 5381 	add.w	r3, r3, #4128	@ 0x1020
10003030:	615a      	str	r2, [r3, #20]
10003032:	b10c      	cbz	r4, 10003038 <stdio_uart_in_chars+0x44>
10003034:	4620      	mov	r0, r4
10003036:	bdf8      	pop	{r3, r4, r5, r6, r7, pc}
10003038:	f06f 0402 	mvn.w	r4, #2
1000303c:	e7fa      	b.n	10003034 <stdio_uart_in_chars+0x40>
1000303e:	bf00      	nop
10003040:	200009fc 	.word	0x200009fc
10003044:	20000998 	.word	0x20000998

10003048 <on_uart_rx>:
10003048:	b508      	push	{r3, lr}
1000304a:	4b05      	ldr	r3, [pc, #20]	@ (10003060 <on_uart_rx+0x18>)
1000304c:	681b      	ldr	r3, [r3, #0]
1000304e:	b133      	cbz	r3, 1000305e <on_uart_rx+0x16>
10003050:	4a04      	ldr	r2, [pc, #16]	@ (10003064 <on_uart_rx+0x1c>)
10003052:	6812      	ldr	r2, [r2, #0]
10003054:	2100      	movs	r1, #0
10003056:	6391      	str	r1, [r2, #56]	@ 0x38
10003058:	4a03      	ldr	r2, [pc, #12]	@ (10003068 <on_uart_rx+0x20>)
1000305a:	6810      	ldr	r0, [r2, #0]
1000305c:	4798      	blx	r3
1000305e:	bd08      	pop	{r3, pc}
10003060:	20000998 	.word	0x20000998
10003064:	200009fc 	.word	0x200009fc
10003068:	2000099c 	.word	0x2000099c

1000306c <stdio_uart_out_flush>:
1000306c:	4b03      	ldr	r3, [pc, #12]	@ (1000307c <stdio_uart_out_flush+0x10>)
1000306e:	681a      	ldr	r2, [r3, #0]
10003070:	6993      	ldr	r3, [r2, #24]
10003072:	f013 0f08 	tst.w	r3, #8
10003076:	d1fb      	bne.n	10003070 <stdio_uart_out_flush+0x4>
10003078:	4770      	bx	lr
1000307a:	bf00      	nop
1000307c:	200009fc 	.word	0x200009fc

10003080 <stdio_uart_set_chars_available_callback>:
10003080:	b538      	push	{r3, r4, r5, lr}
10003082:	4b1b      	ldr	r3, [pc, #108]	@ (100030f0 <stdio_uart_set_chars_available_callback+0x70>)
10003084:	681b      	ldr	r3, [r3, #0]
10003086:	4a1b      	ldr	r2, [pc, #108]	@ (100030f4 <stdio_uart_set_chars_available_callback+0x74>)
10003088:	4293      	cmp	r3, r2
1000308a:	d005      	beq.n	10003098 <stdio_uart_set_chars_available_callback+0x18>
1000308c:	2421      	movs	r4, #33	@ 0x21
1000308e:	b1e0      	cbz	r0, 100030ca <stdio_uart_set_chars_available_callback+0x4a>
10003090:	4b19      	ldr	r3, [pc, #100]	@ (100030f8 <stdio_uart_set_chars_available_callback+0x78>)
10003092:	681b      	ldr	r3, [r3, #0]
10003094:	b113      	cbz	r3, 1000309c <stdio_uart_set_chars_available_callback+0x1c>
10003096:	bd38      	pop	{r3, r4, r5, pc}
10003098:	2422      	movs	r4, #34	@ 0x22
1000309a:	e7f8      	b.n	1000308e <stdio_uart_set_chars_available_callback+0xe>
1000309c:	4b16      	ldr	r3, [pc, #88]	@ (100030f8 <stdio_uart_set_chars_available_callback+0x78>)
1000309e:	6018      	str	r0, [r3, #0]
100030a0:	4b16      	ldr	r3, [pc, #88]	@ (100030fc <stdio_uart_set_chars_available_callback+0x7c>)
100030a2:	6019      	str	r1, [r3, #0]
100030a4:	4916      	ldr	r1, [pc, #88]	@ (10003100 <stdio_uart_set_chars_available_callback+0x80>)
100030a6:	4620      	mov	r0, r4
100030a8:	f7fd fa58 	bl	1000055c <irq_set_exclusive_handler>
100030ac:	2101      	movs	r1, #1
100030ae:	4620      	mov	r0, r4
100030b0:	f7fd fa42 	bl	10000538 <irq_set_enabled>
100030b4:	4b0e      	ldr	r3, [pc, #56]	@ (100030f0 <stdio_uart_set_chars_available_callback+0x70>)
100030b6:	681b      	ldr	r3, [r3, #0]
100030b8:	2250      	movs	r2, #80	@ 0x50
100030ba:	639a      	str	r2, [r3, #56]	@ 0x38
100030bc:	6b5a      	ldr	r2, [r3, #52]	@ 0x34
100030be:	f002 0238 	and.w	r2, r2, #56	@ 0x38
100030c2:	f503 5381 	add.w	r3, r3, #4128	@ 0x1020
100030c6:	615a      	str	r2, [r3, #20]
100030c8:	e7e5      	b.n	10003096 <stdio_uart_set_chars_available_callback+0x16>
100030ca:	4a0b      	ldr	r2, [pc, #44]	@ (100030f8 <stdio_uart_set_chars_available_callback+0x78>)
100030cc:	6812      	ldr	r2, [r2, #0]
100030ce:	2a00      	cmp	r2, #0
100030d0:	d0e1      	beq.n	10003096 <stdio_uart_set_chars_available_callback+0x16>
100030d2:	2500      	movs	r5, #0
100030d4:	639d      	str	r5, [r3, #56]	@ 0x38
100030d6:	4629      	mov	r1, r5
100030d8:	4620      	mov	r0, r4
100030da:	f7fd fa2d 	bl	10000538 <irq_set_enabled>
100030de:	4908      	ldr	r1, [pc, #32]	@ (10003100 <stdio_uart_set_chars_available_callback+0x80>)
100030e0:	4620      	mov	r0, r4
100030e2:	f7fd fa6b 	bl	100005bc <irq_remove_handler>
100030e6:	4b04      	ldr	r3, [pc, #16]	@ (100030f8 <stdio_uart_set_chars_available_callback+0x78>)
100030e8:	601d      	str	r5, [r3, #0]
100030ea:	4b04      	ldr	r3, [pc, #16]	@ (100030fc <stdio_uart_set_chars_available_callback+0x7c>)
100030ec:	601d      	str	r5, [r3, #0]
100030ee:	e7d2      	b.n	10003096 <stdio_uart_set_chars_available_callback+0x16>
100030f0:	200009fc 	.word	0x200009fc
100030f4:	40078000 	.word	0x40078000
100030f8:	20000998 	.word	0x20000998
100030fc:	2000099c 	.word	0x2000099c
10003100:	10003049 	.word	0x10003049

10003104 <stdio_uart_init_full>:
10003104:	b538      	push	{r3, r4, r5, lr}
10003106:	460d      	mov	r5, r1
10003108:	461c      	mov	r4, r3
1000310a:	4b10      	ldr	r3, [pc, #64]	@ (1000314c <stdio_uart_init_full+0x48>)
1000310c:	6018      	str	r0, [r3, #0]
1000310e:	1e10      	subs	r0, r2, #0
10003110:	db05      	blt.n	1000311e <stdio_uart_init_full+0x1a>
10003112:	f010 0f02 	tst.w	r0, #2
10003116:	d015      	beq.n	10003144 <stdio_uart_init_full+0x40>
10003118:	210b      	movs	r1, #11
1000311a:	f7fd f8d3 	bl	100002c4 <gpio_set_function>
1000311e:	2c00      	cmp	r4, #0
10003120:	db06      	blt.n	10003130 <stdio_uart_init_full+0x2c>
10003122:	f014 0f02 	tst.w	r4, #2
10003126:	d00f      	beq.n	10003148 <stdio_uart_init_full+0x44>
10003128:	210b      	movs	r1, #11
1000312a:	4620      	mov	r0, r4
1000312c:	f7fd f8ca 	bl	100002c4 <gpio_set_function>
10003130:	4629      	mov	r1, r5
10003132:	4b06      	ldr	r3, [pc, #24]	@ (1000314c <stdio_uart_init_full+0x48>)
10003134:	6818      	ldr	r0, [r3, #0]
10003136:	f7fe f8b5 	bl	100012a4 <uart_init>
1000313a:	2101      	movs	r1, #1
1000313c:	4804      	ldr	r0, [pc, #16]	@ (10003150 <stdio_uart_init_full+0x4c>)
1000313e:	f7ff fe97 	bl	10002e70 <stdio_set_driver_enabled>
10003142:	bd38      	pop	{r3, r4, r5, pc}
10003144:	2102      	movs	r1, #2
10003146:	e7e8      	b.n	1000311a <stdio_uart_init_full+0x16>
10003148:	2102      	movs	r1, #2
1000314a:	e7ee      	b.n	1000312a <stdio_uart_init_full+0x26>
1000314c:	200009fc 	.word	0x200009fc
10003150:	20000624 	.word	0x20000624

10003154 <stdio_uart_init>:
10003154:	b508      	push	{r3, lr}
10003156:	4b07      	ldr	r3, [pc, #28]	@ (10003174 <stdio_uart_init+0x20>)
10003158:	781b      	ldrb	r3, [r3, #0]
1000315a:	4b07      	ldr	r3, [pc, #28]	@ (10003178 <stdio_uart_init+0x24>)
1000315c:	781b      	ldrb	r3, [r3, #0]
1000315e:	4b07      	ldr	r3, [pc, #28]	@ (1000317c <stdio_uart_init+0x28>)
10003160:	781b      	ldrb	r3, [r3, #0]
10003162:	2301      	movs	r3, #1
10003164:	2200      	movs	r2, #0
10003166:	f44f 31e1 	mov.w	r1, #115200	@ 0x1c200
1000316a:	4805      	ldr	r0, [pc, #20]	@ (10003180 <stdio_uart_init+0x2c>)
1000316c:	f7ff ffca 	bl	10003104 <stdio_uart_init_full>
10003170:	bd08      	pop	{r3, pc}
10003172:	bf00      	nop
10003174:	10003a7c 	.word	0x10003a7c
10003178:	10003a78 	.word	0x10003a78
1000317c:	10003a74 	.word	0x10003a74
10003180:	40070000 	.word	0x40070000

10003184 <memcpy>:
10003184:	4684      	mov	ip, r0
10003186:	ea41 0300 	orr.w	r3, r1, r0
1000318a:	f013 0303 	ands.w	r3, r3, #3
1000318e:	d149      	bne.n	10003224 <memcpy+0xa0>
10003190:	3a40      	subs	r2, #64	@ 0x40
10003192:	d323      	bcc.n	100031dc <memcpy+0x58>
10003194:	680b      	ldr	r3, [r1, #0]
10003196:	6003      	str	r3, [r0, #0]
10003198:	684b      	ldr	r3, [r1, #4]
1000319a:	6043      	str	r3, [r0, #4]
1000319c:	688b      	ldr	r3, [r1, #8]
1000319e:	6083      	str	r3, [r0, #8]
100031a0:	68cb      	ldr	r3, [r1, #12]
100031a2:	60c3      	str	r3, [r0, #12]
100031a4:	690b      	ldr	r3, [r1, #16]
100031a6:	6103      	str	r3, [r0, #16]
100031a8:	694b      	ldr	r3, [r1, #20]
100031aa:	6143      	str	r3, [r0, #20]
100031ac:	698b      	ldr	r3, [r1, #24]
100031ae:	6183      	str	r3, [r0, #24]
100031b0:	69cb      	ldr	r3, [r1, #28]
100031b2:	61c3      	str	r3, [r0, #28]
100031b4:	6a0b      	ldr	r3, [r1, #32]
100031b6:	6203      	str	r3, [r0, #32]
100031b8:	6a4b      	ldr	r3, [r1, #36]	@ 0x24
100031ba:	6243      	str	r3, [r0, #36]	@ 0x24
100031bc:	6a8b      	ldr	r3, [r1, #40]	@ 0x28
100031be:	6283      	str	r3, [r0, #40]	@ 0x28
100031c0:	6acb      	ldr	r3, [r1, #44]	@ 0x2c
100031c2:	62c3      	str	r3, [r0, #44]	@ 0x2c
100031c4:	6b0b      	ldr	r3, [r1, #48]	@ 0x30
100031c6:	6303      	str	r3, [r0, #48]	@ 0x30
100031c8:	6b4b      	ldr	r3, [r1, #52]	@ 0x34
100031ca:	6343      	str	r3, [r0, #52]	@ 0x34
100031cc:	6b8b      	ldr	r3, [r1, #56]	@ 0x38
100031ce:	6383      	str	r3, [r0, #56]	@ 0x38
100031d0:	6bcb      	ldr	r3, [r1, #60]	@ 0x3c
100031d2:	63c3      	str	r3, [r0, #60]	@ 0x3c
100031d4:	3040      	adds	r0, #64	@ 0x40
100031d6:	3140      	adds	r1, #64	@ 0x40
100031d8:	3a40      	subs	r2, #64	@ 0x40
100031da:	d2db      	bcs.n	10003194 <memcpy+0x10>
100031dc:	3230      	adds	r2, #48	@ 0x30
100031de:	d30b      	bcc.n	100031f8 <memcpy+0x74>
100031e0:	680b      	ldr	r3, [r1, #0]
100031e2:	6003      	str	r3, [r0, #0]
100031e4:	684b      	ldr	r3, [r1, #4]
100031e6:	6043      	str	r3, [r0, #4]
100031e8:	688b      	ldr	r3, [r1, #8]
100031ea:	6083      	str	r3, [r0, #8]
100031ec:	68cb      	ldr	r3, [r1, #12]
100031ee:	60c3      	str	r3, [r0, #12]
100031f0:	3010      	adds	r0, #16
100031f2:	3110      	adds	r1, #16
100031f4:	3a10      	subs	r2, #16
100031f6:	d2f3      	bcs.n	100031e0 <memcpy+0x5c>
100031f8:	320c      	adds	r2, #12
100031fa:	d305      	bcc.n	10003208 <memcpy+0x84>
100031fc:	f851 3b04 	ldr.w	r3, [r1], #4
10003200:	f840 3b04 	str.w	r3, [r0], #4
10003204:	3a04      	subs	r2, #4
10003206:	d2f9      	bcs.n	100031fc <memcpy+0x78>
10003208:	3204      	adds	r2, #4
1000320a:	d008      	beq.n	1000321e <memcpy+0x9a>
1000320c:	07d2      	lsls	r2, r2, #31
1000320e:	bf1c      	itt	ne
10003210:	f811 3b01 	ldrbne.w	r3, [r1], #1
10003214:	f800 3b01 	strbne.w	r3, [r0], #1
10003218:	d301      	bcc.n	1000321e <memcpy+0x9a>
1000321a:	880b      	ldrh	r3, [r1, #0]
1000321c:	8003      	strh	r3, [r0, #0]
1000321e:	4660      	mov	r0, ip
10003220:	4770      	bx	lr
10003222:	bf00      	nop
10003224:	2a08      	cmp	r2, #8
10003226:	d313      	bcc.n	10003250 <memcpy+0xcc>
10003228:	078b      	lsls	r3, r1, #30
1000322a:	d0b1      	beq.n	10003190 <memcpy+0xc>
1000322c:	f010 0303 	ands.w	r3, r0, #3
10003230:	d0ae      	beq.n	10003190 <memcpy+0xc>
10003232:	f1c3 0304 	rsb	r3, r3, #4
10003236:	1ad2      	subs	r2, r2, r3
10003238:	07db      	lsls	r3, r3, #31
1000323a:	bf1c      	itt	ne
1000323c:	f811 3b01 	ldrbne.w	r3, [r1], #1
10003240:	f800 3b01 	strbne.w	r3, [r0], #1
10003244:	d3a4      	bcc.n	10003190 <memcpy+0xc>
10003246:	f831 3b02 	ldrh.w	r3, [r1], #2
1000324a:	f820 3b02 	strh.w	r3, [r0], #2
1000324e:	e79f      	b.n	10003190 <memcpy+0xc>
10003250:	3a04      	subs	r2, #4
10003252:	d3d9      	bcc.n	10003208 <memcpy+0x84>
10003254:	3a01      	subs	r2, #1
10003256:	f811 3b01 	ldrb.w	r3, [r1], #1
1000325a:	f800 3b01 	strb.w	r3, [r0], #1
1000325e:	d2f9      	bcs.n	10003254 <memcpy+0xd0>
10003260:	780b      	ldrb	r3, [r1, #0]
10003262:	7003      	strb	r3, [r0, #0]
10003264:	784b      	ldrb	r3, [r1, #1]
10003266:	7043      	strb	r3, [r0, #1]
10003268:	788b      	ldrb	r3, [r1, #2]
1000326a:	7083      	strb	r3, [r0, #2]
1000326c:	4660      	mov	r0, ip
1000326e:	4770      	bx	lr

10003270 <atexit>:
10003270:	2300      	movs	r3, #0
10003272:	4601      	mov	r1, r0
10003274:	461a      	mov	r2, r3
10003276:	4618      	mov	r0, r3
10003278:	f000 b842 	b.w	10003300 <__register_exitproc>

1000327c <strlen>:
1000327c:	f020 0103 	bic.w	r1, r0, #3
10003280:	f010 0003 	ands.w	r0, r0, #3
10003284:	f1c0 0000 	rsb	r0, r0, #0
10003288:	f851 3b04 	ldr.w	r3, [r1], #4
1000328c:	f100 0c04 	add.w	ip, r0, #4
10003290:	ea4f 0ccc 	mov.w	ip, ip, lsl #3
10003294:	f06f 0200 	mvn.w	r2, #0
10003298:	bf1c      	itt	ne
1000329a:	fa22 f20c 	lsrne.w	r2, r2, ip
1000329e:	4313      	orrne	r3, r2
100032a0:	f04f 0c01 	mov.w	ip, #1
100032a4:	ea4c 2c0c 	orr.w	ip, ip, ip, lsl #8
100032a8:	ea4c 4c0c 	orr.w	ip, ip, ip, lsl #16
100032ac:	eba3 020c 	sub.w	r2, r3, ip
100032b0:	ea22 0203 	bic.w	r2, r2, r3
100032b4:	ea12 12cc 	ands.w	r2, r2, ip, lsl #7
100032b8:	bf04      	itt	eq
100032ba:	f851 3b04 	ldreq.w	r3, [r1], #4
100032be:	3004      	addeq	r0, #4
100032c0:	d0f4      	beq.n	100032ac <strlen+0x30>
100032c2:	f1c2 0100 	rsb	r1, r2, #0
100032c6:	ea02 0201 	and.w	r2, r2, r1
100032ca:	fab2 f282 	clz	r2, r2
100032ce:	f1c2 021f 	rsb	r2, r2, #31
100032d2:	eb00 00d2 	add.w	r0, r0, r2, lsr #3
100032d6:	4770      	bx	lr

100032d8 <__libc_fini_array>:
100032d8:	b538      	push	{r3, r4, r5, lr}
100032da:	4d07      	ldr	r5, [pc, #28]	@ (100032f8 <__libc_fini_array+0x20>)
100032dc:	4c07      	ldr	r4, [pc, #28]	@ (100032fc <__libc_fini_array+0x24>)
100032de:	1b2c      	subs	r4, r5, r4
100032e0:	10a4      	asrs	r4, r4, #2
100032e2:	d005      	beq.n	100032f0 <__libc_fini_array+0x18>
100032e4:	3c01      	subs	r4, #1
100032e6:	f855 3d04 	ldr.w	r3, [r5, #-4]!
100032ea:	4798      	blx	r3
100032ec:	2c00      	cmp	r4, #0
100032ee:	d1f9      	bne.n	100032e4 <__libc_fini_array+0xc>
100032f0:	e8bd 4038 	ldmia.w	sp!, {r3, r4, r5, lr}
100032f4:	f000 b840 	b.w	10003378 <_fini>
100032f8:	100033e0 	.word	0x100033e0
100032fc:	100033e0 	.word	0x100033e0

10003300 <__register_exitproc>:
10003300:	b470      	push	{r4, r5, r6}
10003302:	4d16      	ldr	r5, [pc, #88]	@ (1000335c <__register_exitproc+0x5c>)
10003304:	682c      	ldr	r4, [r5, #0]
10003306:	b31c      	cbz	r4, 10003350 <__register_exitproc+0x50>
10003308:	6865      	ldr	r5, [r4, #4]
1000330a:	2d1f      	cmp	r5, #31
1000330c:	dc23      	bgt.n	10003356 <__register_exitproc+0x56>
1000330e:	b938      	cbnz	r0, 10003320 <__register_exitproc+0x20>
10003310:	1c6b      	adds	r3, r5, #1
10003312:	2000      	movs	r0, #0
10003314:	3502      	adds	r5, #2
10003316:	6063      	str	r3, [r4, #4]
10003318:	f844 1025 	str.w	r1, [r4, r5, lsl #2]
1000331c:	bc70      	pop	{r4, r5, r6}
1000331e:	4770      	bx	lr
10003320:	eb04 0c85 	add.w	ip, r4, r5, lsl #2
10003324:	2802      	cmp	r0, #2
10003326:	f8cc 2088 	str.w	r2, [ip, #136]	@ 0x88
1000332a:	f04f 0201 	mov.w	r2, #1
1000332e:	f8d4 6188 	ldr.w	r6, [r4, #392]	@ 0x188
10003332:	fa02 f205 	lsl.w	r2, r2, r5
10003336:	ea46 0602 	orr.w	r6, r6, r2
1000333a:	f8c4 6188 	str.w	r6, [r4, #392]	@ 0x188
1000333e:	f8cc 3108 	str.w	r3, [ip, #264]	@ 0x108
10003342:	d1e5      	bne.n	10003310 <__register_exitproc+0x10>
10003344:	f8d4 318c 	ldr.w	r3, [r4, #396]	@ 0x18c
10003348:	4313      	orrs	r3, r2
1000334a:	f8c4 318c 	str.w	r3, [r4, #396]	@ 0x18c
1000334e:	e7df      	b.n	10003310 <__register_exitproc+0x10>
10003350:	4c03      	ldr	r4, [pc, #12]	@ (10003360 <__register_exitproc+0x60>)
10003352:	602c      	str	r4, [r5, #0]
10003354:	e7d8      	b.n	10003308 <__register_exitproc+0x8>
10003356:	f04f 30ff 	mov.w	r0, #4294967295	@ 0xffffffff
1000335a:	e7df      	b.n	1000331c <__register_exitproc+0x1c>
1000335c:	20000974 	.word	0x20000974
10003360:	200007e4 	.word	0x200007e4

10003364 <register_fini>:
10003364:	4b02      	ldr	r3, [pc, #8]	@ (10003370 <register_fini+0xc>)
10003366:	b113      	cbz	r3, 1000336e <register_fini+0xa>
10003368:	4802      	ldr	r0, [pc, #8]	@ (10003374 <register_fini+0x10>)
1000336a:	f7ff bf81 	b.w	10003270 <atexit>
1000336e:	4770      	bx	lr
10003370:	00000000 	.word	0x00000000
10003374:	100032d9 	.word	0x100032d9

10003378 <_fini>:
10003378:	b5f8      	push	{r3, r4, r5, r6, r7, lr}
1000337a:	bf00      	nop
1000337c:	0000      	movs	r0, r0
	...

10003380 <____aeabi_uldivmod_veneer>:
10003380:	f85f f000 	ldr.w	pc, [pc]	@ 10003384 <____aeabi_uldivmod_veneer+0x4>
10003384:	20000279 	.word	0x20000279

10003388 <__mutex_exit_veneer>:
10003388:	f85f f000 	ldr.w	pc, [pc]	@ 1000338c <__mutex_exit_veneer+0x4>
1000338c:	20000221 	.word	0x20000221

10003390 <__mutex_try_enter_block_until_veneer>:
10003390:	f85f f000 	ldr.w	pc, [pc]	@ 10003394 <__mutex_try_enter_block_until_veneer+0x4>
10003394:	200001ed 	.word	0x200001ed

10003398 <__pre_init_runtime_init_bootrom_reset>:
10003398:	10001635                                5...

1000339c <__pre_init_runtime_init_early_resets>:
1000339c:	100015ad                                ....

100033a0 <__pre_init_runtime_init_usb_power_down>:
100033a0:	100015d9                                ....

100033a4 <__pre_init_runtime_init_clocks>:
100033a4:	100016d1                                ....

100033a8 <__pre_init_runtime_init_post_clock_resets>:
100033a8:	10001615                                ....

100033ac <__pre_init_runtime_init_boot_locks_reset>:
100033ac:	10001551                                Q...

100033b0 <__pre_init_runtime_init_spin_locks_reset>:
100033b0:	10001659                                Y...

100033b4 <__pre_init_runtime_init_bootrom_locking_enable>:
100033b4:	1000151d                                ....

100033b8 <__pre_init_runtime_init_mutex>:
100033b8:	10000871                                q...

100033bc <__pre_init_runtime_init_install_ram_vector_table>:
100033bc:	10001661                                a...

100033c0 <__pre_init_runtime_init_default_alarm_pool>:
100033c0:	100010c1                                ....

100033c4 <__pre_init_first_per_core_initializer>:
100033c4:	10001599                                ....

100033c8 <__pre_init_runtime_init_per_core_bootrom_reset>:
100033c8:	10001647                                G...

100033cc <__pre_init_runtime_init_per_core_enable_coprocessors>:
100033cc:	100015f9                                ....

100033d0 <__pre_init_spinlock_set_extexclall>:
100033d0:	100003cd                                ....

100033d4 <__pre_init_runtime_init_per_core_irq_priorities>:
100033d4:	10000425                                %...

100033d8 <__init_array_start>:
100033d8:	10003365 	.word	0x10003365

100033dc <__frame_dummy_init_array_entry>:
100033dc:	10000255                                U...

Disassembly of section .data:

20000110 <mutex_try_enter>:
20000110:	b500      	push	{lr}
20000112:	4603      	mov	r3, r0
20000114:	6800      	ldr	r0, [r0, #0]
20000116:	f3ef 8210 	mrs	r2, PRIMASK
2000011a:	b672      	cpsid	i
2000011c:	e8d0 efcf 	ldaexb	lr, [r0]
20000120:	f05f 0c01 	movs.w	ip, #1
20000124:	f1be 0f00 	cmp.w	lr, #0
20000128:	d1f8      	bne.n	2000011c <mutex_try_enter+0xc>
2000012a:	e8c0 cf4e 	strexb	lr, ip, [r0]
2000012e:	f1be 0f00 	cmp.w	lr, #0
20000132:	d1f3      	bne.n	2000011c <mutex_try_enter+0xc>
20000134:	f3bf 8f5f 	dmb	sy
20000138:	f993 0004 	ldrsb.w	r0, [r3, #4]
2000013c:	2800      	cmp	r0, #0
2000013e:	db0a      	blt.n	20000156 <mutex_try_enter+0x46>
20000140:	b181      	cbz	r1, 20000164 <mutex_try_enter+0x54>
20000142:	6008      	str	r0, [r1, #0]
20000144:	2000      	movs	r0, #0
20000146:	6819      	ldr	r1, [r3, #0]
20000148:	2300      	movs	r3, #0
2000014a:	e8c1 3f8f 	stlb	r3, [r1]
2000014e:	f382 8810 	msr	PRIMASK, r2
20000152:	f85d fb04 	ldr.w	pc, [sp], #4
20000156:	f04f 4150 	mov.w	r1, #3489660928	@ 0xd0000000
2000015a:	f991 1000 	ldrsb.w	r1, [r1]
2000015e:	7119      	strb	r1, [r3, #4]
20000160:	2001      	movs	r0, #1
20000162:	e7f0      	b.n	20000146 <mutex_try_enter+0x36>
20000164:	2000      	movs	r0, #0
20000166:	e7ee      	b.n	20000146 <mutex_try_enter+0x36>

20000168 <mutex_enter_block_until>:
20000168:	b5f8      	push	{r3, r4, r5, r6, r7, lr}
2000016a:	461e      	mov	r6, r3
2000016c:	6803      	ldr	r3, [r0, #0]
2000016e:	2b00      	cmp	r3, #0
20000170:	d027      	beq.n	200001c2 <mutex_enter_block_until+0x5a>
20000172:	4604      	mov	r4, r0
20000174:	4615      	mov	r5, r2
20000176:	f04f 4350 	mov.w	r3, #3489660928	@ 0xd0000000
2000017a:	f993 7000 	ldrsb.w	r7, [r3]
2000017e:	6821      	ldr	r1, [r4, #0]
20000180:	f3ef 8c10 	mrs	ip, PRIMASK
20000184:	b672      	cpsid	i
20000186:	e8d1 2fcf 	ldaexb	r2, [r1]
2000018a:	2301      	movs	r3, #1
2000018c:	2a00      	cmp	r2, #0
2000018e:	d1fa      	bne.n	20000186 <mutex_enter_block_until+0x1e>
20000190:	e8c1 3f42 	strexb	r2, r3, [r1]
20000194:	2a00      	cmp	r2, #0
20000196:	d1f6      	bne.n	20000186 <mutex_enter_block_until+0x1e>
20000198:	f3bf 8f5f 	dmb	sy
2000019c:	f994 e004 	ldrsb.w	lr, [r4, #4]
200001a0:	f1be 0f00 	cmp.w	lr, #0
200001a4:	db13      	blt.n	200001ce <mutex_enter_block_until+0x66>
200001a6:	6822      	ldr	r2, [r4, #0]
200001a8:	2300      	movs	r3, #0
200001aa:	e8c2 3f8f 	stlb	r3, [r2]
200001ae:	f38c 8810 	msr	PRIMASK, ip
200001b2:	4628      	mov	r0, r5
200001b4:	4631      	mov	r1, r6
200001b6:	f000 f9fb 	bl	200005b0 <__best_effort_wfe_or_timeout_veneer>
200001ba:	2800      	cmp	r0, #0
200001bc:	d0df      	beq.n	2000017e <mutex_enter_block_until+0x16>
200001be:	2000      	movs	r0, #0
200001c0:	e00d      	b.n	200001de <mutex_enter_block_until+0x76>
200001c2:	4b07      	ldr	r3, [pc, #28]	@ (200001e0 <mutex_enter_block_until+0x78>)
200001c4:	4a07      	ldr	r2, [pc, #28]	@ (200001e4 <mutex_enter_block_until+0x7c>)
200001c6:	21a6      	movs	r1, #166	@ 0xa6
200001c8:	4807      	ldr	r0, [pc, #28]	@ (200001e8 <mutex_enter_block_until+0x80>)
200001ca:	f000 f9f5 	bl	200005b8 <____assert_func_veneer>
200001ce:	7127      	strb	r7, [r4, #4]
200001d0:	6822      	ldr	r2, [r4, #0]
200001d2:	2300      	movs	r3, #0
200001d4:	e8c2 3f8f 	stlb	r3, [r2]
200001d8:	f38c 8810 	msr	PRIMASK, ip
200001dc:	2001      	movs	r0, #1
200001de:	bdf8      	pop	{r3, r4, r5, r6, r7, pc}
200001e0:	10003590 	.word	0x10003590
200001e4:	10003924 	.word	0x10003924
200001e8:	10003554 	.word	0x10003554

200001ec <mutex_try_enter_block_until>:
200001ec:	b570      	push	{r4, r5, r6, lr}
200001ee:	b082      	sub	sp, #8
200001f0:	4606      	mov	r6, r0
200001f2:	4615      	mov	r5, r2
200001f4:	461c      	mov	r4, r3
200001f6:	a901      	add	r1, sp, #4
200001f8:	f7ff ff8a 	bl	20000110 <mutex_try_enter>
200001fc:	b938      	cbnz	r0, 2000020e <mutex_try_enter_block_until+0x22>
200001fe:	f99d 2004 	ldrsb.w	r2, [sp, #4]
20000202:	f04f 4350 	mov.w	r3, #3489660928	@ 0xd0000000
20000206:	f993 3000 	ldrsb.w	r3, [r3]
2000020a:	429a      	cmp	r2, r3
2000020c:	d101      	bne.n	20000212 <mutex_try_enter_block_until+0x26>
2000020e:	b002      	add	sp, #8
20000210:	bd70      	pop	{r4, r5, r6, pc}
20000212:	462a      	mov	r2, r5
20000214:	4623      	mov	r3, r4
20000216:	4630      	mov	r0, r6
20000218:	f7ff ffa6 	bl	20000168 <mutex_enter_block_until>
2000021c:	e7f7      	b.n	2000020e <mutex_try_enter_block_until+0x22>
	...

20000220 <mutex_exit>:
20000220:	b508      	push	{r3, lr}
20000222:	6802      	ldr	r2, [r0, #0]
20000224:	f3ef 8310 	mrs	r3, PRIMASK
20000228:	b672      	cpsid	i
2000022a:	e8d2 cfcf 	ldaexb	ip, [r2]
2000022e:	2101      	movs	r1, #1
20000230:	f1bc 0f00 	cmp.w	ip, #0
20000234:	d1f9      	bne.n	2000022a <mutex_exit+0xa>
20000236:	e8c2 1f4c 	strexb	ip, r1, [r2]
2000023a:	f1bc 0f00 	cmp.w	ip, #0
2000023e:	d1f4      	bne.n	2000022a <mutex_exit+0xa>
20000240:	f3bf 8f5f 	dmb	sy
20000244:	f990 2004 	ldrsb.w	r2, [r0, #4]
20000248:	2a00      	cmp	r2, #0
2000024a:	db09      	blt.n	20000260 <mutex_exit+0x40>
2000024c:	22ff      	movs	r2, #255	@ 0xff
2000024e:	7102      	strb	r2, [r0, #4]
20000250:	6801      	ldr	r1, [r0, #0]
20000252:	2200      	movs	r2, #0
20000254:	e8c1 2f8f 	stlb	r2, [r1]
20000258:	f383 8810 	msr	PRIMASK, r3
2000025c:	bf40      	sev
2000025e:	bd08      	pop	{r3, pc}
20000260:	4b02      	ldr	r3, [pc, #8]	@ (2000026c <mutex_exit+0x4c>)
20000262:	4a03      	ldr	r2, [pc, #12]	@ (20000270 <mutex_exit+0x50>)
20000264:	21d5      	movs	r1, #213	@ 0xd5
20000266:	4803      	ldr	r0, [pc, #12]	@ (20000274 <mutex_exit+0x54>)
20000268:	f000 f9a6 	bl	200005b8 <____assert_func_veneer>
2000026c:	100035a4 	.word	0x100035a4
20000270:	10003918 	.word	0x10003918
20000274:	10003554 	.word	0x10003554

20000278 <__aeabi_uldivmod>:
20000278:	b953      	cbnz	r3, 20000290 <__aeabi_uldivmod+0x18>
2000027a:	b94a      	cbnz	r2, 20000290 <__aeabi_uldivmod+0x18>
2000027c:	2900      	cmp	r1, #0
2000027e:	bf08      	it	eq
20000280:	2800      	cmpeq	r0, #0
20000282:	bf1c      	itt	ne
20000284:	f04f 31ff 	movne.w	r1, #4294967295	@ 0xffffffff
20000288:	f04f 30ff 	movne.w	r0, #4294967295	@ 0xffffffff
2000028c:	f000 b98c 	b.w	200005a8 <__aeabi_idiv0>
20000290:	f1ad 0c08 	sub.w	ip, sp, #8
20000294:	e96d ce04 	strd	ip, lr, [sp, #-16]!
20000298:	f000 f806 	bl	200002a8 <__udivmoddi4>
2000029c:	f8dd e004 	ldr.w	lr, [sp, #4]
200002a0:	e9dd 2302 	ldrd	r2, r3, [sp, #8]
200002a4:	b004      	add	sp, #16
200002a6:	4770      	bx	lr

200002a8 <__udivmoddi4>:
200002a8:	e92d 4ff0 	stmdb	sp!, {r4, r5, r6, r7, r8, r9, sl, fp, lr}
200002ac:	9d09      	ldr	r5, [sp, #36]	@ 0x24
200002ae:	460e      	mov	r6, r1
200002b0:	4604      	mov	r4, r0
200002b2:	460f      	mov	r7, r1
200002b4:	2b00      	cmp	r3, #0
200002b6:	d147      	bne.n	20000348 <__udivmoddi4+0xa0>
200002b8:	428a      	cmp	r2, r1
200002ba:	4694      	mov	ip, r2
200002bc:	fab2 f382 	clz	r3, r2
200002c0:	d95a      	bls.n	20000378 <__udivmoddi4+0xd0>
200002c2:	b143      	cbz	r3, 200002d6 <__udivmoddi4+0x2e>
200002c4:	fa02 fc03 	lsl.w	ip, r2, r3
200002c8:	f1c3 0220 	rsb	r2, r3, #32
200002cc:	409f      	lsls	r7, r3
200002ce:	409c      	lsls	r4, r3
200002d0:	fa20 f202 	lsr.w	r2, r0, r2
200002d4:	4317      	orrs	r7, r2
200002d6:	ea4f 461c 	mov.w	r6, ip, lsr #16
200002da:	fa1f fe8c 	uxth.w	lr, ip
200002de:	0c22      	lsrs	r2, r4, #16
200002e0:	fbb7 f1f6 	udiv	r1, r7, r6
200002e4:	fb06 7711 	mls	r7, r6, r1, r7
200002e8:	fb01 f00e 	mul.w	r0, r1, lr
200002ec:	ea42 4207 	orr.w	r2, r2, r7, lsl #16
200002f0:	4290      	cmp	r0, r2
200002f2:	d908      	bls.n	20000306 <__udivmoddi4+0x5e>
200002f4:	eb1c 0202 	adds.w	r2, ip, r2
200002f8:	f101 37ff 	add.w	r7, r1, #4294967295	@ 0xffffffff
200002fc:	d202      	bcs.n	20000304 <__udivmoddi4+0x5c>
200002fe:	4290      	cmp	r0, r2
20000300:	f200 813c 	bhi.w	2000057c <__udivmoddi4+0x2d4>
20000304:	4639      	mov	r1, r7
20000306:	1a12      	subs	r2, r2, r0
20000308:	b2a4      	uxth	r4, r4
2000030a:	fbb2 f0f6 	udiv	r0, r2, r6
2000030e:	fb06 2210 	mls	r2, r6, r0, r2
20000312:	fb00 fe0e 	mul.w	lr, r0, lr
20000316:	ea44 4402 	orr.w	r4, r4, r2, lsl #16
2000031a:	45a6      	cmp	lr, r4
2000031c:	d908      	bls.n	20000330 <__udivmoddi4+0x88>
2000031e:	eb1c 0404 	adds.w	r4, ip, r4
20000322:	f100 32ff 	add.w	r2, r0, #4294967295	@ 0xffffffff
20000326:	d202      	bcs.n	2000032e <__udivmoddi4+0x86>
20000328:	45a6      	cmp	lr, r4
2000032a:	f200 812a 	bhi.w	20000582 <__udivmoddi4+0x2da>
2000032e:	4610      	mov	r0, r2
20000330:	ea40 4001 	orr.w	r0, r0, r1, lsl #16
20000334:	eba4 040e 	sub.w	r4, r4, lr
20000338:	2100      	movs	r1, #0
2000033a:	b11d      	cbz	r5, 20000344 <__udivmoddi4+0x9c>
2000033c:	40dc      	lsrs	r4, r3
2000033e:	2300      	movs	r3, #0
20000340:	e9c5 4300 	strd	r4, r3, [r5]
20000344:	e8bd 8ff0 	ldmia.w	sp!, {r4, r5, r6, r7, r8, r9, sl, fp, pc}
20000348:	428b      	cmp	r3, r1
2000034a:	d905      	bls.n	20000358 <__udivmoddi4+0xb0>
2000034c:	b10d      	cbz	r5, 20000352 <__udivmoddi4+0xaa>
2000034e:	e9c5 0100 	strd	r0, r1, [r5]
20000352:	2100      	movs	r1, #0
20000354:	4608      	mov	r0, r1
20000356:	e7f5      	b.n	20000344 <__udivmoddi4+0x9c>
20000358:	fab3 f183 	clz	r1, r3
2000035c:	2900      	cmp	r1, #0
2000035e:	d14f      	bne.n	20000400 <__udivmoddi4+0x158>
20000360:	42b3      	cmp	r3, r6
20000362:	f0c0 8102 	bcc.w	2000056a <__udivmoddi4+0x2c2>
20000366:	4282      	cmp	r2, r0
20000368:	f240 80ff 	bls.w	2000056a <__udivmoddi4+0x2c2>
2000036c:	4608      	mov	r0, r1
2000036e:	2d00      	cmp	r5, #0
20000370:	d0e8      	beq.n	20000344 <__udivmoddi4+0x9c>
20000372:	e9c5 4700 	strd	r4, r7, [r5]
20000376:	e7e5      	b.n	20000344 <__udivmoddi4+0x9c>
20000378:	2b00      	cmp	r3, #0
2000037a:	f040 80af 	bne.w	200004dc <__udivmoddi4+0x234>
2000037e:	1a8a      	subs	r2, r1, r2
20000380:	ea4f 4e1c 	mov.w	lr, ip, lsr #16
20000384:	fa1f f78c 	uxth.w	r7, ip
20000388:	2101      	movs	r1, #1
2000038a:	fbb2 f6fe 	udiv	r6, r2, lr
2000038e:	fb0e 2016 	mls	r0, lr, r6, r2
20000392:	0c22      	lsrs	r2, r4, #16
20000394:	ea42 4200 	orr.w	r2, r2, r0, lsl #16
20000398:	fb07 f006 	mul.w	r0, r7, r6
2000039c:	4290      	cmp	r0, r2
2000039e:	d90f      	bls.n	200003c0 <__udivmoddi4+0x118>
200003a0:	eb1c 0202 	adds.w	r2, ip, r2
200003a4:	f106 38ff 	add.w	r8, r6, #4294967295	@ 0xffffffff
200003a8:	bf2c      	ite	cs
200003aa:	f04f 0901 	movcs.w	r9, #1
200003ae:	f04f 0900 	movcc.w	r9, #0
200003b2:	4290      	cmp	r0, r2
200003b4:	d903      	bls.n	200003be <__udivmoddi4+0x116>
200003b6:	f1b9 0f00 	cmp.w	r9, #0
200003ba:	f000 80dc 	beq.w	20000576 <__udivmoddi4+0x2ce>
200003be:	4646      	mov	r6, r8
200003c0:	1a12      	subs	r2, r2, r0
200003c2:	b2a4      	uxth	r4, r4
200003c4:	fbb2 f0fe 	udiv	r0, r2, lr
200003c8:	fb0e 2210 	mls	r2, lr, r0, r2
200003cc:	fb00 f707 	mul.w	r7, r0, r7
200003d0:	ea44 4402 	orr.w	r4, r4, r2, lsl #16
200003d4:	42a7      	cmp	r7, r4
200003d6:	d90f      	bls.n	200003f8 <__udivmoddi4+0x150>
200003d8:	eb1c 0404 	adds.w	r4, ip, r4
200003dc:	f100 32ff 	add.w	r2, r0, #4294967295	@ 0xffffffff
200003e0:	bf2c      	ite	cs
200003e2:	f04f 0e01 	movcs.w	lr, #1
200003e6:	f04f 0e00 	movcc.w	lr, #0
200003ea:	42a7      	cmp	r7, r4
200003ec:	d903      	bls.n	200003f6 <__udivmoddi4+0x14e>
200003ee:	f1be 0f00 	cmp.w	lr, #0
200003f2:	f000 80c9 	beq.w	20000588 <__udivmoddi4+0x2e0>
200003f6:	4610      	mov	r0, r2
200003f8:	1be4      	subs	r4, r4, r7
200003fa:	ea40 4006 	orr.w	r0, r0, r6, lsl #16
200003fe:	e79c      	b.n	2000033a <__udivmoddi4+0x92>
20000400:	f1c1 0420 	rsb	r4, r1, #32
20000404:	408b      	lsls	r3, r1
20000406:	fa06 fc01 	lsl.w	ip, r6, r1
2000040a:	fa00 fe01 	lsl.w	lr, r0, r1
2000040e:	fa22 f704 	lsr.w	r7, r2, r4
20000412:	40e6      	lsrs	r6, r4
20000414:	408a      	lsls	r2, r1
20000416:	431f      	orrs	r7, r3
20000418:	fa20 f304 	lsr.w	r3, r0, r4
2000041c:	ea4f 4817 	mov.w	r8, r7, lsr #16
20000420:	ea43 030c 	orr.w	r3, r3, ip
20000424:	fa1f fc87 	uxth.w	ip, r7
20000428:	ea4f 4913 	mov.w	r9, r3, lsr #16
2000042c:	fbb6 f0f8 	udiv	r0, r6, r8
20000430:	fb08 6610 	mls	r6, r8, r0, r6
20000434:	ea49 4606 	orr.w	r6, r9, r6, lsl #16
20000438:	fb00 f90c 	mul.w	r9, r0, ip
2000043c:	45b1      	cmp	r9, r6
2000043e:	d90e      	bls.n	2000045e <__udivmoddi4+0x1b6>
20000440:	19be      	adds	r6, r7, r6
20000442:	f100 3aff 	add.w	sl, r0, #4294967295	@ 0xffffffff
20000446:	bf2c      	ite	cs
20000448:	f04f 0b01 	movcs.w	fp, #1
2000044c:	f04f 0b00 	movcc.w	fp, #0
20000450:	45b1      	cmp	r9, r6
20000452:	d903      	bls.n	2000045c <__udivmoddi4+0x1b4>
20000454:	f1bb 0f00 	cmp.w	fp, #0
20000458:	f000 80a2 	beq.w	200005a0 <__udivmoddi4+0x2f8>
2000045c:	4650      	mov	r0, sl
2000045e:	eba6 0609 	sub.w	r6, r6, r9
20000462:	fa1f f983 	uxth.w	r9, r3
20000466:	fbb6 f3f8 	udiv	r3, r6, r8
2000046a:	fb08 6613 	mls	r6, r8, r3, r6
2000046e:	fb03 fc0c 	mul.w	ip, r3, ip
20000472:	ea49 4606 	orr.w	r6, r9, r6, lsl #16
20000476:	45b4      	cmp	ip, r6
20000478:	d90e      	bls.n	20000498 <__udivmoddi4+0x1f0>
2000047a:	19be      	adds	r6, r7, r6
2000047c:	f103 38ff 	add.w	r8, r3, #4294967295	@ 0xffffffff
20000480:	bf2c      	ite	cs
20000482:	f04f 0901 	movcs.w	r9, #1
20000486:	f04f 0900 	movcc.w	r9, #0
2000048a:	45b4      	cmp	ip, r6
2000048c:	d903      	bls.n	20000496 <__udivmoddi4+0x1ee>
2000048e:	f1b9 0f00 	cmp.w	r9, #0
20000492:	f000 8082 	beq.w	2000059a <__udivmoddi4+0x2f2>
20000496:	4643      	mov	r3, r8
20000498:	ea43 4000 	orr.w	r0, r3, r0, lsl #16
2000049c:	eba6 060c 	sub.w	r6, r6, ip
200004a0:	fba0 8c02 	umull	r8, ip, r0, r2
200004a4:	4566      	cmp	r6, ip
200004a6:	4643      	mov	r3, r8
200004a8:	46e1      	mov	r9, ip
200004aa:	d302      	bcc.n	200004b2 <__udivmoddi4+0x20a>
200004ac:	d107      	bne.n	200004be <__udivmoddi4+0x216>
200004ae:	45c6      	cmp	lr, r8
200004b0:	d205      	bcs.n	200004be <__udivmoddi4+0x216>
200004b2:	ebb8 0302 	subs.w	r3, r8, r2
200004b6:	eb6c 0c07 	sbc.w	ip, ip, r7
200004ba:	3801      	subs	r0, #1
200004bc:	46e1      	mov	r9, ip
200004be:	b15d      	cbz	r5, 200004d8 <__udivmoddi4+0x230>
200004c0:	ebbe 0203 	subs.w	r2, lr, r3
200004c4:	eb66 0609 	sbc.w	r6, r6, r9
200004c8:	fa06 f404 	lsl.w	r4, r6, r4
200004cc:	fa22 f301 	lsr.w	r3, r2, r1
200004d0:	40ce      	lsrs	r6, r1
200004d2:	431c      	orrs	r4, r3
200004d4:	e9c5 4600 	strd	r4, r6, [r5]
200004d8:	2100      	movs	r1, #0
200004da:	e733      	b.n	20000344 <__udivmoddi4+0x9c>
200004dc:	fa02 fc03 	lsl.w	ip, r2, r3
200004e0:	f1c3 0220 	rsb	r2, r3, #32
200004e4:	4099      	lsls	r1, r3
200004e6:	409c      	lsls	r4, r3
200004e8:	40d6      	lsrs	r6, r2
200004ea:	ea4f 4e1c 	mov.w	lr, ip, lsr #16
200004ee:	fa20 f202 	lsr.w	r2, r0, r2
200004f2:	fa1f f78c 	uxth.w	r7, ip
200004f6:	fbb6 f0fe 	udiv	r0, r6, lr
200004fa:	430a      	orrs	r2, r1
200004fc:	fb0e 6610 	mls	r6, lr, r0, r6
20000500:	0c11      	lsrs	r1, r2, #16
20000502:	ea41 4106 	orr.w	r1, r1, r6, lsl #16
20000506:	fb00 f607 	mul.w	r6, r0, r7
2000050a:	428e      	cmp	r6, r1
2000050c:	d90e      	bls.n	2000052c <__udivmoddi4+0x284>
2000050e:	eb1c 0101 	adds.w	r1, ip, r1
20000512:	f100 38ff 	add.w	r8, r0, #4294967295	@ 0xffffffff
20000516:	bf2c      	ite	cs
20000518:	f04f 0901 	movcs.w	r9, #1
2000051c:	f04f 0900 	movcc.w	r9, #0
20000520:	428e      	cmp	r6, r1
20000522:	d902      	bls.n	2000052a <__udivmoddi4+0x282>
20000524:	f1b9 0f00 	cmp.w	r9, #0
20000528:	d034      	beq.n	20000594 <__udivmoddi4+0x2ec>
2000052a:	4640      	mov	r0, r8
2000052c:	1b89      	subs	r1, r1, r6
2000052e:	b292      	uxth	r2, r2
20000530:	fbb1 f6fe 	udiv	r6, r1, lr
20000534:	fb0e 1116 	mls	r1, lr, r6, r1
20000538:	ea42 4201 	orr.w	r2, r2, r1, lsl #16
2000053c:	fb06 f107 	mul.w	r1, r6, r7
20000540:	4291      	cmp	r1, r2
20000542:	d90e      	bls.n	20000562 <__udivmoddi4+0x2ba>
20000544:	eb1c 0202 	adds.w	r2, ip, r2
20000548:	f106 38ff 	add.w	r8, r6, #4294967295	@ 0xffffffff
2000054c:	bf2c      	ite	cs
2000054e:	f04f 0901 	movcs.w	r9, #1
20000552:	f04f 0900 	movcc.w	r9, #0
20000556:	4291      	cmp	r1, r2
20000558:	d902      	bls.n	20000560 <__udivmoddi4+0x2b8>
2000055a:	f1b9 0f00 	cmp.w	r9, #0
2000055e:	d016      	beq.n	2000058e <__udivmoddi4+0x2e6>
20000560:	4646      	mov	r6, r8
20000562:	1a52      	subs	r2, r2, r1
20000564:	ea46 4100 	orr.w	r1, r6, r0, lsl #16
20000568:	e70f      	b.n	2000038a <__udivmoddi4+0xe2>
2000056a:	1a84      	subs	r4, r0, r2
2000056c:	eb66 0203 	sbc.w	r2, r6, r3
20000570:	2001      	movs	r0, #1
20000572:	4617      	mov	r7, r2
20000574:	e6fb      	b.n	2000036e <__udivmoddi4+0xc6>
20000576:	3e02      	subs	r6, #2
20000578:	4462      	add	r2, ip
2000057a:	e721      	b.n	200003c0 <__udivmoddi4+0x118>
2000057c:	3902      	subs	r1, #2
2000057e:	4462      	add	r2, ip
20000580:	e6c1      	b.n	20000306 <__udivmoddi4+0x5e>
20000582:	4464      	add	r4, ip
20000584:	3802      	subs	r0, #2
20000586:	e6d3      	b.n	20000330 <__udivmoddi4+0x88>
20000588:	4464      	add	r4, ip
2000058a:	3802      	subs	r0, #2
2000058c:	e734      	b.n	200003f8 <__udivmoddi4+0x150>
2000058e:	3e02      	subs	r6, #2
20000590:	4462      	add	r2, ip
20000592:	e7e6      	b.n	20000562 <__udivmoddi4+0x2ba>
20000594:	3802      	subs	r0, #2
20000596:	4461      	add	r1, ip
20000598:	e7c8      	b.n	2000052c <__udivmoddi4+0x284>
2000059a:	3b02      	subs	r3, #2
2000059c:	443e      	add	r6, r7
2000059e:	e77b      	b.n	20000498 <__udivmoddi4+0x1f0>
200005a0:	3802      	subs	r0, #2
200005a2:	443e      	add	r6, r7
200005a4:	e75b      	b.n	2000045e <__udivmoddi4+0x1b6>
200005a6:	bf00      	nop

200005a8 <__aeabi_idiv0>:
200005a8:	4770      	bx	lr
200005aa:	bf00      	nop
200005ac:	0000      	movs	r0, r0
	...

200005b0 <__best_effort_wfe_or_timeout_veneer>:
200005b0:	f85f f000 	ldr.w	pc, [pc]	@ 200005b4 <__best_effort_wfe_or_timeout_veneer+0x4>
200005b4:	10000fad 	.word	0x10000fad

200005b8 <____assert_func_veneer>:
200005b8:	f85f f000 	ldr.w	pc, [pc]	@ 200005bc <____assert_func_veneer+0x4>
200005bc:	10002c59 	.word	0x10002c59

200005c0 <striped_spin_lock_num>:
200005c0:	00000010                                ....

200005c4 <irq_handler_chain_slots>:
200005c4:	00000000 	.word	0x00000000
200005c8:	00010000 	.word	0x00010000
	...
200005d4:	00020000 	.word	0x00020000
	...
200005e0:	00030000 	.word	0x00030000
	...
200005ec:	00ff0000 	.word	0x00ff0000
200005f0:	00000000 	.word	0x00000000

200005f4 <irq_handler_chain_first_slot>:
200005f4:	b501      	push	{r0, lr}
200005f6:	6848      	ldr	r0, [r1, #4]
200005f8:	3101      	adds	r1, #1
200005fa:	468e      	mov	lr, r1
200005fc:	4700      	bx	r0

200005fe <irq_handler_chain_remove_tail>:
200005fe:	4670      	mov	r0, lr
20000600:	3809      	subs	r0, #9
20000602:	4901      	ldr	r1, [pc, #4]	@ (20000608 <irq_handler_chain_remove_tail+0xa>)
20000604:	4788      	blx	r1
20000606:	bd01      	pop	{r0, pc}
20000608:	10000735 	.word	0x10000735

2000060c <default_alarm_pool>:
	...
20000620:	20000648                                H.. 

20000624 <stdio_uart>:
20000624:	10002fd5 1000306d 10002ff5 10003081     ./..m0.../...0..
20000634:	00000000 00000100                       ........

2000063c <print_mutex>:
	...
