
/home/pico2/DiskSat/build/DiskSat.elf:     file format elf32-littlearm

Sections:
Idx Name          Size      VMA       LMA       File off  Algn
  0 .text         00003378  10000000  10000000  00001000  2**3
                  CONTENTS, ALLOC, LOAD, READONLY, CODE
  1 .rodata       000005c8  10003378  10003378  00004378  2**3
                  CONTENTS, ALLOC, LOAD, READONLY, DATA
  2 .ARM.exidx    00000008  10003940  10003940  00004940  2**2
                  CONTENTS, ALLOC, LOAD, READONLY, DATA
  3 .binary_info  0000001c  10003948  10003948  00004948  2**2
                  CONTENTS, ALLOC, LOAD, READONLY, DATA
  4 .ram_vector_table 00000110  20000000  20000000  00007000  2**2
                  ALLOC
  5 .uninitialized_data 00000000  20000110  20000110  000061cc  2**0
                  CONTENTS
  6 .data         00000854  20000110  10003964  00005110  2**3
                  CONTENTS, ALLOC, LOAD, READONLY, CODE
  7 .tdata        00000000  20000964  20000964  000061cc  2**0
                  CONTENTS, ALLOC, LOAD, DATA, THREAD_LOCAL
  8 .tbss         00000000  20000964  20000964  00000000  2**0
                  ALLOC, THREAD_LOCAL
  9 .bss          000003ac  20000968  100041b8  00006968  2**3
                  ALLOC
 10 .heap         00000800  20000d14  100041b8  00006d14  2**2
                  ALLOC, READONLY
 11 .scratch_x    00000000  20080000  20080000  000061cc  2**0
                  CONTENTS
 12 .scratch_y    00000000  20081000  20081000  000061cc  2**0
                  CONTENTS
 13 .stack_dummy  00000800  20081000  20081000  00007000  2**5
                  ALLOC, READONLY
 14 .flash_end    00000014  100041b8  100041b8  000061b8  2**2
                  CONTENTS, ALLOC, LOAD, READONLY, DATA
 15 .ARM.attributes 00000034  00000000  00000000  000061cc  2**0
                  CONTENTS, READONLY
 16 .comment      00000026  00000000  00000000  00006200  2**0
                  CONTENTS, READONLY
 17 .debug_info   0001bf9d  00000000  00000000  00006226  2**0
                  CONTENTS, READONLY, DEBUGGING, OCTETS
 18 .debug_abbrev 00005a3a  00000000  00000000  000221c3  2**0
                  CONTENTS, READONLY, DEBUGGING, OCTETS
 19 .debug_loclists 0000a296  00000000  00000000  00027bfd  2**0
                  CONTENTS, READONLY, DEBUGGING, OCTETS
 20 .debug_aranges 00000e38  00000000  00000000  00031e98  2**3
                  CONTENTS, READONLY, DEBUGGING, OCTETS
 21 .debug_rnglists 00000ec2  00000000  00000000  00032cd0  2**0
                  CONTENTS, READONLY, DEBUGGING, OCTETS
 22 .debug_line   0000e6d8  00000000  00000000  00033b92  2**0
                  CONTENTS, READONLY, DEBUGGING, OCTETS
 23 .debug_str    00005f8b  00000000  00000000  0004226a  2**0
                  CONTENTS, READONLY, DEBUGGING, OCTETS
 24 .debug_frame  000021d0  00000000  00000000  000481f8  2**2
                  CONTENTS, READONLY, DEBUGGING, OCTETS
 25 .debug_line_str 000001e2  00000000  00000000  0004a3c8  2**0
                  CONTENTS, READONLY, DEBUGGING, OCTETS

/home/pico2/DiskSat/build/DiskSat.elf:     file format elf32-littlearm


Disassembly of section .text:

10000000 <__VECTOR_TABLE>:
10000000:	20082000 	.word	0x20082000
10000004:	1000015d 	.word	0x1000015d
10000008:	1000011b 	.word	0x1000011b
1000000c:	1000011d 	.word	0x1000011d
10000010:	10000111 	.word	0x10000111
10000014:	10000111 	.word	0x10000111
10000018:	10000111 	.word	0x10000111
1000001c:	10000111 	.word	0x10000111
10000020:	10000119 	.word	0x10000119
10000024:	10000119 	.word	0x10000119
10000028:	10000119 	.word	0x10000119
1000002c:	1000011f 	.word	0x1000011f
10000030:	10000111 	.word	0x10000111
10000034:	10000119 	.word	0x10000119
10000038:	10000121 	.word	0x10000121
1000003c:	10000123 	.word	0x10000123
10000040:	10000111 	.word	0x10000111
10000044:	10000111 	.word	0x10000111
10000048:	10000111 	.word	0x10000111
1000004c:	10000111 	.word	0x10000111
10000050:	10000111 	.word	0x10000111
10000054:	10000111 	.word	0x10000111
10000058:	10000111 	.word	0x10000111
1000005c:	10000111 	.word	0x10000111
10000060:	10000111 	.word	0x10000111
10000064:	10000111 	.word	0x10000111
10000068:	10000111 	.word	0x10000111
1000006c:	10000111 	.word	0x10000111
10000070:	10000111 	.word	0x10000111
10000074:	10000111 	.word	0x10000111
10000078:	10000111 	.word	0x10000111
1000007c:	10000111 	.word	0x10000111
10000080:	10000111 	.word	0x10000111
10000084:	10000111 	.word	0x10000111
10000088:	10000111 	.word	0x10000111
1000008c:	10000111 	.word	0x10000111
10000090:	10000111 	.word	0x10000111
10000094:	10000111 	.word	0x10000111
10000098:	10000111 	.word	0x10000111
1000009c:	10000111 	.word	0x10000111
100000a0:	10000111 	.word	0x10000111
100000a4:	10000111 	.word	0x10000111
100000a8:	10000111 	.word	0x10000111
100000ac:	10000111 	.word	0x10000111
100000b0:	10000111 	.word	0x10000111
100000b4:	10000111 	.word	0x10000111
100000b8:	10000111 	.word	0x10000111
100000bc:	10000111 	.word	0x10000111
100000c0:	10000111 	.word	0x10000111
100000c4:	10000111 	.word	0x10000111
100000c8:	10000111 	.word	0x10000111
100000cc:	10000111 	.word	0x10000111
100000d0:	10000111 	.word	0x10000111
100000d4:	10000111 	.word	0x10000111
100000d8:	10000111 	.word	0x10000111
100000dc:	10000111 	.word	0x10000111
100000e0:	10000111 	.word	0x10000111
100000e4:	10000111 	.word	0x10000111
100000e8:	10000111 	.word	0x10000111
100000ec:	10000111 	.word	0x10000111
100000f0:	10000111 	.word	0x10000111
100000f4:	10000111 	.word	0x10000111
100000f8:	10000111 	.word	0x10000111
100000fc:	10000111 	.word	0x10000111
10000100:	10000111 	.word	0x10000111
10000104:	10000111 	.word	0x10000111
10000108:	10000111 	.word	0x10000111
1000010c:	10000111 	.word	0x10000111

10000110 <__unhandled_user_irq>:
10000110:	f3ef 8005 	mrs	r0, IPSR
10000114:	3810      	subs	r0, #16

10000116 <unhandled_user_irq_num_in_r0>:
10000116:	be00      	bkpt	0x0000

10000118 <isr_invalid>:
10000118:	be00      	bkpt	0x0000

1000011a <isr_nmi>:
1000011a:	be00      	bkpt	0x0000

1000011c <isr_hardfault>:
1000011c:	be00      	bkpt	0x0000

1000011e <isr_svcall>:
1000011e:	be00      	bkpt	0x0000

10000120 <isr_pendsv>:
10000120:	be00      	bkpt	0x0000

10000122 <isr_systick>:
10000122:	be00      	bkpt	0x0000

10000124 <__default_isrs_end>:
10000124:	7188ebf2 	.word	0x7188ebf2
10000128:	10003948 	.word	0x10003948
1000012c:	10003964 	.word	0x10003964
10000130:	100001a0 	.word	0x100001a0
10000134:	e71aa390 	.word	0xe71aa390

10000138 <__binary_info_header_end>:
10000138:	ffffded3 	.word	0xffffded3
1000013c:	10210142 	.word	0x10210142
10000140:	000001ff 	.word	0x000001ff
10000144:	00004080 	.word	0x00004080
10000148:	ab123579 	.word	0xab123579

1000014c <_entry_point>:
1000014c:	f04f 0000 	mov.w	r0, #0

10000150 <_enter_vtable_in_r0>:
10000150:	491e      	ldr	r1, [pc, #120]	@ (100001cc <data_cpy_table+0x2c>)
10000152:	6008      	str	r0, [r1, #0]
10000154:	c806      	ldmia	r0!, {r1, r2}
10000156:	f381 8808 	msr	MSP, r1
1000015a:	4710      	bx	r2

1000015c <_reset_handler>:
1000015c:	f04f 4050 	mov.w	r0, #3489660928	@ 0xd0000000
10000160:	6800      	ldr	r0, [r0, #0]
10000162:	b110      	cbz	r0, 1000016a <hold_non_core0_in_bootrom+0x6>

10000164 <hold_non_core0_in_bootrom>:
10000164:	f04f 0000 	mov.w	r0, #0
10000168:	e7f2      	b.n	10000150 <_enter_vtable_in_r0>
1000016a:	a40d      	add	r4, pc, #52	@ (adr r4, 100001a0 <data_cpy_table>)
1000016c:	cc0e      	ldmia	r4!, {r1, r2, r3}
1000016e:	2900      	cmp	r1, #0
10000170:	d002      	beq.n	10000178 <hold_non_core0_in_bootrom+0x14>
10000172:	f000 f812 	bl	1000019a <data_cpy>
10000176:	e7f9      	b.n	1000016c <hold_non_core0_in_bootrom+0x8>
10000178:	4915      	ldr	r1, [pc, #84]	@ (100001d0 <data_cpy_table+0x30>)
1000017a:	4a16      	ldr	r2, [pc, #88]	@ (100001d4 <data_cpy_table+0x34>)
1000017c:	2000      	movs	r0, #0
1000017e:	e000      	b.n	10000182 <bss_fill_test>

10000180 <bss_fill_loop>:
10000180:	c101      	stmia	r1!, {r0}

10000182 <bss_fill_test>:
10000182:	4291      	cmp	r1, r2
10000184:	d1fc      	bne.n	10000180 <bss_fill_loop>

10000186 <platform_entry>:
10000186:	4914      	ldr	r1, [pc, #80]	@ (100001d8 <data_cpy_table+0x38>)
10000188:	4788      	blx	r1
1000018a:	4914      	ldr	r1, [pc, #80]	@ (100001dc <data_cpy_table+0x3c>)
1000018c:	4788      	blx	r1
1000018e:	4914      	ldr	r1, [pc, #80]	@ (100001e0 <data_cpy_table+0x40>)
10000190:	4788      	blx	r1
10000192:	be00      	bkpt	0x0000
10000194:	e7fd      	b.n	10000192 <platform_entry+0xc>

10000196 <data_cpy_loop>:
10000196:	c901      	ldmia	r1!, {r0}
10000198:	c201      	stmia	r2!, {r0}

1000019a <data_cpy>:
1000019a:	429a      	cmp	r2, r3
1000019c:	d3fb      	bcc.n	10000196 <data_cpy_loop>
1000019e:	4770      	bx	lr

100001a0 <data_cpy_table>:
100001a0:	10003964 	.word	0x10003964
100001a4:	20000110 	.word	0x20000110
100001a8:	20000964 	.word	0x20000964
100001ac:	100041b8 	.word	0x100041b8
100001b0:	20080000 	.word	0x20080000
100001b4:	20080000 	.word	0x20080000
100001b8:	100041b8 	.word	0x100041b8
100001bc:	20081000 	.word	0x20081000
100001c0:	20081000 	.word	0x20081000
100001c4:	00000000 	.word	0x00000000
100001c8:	4770      	bx	lr
100001ca:	0000      	.short	0x0000
100001cc:	e000ed08 	.word	0xe000ed08
100001d0:	20000964 	.word	0x20000964
100001d4:	20000d14 	.word	0x20000d14
100001d8:	10002b39 	.word	0x10002b39
100001dc:	100003b5 	.word	0x100003b5
100001e0:	10002afd 	.word	0x10002afd

100001e4 <_init>:
100001e4:	b5f8      	push	{r3, r4, r5, r6, r7, lr}
100001e6:	bf00      	nop

100001e8 <deregister_tm_clones>:
100001e8:	4803      	ldr	r0, [pc, #12]	@ (100001f8 <deregister_tm_clones+0x10>)
100001ea:	4b04      	ldr	r3, [pc, #16]	@ (100001fc <deregister_tm_clones+0x14>)
100001ec:	4283      	cmp	r3, r0
100001ee:	d002      	beq.n	100001f6 <deregister_tm_clones+0xe>
100001f0:	4b03      	ldr	r3, [pc, #12]	@ (10000200 <deregister_tm_clones+0x18>)
100001f2:	b103      	cbz	r3, 100001f6 <deregister_tm_clones+0xe>
100001f4:	4718      	bx	r3
100001f6:	4770      	bx	lr
100001f8:	20000964 	.word	0x20000964
100001fc:	20000964 	.word	0x20000964
10000200:	00000000 	.word	0x00000000

10000204 <register_tm_clones>:
10000204:	4b06      	ldr	r3, [pc, #24]	@ (10000220 <register_tm_clones+0x1c>)
10000206:	4907      	ldr	r1, [pc, #28]	@ (10000224 <register_tm_clones+0x20>)
10000208:	1ac9      	subs	r1, r1, r3
1000020a:	1089      	asrs	r1, r1, #2
1000020c:	bf48      	it	mi
1000020e:	3101      	addmi	r1, #1
10000210:	1049      	asrs	r1, r1, #1
10000212:	d003      	beq.n	1000021c <register_tm_clones+0x18>
10000214:	4b04      	ldr	r3, [pc, #16]	@ (10000228 <register_tm_clones+0x24>)
10000216:	b10b      	cbz	r3, 1000021c <register_tm_clones+0x18>
10000218:	4801      	ldr	r0, [pc, #4]	@ (10000220 <register_tm_clones+0x1c>)
1000021a:	4718      	bx	r3
1000021c:	4770      	bx	lr
1000021e:	bf00      	nop
10000220:	20000964 	.word	0x20000964
10000224:	20000964 	.word	0x20000964
10000228:	00000000 	.word	0x00000000

1000022c <__do_global_dtors_aux>:
1000022c:	b510      	push	{r4, lr}
1000022e:	4c06      	ldr	r4, [pc, #24]	@ (10000248 <__do_global_dtors_aux+0x1c>)
10000230:	7823      	ldrb	r3, [r4, #0]
10000232:	b943      	cbnz	r3, 10000246 <__do_global_dtors_aux+0x1a>
10000234:	f7ff ffd8 	bl	100001e8 <deregister_tm_clones>
10000238:	4b04      	ldr	r3, [pc, #16]	@ (1000024c <__do_global_dtors_aux+0x20>)
1000023a:	b113      	cbz	r3, 10000242 <__do_global_dtors_aux+0x16>
1000023c:	4804      	ldr	r0, [pc, #16]	@ (10000250 <__do_global_dtors_aux+0x24>)
1000023e:	f3af 8000 	nop.w
10000242:	2301      	movs	r3, #1
10000244:	7023      	strb	r3, [r4, #0]
10000246:	bd10      	pop	{r4, pc}
10000248:	20000ae8 	.word	0x20000ae8
1000024c:	00000000 	.word	0x00000000
10000250:	10003378 	.word	0x10003378

10000254 <frame_dummy>:
10000254:	b508      	push	{r3, lr}
10000256:	4b04      	ldr	r3, [pc, #16]	@ (10000268 <frame_dummy+0x14>)
10000258:	b11b      	cbz	r3, 10000262 <frame_dummy+0xe>
1000025a:	4904      	ldr	r1, [pc, #16]	@ (1000026c <frame_dummy+0x18>)
1000025c:	4804      	ldr	r0, [pc, #16]	@ (10000270 <frame_dummy+0x1c>)
1000025e:	f3af 8000 	nop.w
10000262:	e8bd 4008 	ldmia.w	sp!, {r3, lr}
10000266:	e7cd      	b.n	10000204 <register_tm_clones>
10000268:	00000000 	.word	0x00000000
1000026c:	20000aec 	.word	0x20000aec
10000270:	10003378 	.word	0x10003378

10000274 <uart_putc>:
10000274:	b082      	sub	sp, #8
10000276:	468c      	mov	ip, r1
10000278:	4b18      	ldr	r3, [pc, #96]	@ (100002dc <uart_putc+0x68>)
1000027a:	4298      	cmp	r0, r3
1000027c:	bf14      	ite	ne
1000027e:	2300      	movne	r3, #0
10000280:	2301      	moveq	r3, #1
10000282:	4a17      	ldr	r2, [pc, #92]	@ (100002e0 <uart_putc+0x6c>)
10000284:	f932 3013 	ldrsh.w	r3, [r2, r3, lsl #1]
10000288:	428b      	cmp	r3, r1
1000028a:	d005      	beq.n	10000298 <uart_putc+0x24>
1000028c:	f88d c007 	strb.w	ip, [sp, #7]
10000290:	2100      	movs	r1, #0
10000292:	f10d 0207 	add.w	r2, sp, #7
10000296:	e01c      	b.n	100002d2 <uart_putc+0x5e>
10000298:	230d      	movs	r3, #13
1000029a:	f88d 3007 	strb.w	r3, [sp, #7]
1000029e:	2100      	movs	r1, #0
100002a0:	f10d 0207 	add.w	r2, sp, #7
100002a4:	2900      	cmp	r1, #0
100002a6:	d1f1      	bne.n	1000028c <uart_putc+0x18>
100002a8:	6983      	ldr	r3, [r0, #24]
100002aa:	f013 0f20 	tst.w	r3, #32
100002ae:	d1fb      	bne.n	100002a8 <uart_putc+0x34>
100002b0:	4613      	mov	r3, r2
100002b2:	f813 2b01 	ldrb.w	r2, [r3], #1
100002b6:	6002      	str	r2, [r0, #0]
100002b8:	3101      	adds	r1, #1
100002ba:	461a      	mov	r2, r3
100002bc:	e7f2      	b.n	100002a4 <uart_putc+0x30>
100002be:	6983      	ldr	r3, [r0, #24]
100002c0:	f013 0f20 	tst.w	r3, #32
100002c4:	d1fb      	bne.n	100002be <uart_putc+0x4a>
100002c6:	4613      	mov	r3, r2
100002c8:	f813 2b01 	ldrb.w	r2, [r3], #1
100002cc:	6002      	str	r2, [r0, #0]
100002ce:	3101      	adds	r1, #1
100002d0:	461a      	mov	r2, r3
100002d2:	2900      	cmp	r1, #0
100002d4:	d0f3      	beq.n	100002be <uart_putc+0x4a>
100002d6:	b002      	add	sp, #8
100002d8:	4770      	bx	lr
100002da:	bf00      	nop
100002dc:	40078000 	.word	0x40078000
100002e0:	20000d10 	.word	0x20000d10

100002e4 <uart_puts>:
100002e4:	b530      	push	{r4, r5, lr}
100002e6:	b083      	sub	sp, #12
100002e8:	4604      	mov	r4, r0
100002ea:	460d      	mov	r5, r1
100002ec:	2300      	movs	r3, #0
100002ee:	e019      	b.n	10000324 <uart_puts+0x40>
100002f0:	f88d 1007 	strb.w	r1, [sp, #7]
100002f4:	2000      	movs	r0, #0
100002f6:	f10d 0207 	add.w	r2, sp, #7
100002fa:	e009      	b.n	10000310 <uart_puts+0x2c>
100002fc:	69a3      	ldr	r3, [r4, #24]
100002fe:	f013 0f20 	tst.w	r3, #32
10000302:	d1fb      	bne.n	100002fc <uart_puts+0x18>
10000304:	4613      	mov	r3, r2
10000306:	f813 2b01 	ldrb.w	r2, [r3], #1
1000030a:	6022      	str	r2, [r4, #0]
1000030c:	3001      	adds	r0, #1
1000030e:	461a      	mov	r2, r3
10000310:	2800      	cmp	r0, #0
10000312:	d0f3      	beq.n	100002fc <uart_puts+0x18>
10000314:	462a      	mov	r2, r5
10000316:	f812 3b01 	ldrb.w	r3, [r2], #1
1000031a:	2b0d      	cmp	r3, #13
1000031c:	bf14      	ite	ne
1000031e:	2300      	movne	r3, #0
10000320:	2301      	moveq	r3, #1
10000322:	4615      	mov	r5, r2
10000324:	7829      	ldrb	r1, [r5, #0]
10000326:	b129      	cbz	r1, 10000334 <uart_puts+0x50>
10000328:	2b00      	cmp	r3, #0
1000032a:	d1e1      	bne.n	100002f0 <uart_puts+0xc>
1000032c:	4620      	mov	r0, r4
1000032e:	f7ff ffa1 	bl	10000274 <uart_putc>
10000332:	e7ef      	b.n	10000314 <uart_puts+0x30>
10000334:	b003      	add	sp, #12
10000336:	bd30      	pop	{r4, r5, pc}

10000338 <read_tmp1075>:
10000338:	b500      	push	{lr}
1000033a:	b085      	sub	sp, #20
1000033c:	2300      	movs	r3, #0
1000033e:	f88d 300f 	strb.w	r3, [sp, #15]
10000342:	2301      	movs	r3, #1
10000344:	9300      	str	r3, [sp, #0]
10000346:	f10d 020f 	add.w	r2, sp, #15
1000034a:	2148      	movs	r1, #72	@ 0x48
1000034c:	4816      	ldr	r0, [pc, #88]	@ (100003a8 <read_tmp1075+0x70>)
1000034e:	f002 fecb 	bl	100030e8 <i2c_write_blocking>
10000352:	2800      	cmp	r0, #0
10000354:	db24      	blt.n	100003a0 <read_tmp1075+0x68>
10000356:	2300      	movs	r3, #0
10000358:	9300      	str	r3, [sp, #0]
1000035a:	2302      	movs	r3, #2
1000035c:	aa03      	add	r2, sp, #12
1000035e:	2148      	movs	r1, #72	@ 0x48
10000360:	4811      	ldr	r0, [pc, #68]	@ (100003a8 <read_tmp1075+0x70>)
10000362:	f002 fecd 	bl	10003100 <i2c_read_blocking>
10000366:	2800      	cmp	r0, #0
10000368:	db1c      	blt.n	100003a4 <read_tmp1075+0x6c>
1000036a:	f89d 200c 	ldrb.w	r2, [sp, #12]
1000036e:	f89d 300d 	ldrb.w	r3, [sp, #13]
10000372:	091b      	lsrs	r3, r3, #4
10000374:	ea43 1302 	orr.w	r3, r3, r2, lsl #4
10000378:	f5b3 6f00 	cmp.w	r3, #2048	@ 0x800
1000037c:	db03      	blt.n	10000386 <read_tmp1075+0x4e>
1000037e:	ea6f 5303 	mvn.w	r3, r3, lsl #20
10000382:	ea6f 5313 	mvn.w	r3, r3, lsr #20
10000386:	ee07 3a90 	vmov	s15, r3
1000038a:	eef8 7ae7 	vcvt.f32.s32	s15, s15
1000038e:	ed9f 7a07 	vldr	s14, [pc, #28]	@ 100003ac <read_tmp1075+0x74>
10000392:	ee67 7a87 	vmul.f32	s15, s15, s14
10000396:	ee17 0a90 	vmov	r0, s15
1000039a:	b005      	add	sp, #20
1000039c:	f85d fb04 	ldr.w	pc, [sp], #4
100003a0:	4803      	ldr	r0, [pc, #12]	@ (100003b0 <read_tmp1075+0x78>)
100003a2:	e7fa      	b.n	1000039a <read_tmp1075+0x62>
100003a4:	4802      	ldr	r0, [pc, #8]	@ (100003b0 <read_tmp1075+0x78>)
100003a6:	e7f8      	b.n	1000039a <read_tmp1075+0x62>
100003a8:	20000954 	.word	0x20000954
100003ac:	3d800000 	.word	0x3d800000
100003b0:	c479c000 	.word	0xc479c000

100003b4 <main>:
100003b4:	b510      	push	{r4, lr}
100003b6:	b090      	sub	sp, #64	@ 0x40
100003b8:	4c24      	ldr	r4, [pc, #144]	@ (1000044c <main+0x98>)
100003ba:	f44f 31e1 	mov.w	r1, #115200	@ 0x1c200
100003be:	4620      	mov	r0, r4
100003c0:	f000 feae 	bl	10001120 <uart_init>
100003c4:	210b      	movs	r1, #11
100003c6:	200a      	movs	r0, #10
100003c8:	f000 f84e 	bl	10000468 <gpio_set_function>
100003cc:	210b      	movs	r1, #11
100003ce:	4608      	mov	r0, r1
100003d0:	f000 f84a 	bl	10000468 <gpio_set_function>
100003d4:	491e      	ldr	r1, [pc, #120]	@ (10000450 <main+0x9c>)
100003d6:	481f      	ldr	r0, [pc, #124]	@ (10000454 <main+0xa0>)
100003d8:	f002 fe5c 	bl	10003094 <i2c_init>
100003dc:	2103      	movs	r1, #3
100003de:	2004      	movs	r0, #4
100003e0:	f000 f842 	bl	10000468 <gpio_set_function>
100003e4:	2103      	movs	r1, #3
100003e6:	2005      	movs	r0, #5
100003e8:	f000 f83e 	bl	10000468 <gpio_set_function>
100003ec:	2200      	movs	r2, #0
100003ee:	2101      	movs	r1, #1
100003f0:	2004      	movs	r0, #4
100003f2:	f000 f855 	bl	100004a0 <gpio_set_pulls>
100003f6:	2200      	movs	r2, #0
100003f8:	2101      	movs	r1, #1
100003fa:	2005      	movs	r0, #5
100003fc:	f000 f850 	bl	100004a0 <gpio_set_pulls>
10000400:	4915      	ldr	r1, [pc, #84]	@ (10000458 <main+0xa4>)
10000402:	4620      	mov	r0, r4
10000404:	f7ff ff6e 	bl	100002e4 <uart_puts>
10000408:	e007      	b.n	1000041a <main+0x66>
1000040a:	4914      	ldr	r1, [pc, #80]	@ (1000045c <main+0xa8>)
1000040c:	480f      	ldr	r0, [pc, #60]	@ (1000044c <main+0x98>)
1000040e:	f7ff ff69 	bl	100002e4 <uart_puts>
10000412:	f44f 70fa 	mov.w	r0, #500	@ 0x1f4
10000416:	f000 fcf3 	bl	10000e00 <sleep_ms>
1000041a:	f7ff ff8d 	bl	10000338 <read_tmp1075>
1000041e:	ee07 0a90 	vmov	s15, r0
10000422:	ed9f 7a0f 	vldr	s14, [pc, #60]	@ 10000460 <main+0xac>
10000426:	eef4 7ac7 	vcmpe.f32	s15, s14
1000042a:	eef1 fa10 	vmrs	APSR_nzcv, fpscr
1000042e:	d4ec      	bmi.n	1000040a <main+0x56>
10000430:	f002 ff6e 	bl	10003310 <____aeabi_f2d_veneer>
10000434:	4602      	mov	r2, r0
10000436:	460b      	mov	r3, r1
10000438:	490a      	ldr	r1, [pc, #40]	@ (10000464 <main+0xb0>)
1000043a:	4668      	mov	r0, sp
1000043c:	f002 fb34 	bl	10002aa8 <__wrap_sprintf>
10000440:	4669      	mov	r1, sp
10000442:	4802      	ldr	r0, [pc, #8]	@ (1000044c <main+0x98>)
10000444:	f7ff ff4e 	bl	100002e4 <uart_puts>
10000448:	e7e3      	b.n	10000412 <main+0x5e>
1000044a:	bf00      	nop
1000044c:	40078000 	.word	0x40078000
10000450:	000186a0 	.word	0x000186a0
10000454:	20000954 	.word	0x20000954
10000458:	10003378 	.word	0x10003378
1000045c:	1000339c 	.word	0x1000339c
10000460:	c4610000 	.word	0xc4610000
10000464:	100033ac 	.word	0x100033ac

10000468 <gpio_set_function>:
10000468:	4b0c      	ldr	r3, [pc, #48]	@ (1000049c <gpio_set_function+0x34>)
1000046a:	eb03 0280 	add.w	r2, r3, r0, lsl #2
1000046e:	f853 3020 	ldr.w	r3, [r3, r0, lsl #2]
10000472:	f083 0340 	eor.w	r3, r3, #64	@ 0x40
10000476:	f003 03c0 	and.w	r3, r3, #192	@ 0xc0
1000047a:	f502 5c80 	add.w	ip, r2, #4096	@ 0x1000
1000047e:	f8cc 3000 	str.w	r3, [ip]
10000482:	00c0      	lsls	r0, r0, #3
10000484:	f100 4080 	add.w	r0, r0, #1073741824	@ 0x40000000
10000488:	f500 3020 	add.w	r0, r0, #163840	@ 0x28000
1000048c:	6041      	str	r1, [r0, #4]
1000048e:	f502 5240 	add.w	r2, r2, #12288	@ 0x3000
10000492:	f44f 7380 	mov.w	r3, #256	@ 0x100
10000496:	6013      	str	r3, [r2, #0]
10000498:	4770      	bx	lr
1000049a:	bf00      	nop
1000049c:	40038004 	.word	0x40038004

100004a0 <gpio_set_pulls>:
100004a0:	b410      	push	{r4}
100004a2:	4c0c      	ldr	r4, [pc, #48]	@ (100004d4 <gpio_set_pulls+0x34>)
100004a4:	eb04 0c80 	add.w	ip, r4, r0, lsl #2
100004a8:	b179      	cbz	r1, 100004ca <gpio_set_pulls+0x2a>
100004aa:	2308      	movs	r3, #8
100004ac:	b17a      	cbz	r2, 100004ce <gpio_set_pulls+0x2e>
100004ae:	2204      	movs	r2, #4
100004b0:	4313      	orrs	r3, r2
100004b2:	f854 2020 	ldr.w	r2, [r4, r0, lsl #2]
100004b6:	4053      	eors	r3, r2
100004b8:	f003 030c 	and.w	r3, r3, #12
100004bc:	f50c 5c80 	add.w	ip, ip, #4096	@ 0x1000
100004c0:	f8cc 3000 	str.w	r3, [ip]
100004c4:	f85d 4b04 	ldr.w	r4, [sp], #4
100004c8:	4770      	bx	lr
100004ca:	2300      	movs	r3, #0
100004cc:	e7ee      	b.n	100004ac <gpio_set_pulls+0xc>
100004ce:	2200      	movs	r2, #0
100004d0:	e7ee      	b.n	100004b0 <gpio_set_pulls+0x10>
100004d2:	bf00      	nop
100004d4:	40038004 	.word	0x40038004

100004d8 <panic>:
100004d8:	b40f      	push	{r0, r1, r2, r3}
100004da:	b500      	push	{lr}
100004dc:	b083      	sub	sp, #12
100004de:	9c04      	ldr	r4, [sp, #16]
100004e0:	4807      	ldr	r0, [pc, #28]	@ (10000500 <panic+0x28>)
100004e2:	f002 fc29 	bl	10002d38 <__wrap_puts>
100004e6:	b13c      	cbz	r4, 100004f8 <panic+0x20>
100004e8:	a905      	add	r1, sp, #20
100004ea:	9101      	str	r1, [sp, #4]
100004ec:	4620      	mov	r0, r4
100004ee:	f002 fc33 	bl	10002d58 <__wrap_vprintf>
100004f2:	4804      	ldr	r0, [pc, #16]	@ (10000504 <panic+0x2c>)
100004f4:	f002 fc20 	bl	10002d38 <__wrap_puts>
100004f8:	2001      	movs	r0, #1
100004fa:	f002 fafd 	bl	10002af8 <_exit>
100004fe:	bf00      	nop
10000500:	100033c4 	.word	0x100033c4
10000504:	100033c0 	.word	0x100033c0

10000508 <hw_claim_lock>:
10000508:	f3ef 8010 	mrs	r0, PRIMASK
1000050c:	b672      	cpsid	i
1000050e:	4b06      	ldr	r3, [pc, #24]	@ (10000528 <hw_claim_lock+0x20>)
10000510:	e8d3 1fcf 	ldaexb	r1, [r3]
10000514:	2201      	movs	r2, #1
10000516:	2900      	cmp	r1, #0
10000518:	d1fa      	bne.n	10000510 <hw_claim_lock+0x8>
1000051a:	e8c3 2f41 	strexb	r1, r2, [r3]
1000051e:	2900      	cmp	r1, #0
10000520:	d1f6      	bne.n	10000510 <hw_claim_lock+0x8>
10000522:	f3bf 8f5f 	dmb	sy
10000526:	4770      	bx	lr
10000528:	20000ca3 	.word	0x20000ca3

1000052c <hw_claim_unlock>:
1000052c:	2300      	movs	r3, #0
1000052e:	4a03      	ldr	r2, [pc, #12]	@ (1000053c <hw_claim_unlock+0x10>)
10000530:	e8c2 3f8f 	stlb	r3, [r2]
10000534:	f380 8810 	msr	PRIMASK, r0
10000538:	4770      	bx	lr
1000053a:	bf00      	nop
1000053c:	20000ca3 	.word	0x20000ca3

10000540 <hw_claim_or_assert>:
10000540:	b570      	push	{r4, r5, r6, lr}
10000542:	4605      	mov	r5, r0
10000544:	460c      	mov	r4, r1
10000546:	4616      	mov	r6, r2
10000548:	f7ff ffde 	bl	10000508 <hw_claim_lock>
1000054c:	08e2      	lsrs	r2, r4, #3
1000054e:	5ca9      	ldrb	r1, [r5, r2]
10000550:	f004 0c07 	and.w	ip, r4, #7
10000554:	2301      	movs	r3, #1
10000556:	fa03 f30c 	lsl.w	r3, r3, ip
1000055a:	4219      	tst	r1, r3
1000055c:	d105      	bne.n	1000056a <hw_claim_or_assert+0x2a>
1000055e:	b2db      	uxtb	r3, r3
10000560:	430b      	orrs	r3, r1
10000562:	54ab      	strb	r3, [r5, r2]
10000564:	f7ff ffe2 	bl	1000052c <hw_claim_unlock>
10000568:	bd70      	pop	{r4, r5, r6, pc}
1000056a:	4621      	mov	r1, r4
1000056c:	4630      	mov	r0, r6
1000056e:	f7ff ffb3 	bl	100004d8 <panic>
	...

10000574 <next_striped_spin_lock_num>:
10000574:	4a05      	ldr	r2, [pc, #20]	@ (1000058c <next_striped_spin_lock_num+0x18>)
10000576:	7810      	ldrb	r0, [r2, #0]
10000578:	1c43      	adds	r3, r0, #1
1000057a:	b2db      	uxtb	r3, r3
1000057c:	7013      	strb	r3, [r2, #0]
1000057e:	2b17      	cmp	r3, #23
10000580:	d902      	bls.n	10000588 <next_striped_spin_lock_num+0x14>
10000582:	4613      	mov	r3, r2
10000584:	2210      	movs	r2, #16
10000586:	701a      	strb	r2, [r3, #0]
10000588:	4770      	bx	lr
1000058a:	bf00      	nop
1000058c:	20000938 	.word	0x20000938

10000590 <spinlock_set_extexclall>:
10000590:	f04f 22e0 	mov.w	r2, #3758153728	@ 0xe000e000
10000594:	6893      	ldr	r3, [r2, #8]
10000596:	f043 5300 	orr.w	r3, r3, #536870912	@ 0x20000000
1000059a:	6093      	str	r3, [r2, #8]
1000059c:	4770      	bx	lr
	...

100005a0 <spin_locks_reset>:
100005a0:	2300      	movs	r3, #0
100005a2:	e005      	b.n	100005b0 <spin_locks_reset+0x10>
100005a4:	4a04      	ldr	r2, [pc, #16]	@ (100005b8 <spin_locks_reset+0x18>)
100005a6:	441a      	add	r2, r3
100005a8:	2100      	movs	r1, #0
100005aa:	e8c2 1f8f 	stlb	r1, [r2]
100005ae:	3301      	adds	r3, #1
100005b0:	2b1f      	cmp	r3, #31
100005b2:	d9f7      	bls.n	100005a4 <spin_locks_reset+0x4>
100005b4:	4770      	bx	lr
100005b6:	bf00      	nop
100005b8:	20000c98 	.word	0x20000c98

100005bc <set_raw_irq_handler_and_unlock>:
100005bc:	4b06      	ldr	r3, [pc, #24]	@ (100005d8 <set_raw_irq_handler_and_unlock+0x1c>)
100005be:	689b      	ldr	r3, [r3, #8]
100005c0:	3010      	adds	r0, #16
100005c2:	f843 1020 	str.w	r1, [r3, r0, lsl #2]
100005c6:	f3bf 8f5f 	dmb	sy
100005ca:	2300      	movs	r3, #0
100005cc:	4903      	ldr	r1, [pc, #12]	@ (100005dc <set_raw_irq_handler_and_unlock+0x20>)
100005ce:	e8c1 3f8f 	stlb	r3, [r1]
100005d2:	f382 8810 	msr	PRIMASK, r2
100005d6:	4770      	bx	lr
100005d8:	e000ed00 	.word	0xe000ed00
100005dc:	20000ca1 	.word	0x20000ca1

100005e0 <nvic_ipr0>:
100005e0:	4800      	ldr	r0, [pc, #0]	@ (100005e4 <nvic_ipr0+0x4>)
100005e2:	4770      	bx	lr
100005e4:	e000e400 	.word	0xe000e400

100005e8 <runtime_init_per_core_irq_priorities>:
100005e8:	b508      	push	{r3, lr}
100005ea:	f7ff fff9 	bl	100005e0 <nvic_ipr0>
100005ee:	2300      	movs	r3, #0
100005f0:	e004      	b.n	100005fc <runtime_init_per_core_irq_priorities+0x14>
100005f2:	f04f 3280 	mov.w	r2, #2155905152	@ 0x80808080
100005f6:	f840 2b04 	str.w	r2, [r0], #4
100005fa:	3301      	adds	r3, #1
100005fc:	2b0c      	cmp	r3, #12
100005fe:	d9f8      	bls.n	100005f2 <runtime_init_per_core_irq_priorities+0xa>
10000600:	b662      	cpsie	i
10000602:	bd08      	pop	{r3, pc}

10000604 <irq_set_mask_n_enabled>:
10000604:	b13a      	cbz	r2, 10000616 <irq_set_mask_n_enabled+0x12>
10000606:	4b06      	ldr	r3, [pc, #24]	@ (10000620 <irq_set_mask_n_enabled+0x1c>)
10000608:	f100 0260 	add.w	r2, r0, #96	@ 0x60
1000060c:	f843 1022 	str.w	r1, [r3, r2, lsl #2]
10000610:	f843 1020 	str.w	r1, [r3, r0, lsl #2]
10000614:	4770      	bx	lr
10000616:	3020      	adds	r0, #32
10000618:	4b01      	ldr	r3, [pc, #4]	@ (10000620 <irq_set_mask_n_enabled+0x1c>)
1000061a:	f843 1020 	str.w	r1, [r3, r0, lsl #2]
1000061e:	4770      	bx	lr
10000620:	e000e100 	.word	0xe000e100

10000624 <irq_set_enabled>:
10000624:	b508      	push	{r3, lr}
10000626:	460a      	mov	r2, r1
10000628:	f000 031f 	and.w	r3, r0, #31
1000062c:	2101      	movs	r1, #1
1000062e:	4099      	lsls	r1, r3
10000630:	0940      	lsrs	r0, r0, #5
10000632:	f7ff ffe7 	bl	10000604 <irq_set_mask_n_enabled>
10000636:	bd08      	pop	{r3, pc}

10000638 <irq_get_vtable_handler>:
10000638:	4b02      	ldr	r3, [pc, #8]	@ (10000644 <irq_get_vtable_handler+0xc>)
1000063a:	689b      	ldr	r3, [r3, #8]
1000063c:	3010      	adds	r0, #16
1000063e:	f853 0020 	ldr.w	r0, [r3, r0, lsl #2]
10000642:	4770      	bx	lr
10000644:	e000ed00 	.word	0xe000ed00

10000648 <irq_set_exclusive_handler>:
10000648:	b570      	push	{r4, r5, r6, lr}
1000064a:	4605      	mov	r5, r0
1000064c:	460c      	mov	r4, r1
1000064e:	f3ef 8610 	mrs	r6, PRIMASK
10000652:	b672      	cpsid	i
10000654:	4b0f      	ldr	r3, [pc, #60]	@ (10000694 <irq_set_exclusive_handler+0x4c>)
10000656:	e8d3 1fcf 	ldaexb	r1, [r3]
1000065a:	2201      	movs	r2, #1
1000065c:	2900      	cmp	r1, #0
1000065e:	d1fa      	bne.n	10000656 <irq_set_exclusive_handler+0xe>
10000660:	e8c3 2f41 	strexb	r1, r2, [r3]
10000664:	2900      	cmp	r1, #0
10000666:	d1f6      	bne.n	10000656 <irq_set_exclusive_handler+0xe>
10000668:	f3bf 8f5f 	dmb	sy
1000066c:	f7ff ffe4 	bl	10000638 <irq_get_vtable_handler>
10000670:	4b09      	ldr	r3, [pc, #36]	@ (10000698 <irq_set_exclusive_handler+0x50>)
10000672:	4298      	cmp	r0, r3
10000674:	d001      	beq.n	1000067a <irq_set_exclusive_handler+0x32>
10000676:	42a0      	cmp	r0, r4
10000678:	d105      	bne.n	10000686 <irq_set_exclusive_handler+0x3e>
1000067a:	4632      	mov	r2, r6
1000067c:	4621      	mov	r1, r4
1000067e:	4628      	mov	r0, r5
10000680:	f7ff ff9c 	bl	100005bc <set_raw_irq_handler_and_unlock>
10000684:	bd70      	pop	{r4, r5, r6, pc}
10000686:	4b05      	ldr	r3, [pc, #20]	@ (1000069c <irq_set_exclusive_handler+0x54>)
10000688:	4a05      	ldr	r2, [pc, #20]	@ (100006a0 <irq_set_exclusive_handler+0x58>)
1000068a:	21ed      	movs	r1, #237	@ 0xed
1000068c:	4805      	ldr	r0, [pc, #20]	@ (100006a4 <irq_set_exclusive_handler+0x5c>)
1000068e:	f002 fa39 	bl	10002b04 <__assert_func>
10000692:	bf00      	nop
10000694:	20000ca1 	.word	0x20000ca1
10000698:	10000111 	.word	0x10000111
1000069c:	10003424 	.word	0x10003424
100006a0:	100037f4 	.word	0x100037f4
100006a4:	100033ec 	.word	0x100033ec

100006a8 <lock_init>:
100006a8:	4b01      	ldr	r3, [pc, #4]	@ (100006b0 <lock_init+0x8>)
100006aa:	440b      	add	r3, r1
100006ac:	6003      	str	r3, [r0, #0]
100006ae:	4770      	bx	lr
100006b0:	20000c98 	.word	0x20000c98

100006b4 <mutex_init>:
100006b4:	b510      	push	{r4, lr}
100006b6:	4604      	mov	r4, r0
100006b8:	f7ff ff5c 	bl	10000574 <next_striped_spin_lock_num>
100006bc:	4601      	mov	r1, r0
100006be:	4620      	mov	r0, r4
100006c0:	f7ff fff2 	bl	100006a8 <lock_init>
100006c4:	23ff      	movs	r3, #255	@ 0xff
100006c6:	7123      	strb	r3, [r4, #4]
100006c8:	f3bf 8f5f 	dmb	sy
100006cc:	bd10      	pop	{r4, pc}

100006ce <recursive_mutex_init>:
100006ce:	b510      	push	{r4, lr}
100006d0:	4604      	mov	r4, r0
100006d2:	f7ff ff4f 	bl	10000574 <next_striped_spin_lock_num>
100006d6:	4601      	mov	r1, r0
100006d8:	4620      	mov	r0, r4
100006da:	f7ff ffe5 	bl	100006a8 <lock_init>
100006de:	23ff      	movs	r3, #255	@ 0xff
100006e0:	7123      	strb	r3, [r4, #4]
100006e2:	2300      	movs	r3, #0
100006e4:	7163      	strb	r3, [r4, #5]
100006e6:	f3bf 8f5f 	dmb	sy
100006ea:	bd10      	pop	{r4, pc}

100006ec <runtime_init_mutex>:
100006ec:	b510      	push	{r4, lr}
100006ee:	4c0d      	ldr	r4, [pc, #52]	@ (10000724 <runtime_init_mutex+0x38>)
100006f0:	e009      	b.n	10000706 <runtime_init_mutex+0x1a>
100006f2:	4b0d      	ldr	r3, [pc, #52]	@ (10000728 <runtime_init_mutex+0x3c>)
100006f4:	4a0d      	ldr	r2, [pc, #52]	@ (1000072c <runtime_init_mutex+0x40>)
100006f6:	211a      	movs	r1, #26
100006f8:	480d      	ldr	r0, [pc, #52]	@ (10000730 <runtime_init_mutex+0x44>)
100006fa:	f002 fa03 	bl	10002b04 <__assert_func>
100006fe:	4620      	mov	r0, r4
10000700:	f7ff ffd8 	bl	100006b4 <mutex_init>
10000704:	3408      	adds	r4, #8
10000706:	4b0b      	ldr	r3, [pc, #44]	@ (10000734 <runtime_init_mutex+0x48>)
10000708:	429c      	cmp	r4, r3
1000070a:	d209      	bcs.n	10000720 <runtime_init_mutex+0x34>
1000070c:	6823      	ldr	r3, [r4, #0]
1000070e:	2b00      	cmp	r3, #0
10000710:	d0f5      	beq.n	100006fe <runtime_init_mutex+0x12>
10000712:	2b01      	cmp	r3, #1
10000714:	d1ed      	bne.n	100006f2 <runtime_init_mutex+0x6>
10000716:	4620      	mov	r0, r4
10000718:	f7ff ffd9 	bl	100006ce <recursive_mutex_init>
1000071c:	3408      	adds	r4, #8
1000071e:	e7f2      	b.n	10000706 <runtime_init_mutex+0x1a>
10000720:	bd10      	pop	{r4, pc}
10000722:	bf00      	nop
10000724:	2000095c 	.word	0x2000095c
10000728:	1000345c 	.word	0x1000345c
1000072c:	10003834 	.word	0x10003834
10000730:	1000347c 	.word	0x1000347c
10000734:	20000964 	.word	0x20000964

10000738 <ta_from_current_irq>:
10000738:	4602      	mov	r2, r0
1000073a:	f3ef 8305 	mrs	r3, IPSR
1000073e:	b2db      	uxtb	r3, r3
10000740:	3b10      	subs	r3, #16
10000742:	0899      	lsrs	r1, r3, #2
10000744:	d004      	beq.n	10000750 <ta_from_current_irq+0x18>
10000746:	4803      	ldr	r0, [pc, #12]	@ (10000754 <ta_from_current_irq+0x1c>)
10000748:	f003 0303 	and.w	r3, r3, #3
1000074c:	6013      	str	r3, [r2, #0]
1000074e:	4770      	bx	lr
10000750:	4801      	ldr	r0, [pc, #4]	@ (10000758 <ta_from_current_irq+0x20>)
10000752:	e7f9      	b.n	10000748 <ta_from_current_irq+0x10>
10000754:	400b8000 	.word	0x400b8000
10000758:	400b0000 	.word	0x400b0000

1000075c <ta_set_timeout>:
1000075c:	b410      	push	{r4}
1000075e:	6a84      	ldr	r4, [r0, #40]	@ 0x28
10000760:	eba2 0c04 	sub.w	ip, r2, r4
10000764:	1d0b      	adds	r3, r1, #4
10000766:	f850 3023 	ldr.w	r3, [r0, r3, lsl #2]
1000076a:	1b1b      	subs	r3, r3, r4
1000076c:	459c      	cmp	ip, r3
1000076e:	d304      	bcc.n	1000077a <ta_set_timeout+0x1e>
10000770:	6a04      	ldr	r4, [r0, #32]
10000772:	2301      	movs	r3, #1
10000774:	408b      	lsls	r3, r1
10000776:	421c      	tst	r4, r3
10000778:	d102      	bne.n	10000780 <ta_set_timeout+0x24>
1000077a:	3104      	adds	r1, #4
1000077c:	f840 2021 	str.w	r2, [r0, r1, lsl #2]
10000780:	f85d 4b04 	ldr.w	r4, [sp], #4
10000784:	4770      	bx	lr

10000786 <make_alarm_id>:
10000786:	ea41 4000 	orr.w	r0, r1, r0, lsl #16
1000078a:	4770      	bx	lr

1000078c <sleep_until_callback>:
1000078c:	4b0d      	ldr	r3, [pc, #52]	@ (100007c4 <sleep_until_callback+0x38>)
1000078e:	681a      	ldr	r2, [r3, #0]
10000790:	f3ef 8110 	mrs	r1, PRIMASK
10000794:	b672      	cpsid	i
10000796:	e8d2 cfcf 	ldaexb	ip, [r2]
1000079a:	2001      	movs	r0, #1
1000079c:	f1bc 0f00 	cmp.w	ip, #0
100007a0:	d1f9      	bne.n	10000796 <sleep_until_callback+0xa>
100007a2:	e8c2 0f4c 	strexb	ip, r0, [r2]
100007a6:	f1bc 0f00 	cmp.w	ip, #0
100007aa:	d1f4      	bne.n	10000796 <sleep_until_callback+0xa>
100007ac:	f3bf 8f5f 	dmb	sy
100007b0:	681a      	ldr	r2, [r3, #0]
100007b2:	2300      	movs	r3, #0
100007b4:	e8c2 3f8f 	stlb	r3, [r2]
100007b8:	f381 8810 	msr	PRIMASK, r1
100007bc:	bf40      	sev
100007be:	2000      	movs	r0, #0
100007c0:	2100      	movs	r1, #0
100007c2:	4770      	bx	lr
100007c4:	20000d0c 	.word	0x20000d0c

100007c8 <alarm_pool_irq_handler>:
100007c8:	e92d 4ff0 	stmdb	sp!, {r4, r5, r6, r7, r8, r9, sl, fp, lr}
100007cc:	b085      	sub	sp, #20
100007ce:	a803      	add	r0, sp, #12
100007d0:	f7ff ffb2 	bl	10000738 <ta_from_current_irq>
100007d4:	4ba9      	ldr	r3, [pc, #676]	@ (10000a7c <alarm_pool_irq_handler+0x2b4>)
100007d6:	4298      	cmp	r0, r3
100007d8:	bf14      	ite	ne
100007da:	2300      	movne	r3, #0
100007dc:	2301      	moveq	r3, #1
100007de:	9903      	ldr	r1, [sp, #12]
100007e0:	eb01 0383 	add.w	r3, r1, r3, lsl #2
100007e4:	4aa6      	ldr	r2, [pc, #664]	@ (10000a80 <alarm_pool_irq_handler+0x2b8>)
100007e6:	f852 4023 	ldr.w	r4, [r2, r3, lsl #2]
100007ea:	7823      	ldrb	r3, [r4, #0]
100007ec:	4299      	cmp	r1, r3
100007ee:	d106      	bne.n	100007fe <alarm_pool_irq_handler+0x36>
100007f0:	4605      	mov	r5, r0
100007f2:	2201      	movs	r2, #1
100007f4:	408a      	lsls	r2, r1
100007f6:	f500 5341 	add.w	r3, r0, #12352	@ 0x3040
100007fa:	605a      	str	r2, [r3, #4]
100007fc:	e114      	b.n	10000a28 <alarm_pool_irq_handler+0x260>
100007fe:	4ba1      	ldr	r3, [pc, #644]	@ (10000a84 <alarm_pool_irq_handler+0x2bc>)
10000800:	4aa1      	ldr	r2, [pc, #644]	@ (10000a88 <alarm_pool_irq_handler+0x2c0>)
10000802:	2192      	movs	r1, #146	@ 0x92
10000804:	48a1      	ldr	r0, [pc, #644]	@ (10000a8c <alarm_pool_irq_handler+0x2c4>)
10000806:	f002 f97d 	bl	10002b04 <__assert_func>
1000080a:	f8d4 9014 	ldr.w	r9, [r4, #20]
1000080e:	eb06 0746 	add.w	r7, r6, r6, lsl #1
10000812:	ea4f 0ac7 	mov.w	sl, r7, lsl #3
10000816:	eb09 07c7 	add.w	r7, r9, r7, lsl #3
1000081a:	f8d7 b008 	ldr.w	fp, [r7, #8]
1000081e:	f8d7 800c 	ldr.w	r8, [r7, #12]
10000822:	4628      	mov	r0, r5
10000824:	f000 fbb6 	bl	10000f94 <timer_time_us_64>
10000828:	ebb0 000b 	subs.w	r0, r0, fp
1000082c:	eb61 0308 	sbc.w	r3, r1, r8
10000830:	2b00      	cmp	r3, #0
10000832:	f2c0 8102 	blt.w	10000a3a <alarm_pool_irq_handler+0x272>
10000836:	f1b8 0f00 	cmp.w	r8, #0
1000083a:	db60      	blt.n	100008fe <alarm_pool_irq_handler+0x136>
1000083c:	693b      	ldr	r3, [r7, #16]
1000083e:	461a      	mov	r2, r3
10000840:	9300      	str	r3, [sp, #0]
10000842:	4b93      	ldr	r3, [pc, #588]	@ (10000a90 <alarm_pool_irq_handler+0x2c8>)
10000844:	429a      	cmp	r2, r3
10000846:	d030      	beq.n	100008aa <alarm_pool_irq_handler+0xe2>
10000848:	8879      	ldrh	r1, [r7, #2]
1000084a:	b289      	uxth	r1, r1
1000084c:	f9b4 0008 	ldrsh.w	r0, [r4, #8]
10000850:	f7ff ff99 	bl	10000786 <make_alarm_id>
10000854:	6979      	ldr	r1, [r7, #20]
10000856:	9b00      	ldr	r3, [sp, #0]
10000858:	4798      	blx	r3
1000085a:	9000      	str	r0, [sp, #0]
1000085c:	9101      	str	r1, [sp, #4]
1000085e:	9900      	ldr	r1, [sp, #0]
10000860:	9a01      	ldr	r2, [sp, #4]
10000862:	ea51 0302 	orrs.w	r3, r1, r2
10000866:	d04a      	beq.n	100008fe <alarm_pool_irq_handler+0x136>
10000868:	4613      	mov	r3, r2
1000086a:	2a00      	cmp	r2, #0
1000086c:	da29      	bge.n	100008c2 <alarm_pool_irq_handler+0xfa>
1000086e:	ebbb 0201 	subs.w	r2, fp, r1
10000872:	eb68 0803 	sbc.w	r8, r8, r3
10000876:	60ba      	str	r2, [r7, #8]
10000878:	f8c7 800c 	str.w	r8, [r7, #12]
1000087c:	f939 300a 	ldrsh.w	r3, [r9, sl]
10000880:	2b00      	cmp	r3, #0
10000882:	f2c0 80da 	blt.w	10000a3a <alarm_pool_irq_handler+0x272>
10000886:	f8d4 e014 	ldr.w	lr, [r4, #20]
1000088a:	eb03 0143 	add.w	r1, r3, r3, lsl #1
1000088e:	eb0e 01c1 	add.w	r1, lr, r1, lsl #3
10000892:	6888      	ldr	r0, [r1, #8]
10000894:	68c9      	ldr	r1, [r1, #12]
10000896:	1a10      	subs	r0, r2, r0
10000898:	eb68 0101 	sbc.w	r1, r8, r1
1000089c:	2900      	cmp	r1, #0
1000089e:	f2c0 80cc 	blt.w	10000a3a <alarm_pool_irq_handler+0x272>
100008a2:	46a4      	mov	ip, r4
100008a4:	f82c 3f08 	strh.w	r3, [ip, #8]!
100008a8:	e015      	b.n	100008d6 <alarm_pool_irq_handler+0x10e>
100008aa:	697a      	ldr	r2, [r7, #20]
100008ac:	6913      	ldr	r3, [r2, #16]
100008ae:	9200      	str	r2, [sp, #0]
100008b0:	4610      	mov	r0, r2
100008b2:	4798      	blx	r3
100008b4:	b318      	cbz	r0, 100008fe <alarm_pool_irq_handler+0x136>
100008b6:	9a00      	ldr	r2, [sp, #0]
100008b8:	6813      	ldr	r3, [r2, #0]
100008ba:	9300      	str	r3, [sp, #0]
100008bc:	6853      	ldr	r3, [r2, #4]
100008be:	9301      	str	r3, [sp, #4]
100008c0:	e7cd      	b.n	1000085e <alarm_pool_irq_handler+0x96>
100008c2:	4628      	mov	r0, r5
100008c4:	f000 fb66 	bl	10000f94 <timer_time_us_64>
100008c8:	9b00      	ldr	r3, [sp, #0]
100008ca:	181a      	adds	r2, r3, r0
100008cc:	9b01      	ldr	r3, [sp, #4]
100008ce:	eb43 0801 	adc.w	r8, r3, r1
100008d2:	e7d0      	b.n	10000876 <alarm_pool_irq_handler+0xae>
100008d4:	469c      	mov	ip, r3
100008d6:	f9bc 7000 	ldrsh.w	r7, [ip]
100008da:	2f00      	cmp	r7, #0
100008dc:	db0a      	blt.n	100008f4 <alarm_pool_irq_handler+0x12c>
100008de:	eb07 0347 	add.w	r3, r7, r7, lsl #1
100008e2:	eb0e 03c3 	add.w	r3, lr, r3, lsl #3
100008e6:	6898      	ldr	r0, [r3, #8]
100008e8:	68d9      	ldr	r1, [r3, #12]
100008ea:	1a10      	subs	r0, r2, r0
100008ec:	eb68 0101 	sbc.w	r1, r8, r1
100008f0:	2900      	cmp	r1, #0
100008f2:	daef      	bge.n	100008d4 <alarm_pool_irq_handler+0x10c>
100008f4:	f829 700a 	strh.w	r7, [r9, sl]
100008f8:	f8ac 6000 	strh.w	r6, [ip]
100008fc:	e09d      	b.n	10000a3a <alarm_pool_irq_handler+0x272>
100008fe:	f939 300a 	ldrsh.w	r3, [r9, sl]
10000902:	8123      	strh	r3, [r4, #8]
10000904:	6923      	ldr	r3, [r4, #16]
10000906:	f3ef 8210 	mrs	r2, PRIMASK
1000090a:	b672      	cpsid	i
1000090c:	e8d3 0fcf 	ldaexb	r0, [r3]
10000910:	2101      	movs	r1, #1
10000912:	2800      	cmp	r0, #0
10000914:	d1fa      	bne.n	1000090c <alarm_pool_irq_handler+0x144>
10000916:	e8c3 1f40 	strexb	r0, r1, [r3]
1000091a:	2800      	cmp	r0, #0
1000091c:	d1f6      	bne.n	1000090c <alarm_pool_irq_handler+0x144>
1000091e:	f3bf 8f5f 	dmb	sy
10000922:	f9b4 3002 	ldrsh.w	r3, [r4, #2]
10000926:	f829 300a 	strh.w	r3, [r9, sl]
1000092a:	8066      	strh	r6, [r4, #2]
1000092c:	6921      	ldr	r1, [r4, #16]
1000092e:	2300      	movs	r3, #0
10000930:	e8c1 3f8f 	stlb	r3, [r1]
10000934:	f382 8810 	msr	PRIMASK, r2
10000938:	e07f      	b.n	10000a3a <alarm_pool_irq_handler+0x272>
1000093a:	6923      	ldr	r3, [r4, #16]
1000093c:	f3ef 8210 	mrs	r2, PRIMASK
10000940:	b672      	cpsid	i
10000942:	e8d3 0fcf 	ldaexb	r0, [r3]
10000946:	2101      	movs	r1, #1
10000948:	2800      	cmp	r0, #0
1000094a:	d1fa      	bne.n	10000942 <alarm_pool_irq_handler+0x17a>
1000094c:	e8c3 1f40 	strexb	r0, r1, [r3]
10000950:	2800      	cmp	r0, #0
10000952:	d1f6      	bne.n	10000942 <alarm_pool_irq_handler+0x17a>
10000954:	f3bf 8f5f 	dmb	sy
10000958:	f8b4 8004 	ldrh.w	r8, [r4, #4]
1000095c:	fa0f f888 	sxth.w	r8, r8
10000960:	f64f 73ff 	movw	r3, #65535	@ 0xffff
10000964:	80a3      	strh	r3, [r4, #4]
10000966:	6921      	ldr	r1, [r4, #16]
10000968:	2300      	movs	r3, #0
1000096a:	e8c1 3f8f 	stlb	r3, [r1]
1000096e:	f382 8810 	msr	PRIMASK, r2
10000972:	e015      	b.n	100009a0 <alarm_pool_irq_handler+0x1d8>
10000974:	461e      	mov	r6, r3
10000976:	f9b6 2000 	ldrsh.w	r2, [r6]
1000097a:	2a00      	cmp	r2, #0
1000097c:	db0a      	blt.n	10000994 <alarm_pool_irq_handler+0x1cc>
1000097e:	eb02 0342 	add.w	r3, r2, r2, lsl #1
10000982:	eb0c 03c3 	add.w	r3, ip, r3, lsl #3
10000986:	6898      	ldr	r0, [r3, #8]
10000988:	68d9      	ldr	r1, [r3, #12]
1000098a:	1a38      	subs	r0, r7, r0
1000098c:	eb6e 0101 	sbc.w	r1, lr, r1
10000990:	2900      	cmp	r1, #0
10000992:	daef      	bge.n	10000974 <alarm_pool_irq_handler+0x1ac>
10000994:	f8a6 8000 	strh.w	r8, [r6]
10000998:	f93c 8009 	ldrsh.w	r8, [ip, r9]
1000099c:	f82c 2009 	strh.w	r2, [ip, r9]
100009a0:	f1b8 0f00 	cmp.w	r8, #0
100009a4:	db4e      	blt.n	10000a44 <alarm_pool_irq_handler+0x27c>
100009a6:	f8d4 c014 	ldr.w	ip, [r4, #20]
100009aa:	eb08 0348 	add.w	r3, r8, r8, lsl #1
100009ae:	ea4f 09c3 	mov.w	r9, r3, lsl #3
100009b2:	eb0c 03c3 	add.w	r3, ip, r3, lsl #3
100009b6:	689f      	ldr	r7, [r3, #8]
100009b8:	f8d3 e00c 	ldr.w	lr, [r3, #12]
100009bc:	f104 0608 	add.w	r6, r4, #8
100009c0:	e7d9      	b.n	10000976 <alarm_pool_irq_handler+0x1ae>
100009c2:	2300      	movs	r3, #0
100009c4:	71a3      	strb	r3, [r4, #6]
100009c6:	f104 0c08 	add.w	ip, r4, #8
100009ca:	f9b4 3008 	ldrsh.w	r3, [r4, #8]
100009ce:	e010      	b.n	100009f2 <alarm_pool_irq_handler+0x22a>
100009d0:	f04f 38ff 	mov.w	r8, #4294967295	@ 0xffffffff
100009d4:	f04f 39ff 	mov.w	r9, #4294967295	@ 0xffffffff
100009d8:	e9c0 8902 	strd	r8, r9, [r0, #8]
100009dc:	f9b4 0008 	ldrsh.w	r0, [r4, #8]
100009e0:	4298      	cmp	r0, r3
100009e2:	d005      	beq.n	100009f0 <alarm_pool_irq_handler+0x228>
100009e4:	f8ac 2000 	strh.w	r2, [ip]
100009e8:	f9b4 0008 	ldrsh.w	r0, [r4, #8]
100009ec:	53c8      	strh	r0, [r1, r7]
100009ee:	8123      	strh	r3, [r4, #8]
100009f0:	4613      	mov	r3, r2
100009f2:	f1b3 3fff 	cmp.w	r3, #4294967295	@ 0xffffffff
100009f6:	d028      	beq.n	10000a4a <alarm_pool_irq_handler+0x282>
100009f8:	6961      	ldr	r1, [r4, #20]
100009fa:	eb03 0243 	add.w	r2, r3, r3, lsl #1
100009fe:	00d7      	lsls	r7, r2, #3
10000a00:	eb01 00c2 	add.w	r0, r1, r2, lsl #3
10000a04:	f931 2032 	ldrsh.w	r2, [r1, r2, lsl #3]
10000a08:	8846      	ldrh	r6, [r0, #2]
10000a0a:	f416 4f00 	tst.w	r6, #32768	@ 0x8000
10000a0e:	d1df      	bne.n	100009d0 <alarm_pool_irq_handler+0x208>
10000a10:	4684      	mov	ip, r0
10000a12:	e7ed      	b.n	100009f0 <alarm_pool_irq_handler+0x228>
10000a14:	4628      	mov	r0, r5
10000a16:	f000 fabd 	bl	10000f94 <timer_time_us_64>
10000a1a:	1a3f      	subs	r7, r7, r0
10000a1c:	eb66 0601 	sbc.w	r6, r6, r1
10000a20:	2f01      	cmp	r7, #1
10000a22:	f176 0600 	sbcs.w	r6, r6, #0
10000a26:	da35      	bge.n	10000a94 <alarm_pool_irq_handler+0x2cc>
10000a28:	9a03      	ldr	r2, [sp, #12]
10000a2a:	2301      	movs	r3, #1
10000a2c:	4093      	lsls	r3, r2
10000a2e:	63eb      	str	r3, [r5, #60]	@ 0x3c
10000a30:	f9b4 6008 	ldrsh.w	r6, [r4, #8]
10000a34:	2e00      	cmp	r6, #0
10000a36:	f6bf aee8 	bge.w	1000080a <alarm_pool_irq_handler+0x42>
10000a3a:	88a3      	ldrh	r3, [r4, #4]
10000a3c:	f413 4f00 	tst.w	r3, #32768	@ 0x8000
10000a40:	f43f af7b 	beq.w	1000093a <alarm_pool_irq_handler+0x172>
10000a44:	79a3      	ldrb	r3, [r4, #6]
10000a46:	2b00      	cmp	r3, #0
10000a48:	d1bb      	bne.n	100009c2 <alarm_pool_irq_handler+0x1fa>
10000a4a:	f9b4 3008 	ldrsh.w	r3, [r4, #8]
10000a4e:	2b00      	cmp	r3, #0
10000a50:	db20      	blt.n	10000a94 <alarm_pool_irq_handler+0x2cc>
10000a52:	6962      	ldr	r2, [r4, #20]
10000a54:	eb03 0343 	add.w	r3, r3, r3, lsl #1
10000a58:	eb02 03c3 	add.w	r3, r2, r3, lsl #3
10000a5c:	689f      	ldr	r7, [r3, #8]
10000a5e:	68de      	ldr	r6, [r3, #12]
10000a60:	f1b6 3fff 	cmp.w	r6, #4294967295	@ 0xffffffff
10000a64:	bf08      	it	eq
10000a66:	f1b7 3fff 	cmpeq.w	r7, #4294967295	@ 0xffffffff
10000a6a:	d0d3      	beq.n	10000a14 <alarm_pool_irq_handler+0x24c>
10000a6c:	463a      	mov	r2, r7
10000a6e:	4633      	mov	r3, r6
10000a70:	9903      	ldr	r1, [sp, #12]
10000a72:	4628      	mov	r0, r5
10000a74:	f7ff fe72 	bl	1000075c <ta_set_timeout>
10000a78:	e7cc      	b.n	10000a14 <alarm_pool_irq_handler+0x24c>
10000a7a:	bf00      	nop
10000a7c:	400b8000 	.word	0x400b8000
10000a80:	20000cec 	.word	0x20000cec
10000a84:	10003504 	.word	0x10003504
10000a88:	10003860 	.word	0x10003860
10000a8c:	10003530 	.word	0x10003530
10000a90:	100007c9 	.word	0x100007c9
10000a94:	bf40      	sev
10000a96:	b005      	add	sp, #20
10000a98:	e8bd 8ff0 	ldmia.w	sp!, {r4, r5, r6, r7, r8, r9, sl, fp, pc}

10000a9c <ta_enable_irq_handler>:
10000a9c:	b5f8      	push	{r3, r4, r5, r6, r7, lr}
10000a9e:	4604      	mov	r4, r0
10000aa0:	460d      	mov	r5, r1
10000aa2:	4611      	mov	r1, r2
10000aa4:	4b0a      	ldr	r3, [pc, #40]	@ (10000ad0 <ta_enable_irq_handler+0x34>)
10000aa6:	4298      	cmp	r0, r3
10000aa8:	d010      	beq.n	10000acc <ta_enable_irq_handler+0x30>
10000aaa:	2600      	movs	r6, #0
10000aac:	442e      	add	r6, r5
10000aae:	2701      	movs	r7, #1
10000ab0:	fa07 f505 	lsl.w	r5, r7, r5
10000ab4:	6225      	str	r5, [r4, #32]
10000ab6:	4630      	mov	r0, r6
10000ab8:	f7ff fdc6 	bl	10000648 <irq_set_exclusive_handler>
10000abc:	4639      	mov	r1, r7
10000abe:	4630      	mov	r0, r6
10000ac0:	f7ff fdb0 	bl	10000624 <irq_set_enabled>
10000ac4:	f504 5401 	add.w	r4, r4, #8256	@ 0x2040
10000ac8:	6025      	str	r5, [r4, #0]
10000aca:	bdf8      	pop	{r3, r4, r5, r6, r7, pc}
10000acc:	2604      	movs	r6, #4
10000ace:	e7ed      	b.n	10000aac <ta_enable_irq_handler+0x10>
10000ad0:	400b8000 	.word	0x400b8000

10000ad4 <alarm_pool_post_alloc_init>:
10000ad4:	b5f8      	push	{r3, r4, r5, r6, r7, lr}
10000ad6:	4604      	mov	r4, r0
10000ad8:	460e      	mov	r6, r1
10000ada:	4617      	mov	r7, r2
10000adc:	461d      	mov	r5, r3
10000ade:	60c1      	str	r1, [r0, #12]
10000ae0:	f7ff fd48 	bl	10000574 <next_striped_spin_lock_num>
10000ae4:	4b16      	ldr	r3, [pc, #88]	@ (10000b40 <alarm_pool_post_alloc_init+0x6c>)
10000ae6:	4403      	add	r3, r0
10000ae8:	6123      	str	r3, [r4, #16]
10000aea:	7027      	strb	r7, [r4, #0]
10000aec:	b2ab      	uxth	r3, r5
10000aee:	8163      	strh	r3, [r4, #10]
10000af0:	f04f 4250 	mov.w	r2, #3489660928	@ 0xd0000000
10000af4:	7812      	ldrb	r2, [r2, #0]
10000af6:	7062      	strb	r2, [r4, #1]
10000af8:	f64f 72ff 	movw	r2, #65535	@ 0xffff
10000afc:	8122      	strh	r2, [r4, #8]
10000afe:	80a2      	strh	r2, [r4, #4]
10000b00:	3b01      	subs	r3, #1
10000b02:	8063      	strh	r3, [r4, #2]
10000b04:	f04f 0c00 	mov.w	ip, #0
10000b08:	e008      	b.n	10000b1c <alarm_pool_post_alloc_init+0x48>
10000b0a:	f10c 30ff 	add.w	r0, ip, #4294967295	@ 0xffffffff
10000b0e:	eb0c 0e4c 	add.w	lr, ip, ip, lsl #1
10000b12:	6963      	ldr	r3, [r4, #20]
10000b14:	f823 003e 	strh.w	r0, [r3, lr, lsl #3]
10000b18:	f10c 0c01 	add.w	ip, ip, #1
10000b1c:	45ac      	cmp	ip, r5
10000b1e:	d3f4      	bcc.n	10000b0a <alarm_pool_post_alloc_init+0x36>
10000b20:	4b08      	ldr	r3, [pc, #32]	@ (10000b44 <alarm_pool_post_alloc_init+0x70>)
10000b22:	429e      	cmp	r6, r3
10000b24:	bf14      	ite	ne
10000b26:	2300      	movne	r3, #0
10000b28:	2301      	moveq	r3, #1
10000b2a:	eb07 0383 	add.w	r3, r7, r3, lsl #2
10000b2e:	4a06      	ldr	r2, [pc, #24]	@ (10000b48 <alarm_pool_post_alloc_init+0x74>)
10000b30:	f842 4023 	str.w	r4, [r2, r3, lsl #2]
10000b34:	4a05      	ldr	r2, [pc, #20]	@ (10000b4c <alarm_pool_post_alloc_init+0x78>)
10000b36:	4639      	mov	r1, r7
10000b38:	4630      	mov	r0, r6
10000b3a:	f7ff ffaf 	bl	10000a9c <ta_enable_irq_handler>
10000b3e:	bdf8      	pop	{r3, r4, r5, r6, r7, pc}
10000b40:	20000c98 	.word	0x20000c98
10000b44:	400b8000 	.word	0x400b8000
10000b48:	20000cec 	.word	0x20000cec
10000b4c:	100007c9 	.word	0x100007c9

10000b50 <alarm_pool_get_default>:
10000b50:	b508      	push	{r3, lr}
10000b52:	4b05      	ldr	r3, [pc, #20]	@ (10000b68 <alarm_pool_get_default+0x18>)
10000b54:	691b      	ldr	r3, [r3, #16]
10000b56:	b10b      	cbz	r3, 10000b5c <alarm_pool_get_default+0xc>
10000b58:	4803      	ldr	r0, [pc, #12]	@ (10000b68 <alarm_pool_get_default+0x18>)
10000b5a:	bd08      	pop	{r3, pc}
10000b5c:	4b03      	ldr	r3, [pc, #12]	@ (10000b6c <alarm_pool_get_default+0x1c>)
10000b5e:	4a04      	ldr	r2, [pc, #16]	@ (10000b70 <alarm_pool_get_default+0x20>)
10000b60:	2165      	movs	r1, #101	@ 0x65
10000b62:	4804      	ldr	r0, [pc, #16]	@ (10000b74 <alarm_pool_get_default+0x24>)
10000b64:	f001 ffce 	bl	10002b04 <__assert_func>
10000b68:	2000093c 	.word	0x2000093c
10000b6c:	10003564 	.word	0x10003564
10000b70:	10003848 	.word	0x10003848
10000b74:	10003530 	.word	0x10003530

10000b78 <alarm_pool_add_alarm_at_force_in_context>:
10000b78:	b5f8      	push	{r3, r4, r5, r6, r7, lr}
10000b7a:	4604      	mov	r4, r0
10000b7c:	469e      	mov	lr, r3
10000b7e:	6900      	ldr	r0, [r0, #16]
10000b80:	f3ef 8110 	mrs	r1, PRIMASK
10000b84:	b672      	cpsid	i
10000b86:	e8d0 6fcf 	ldaexb	r6, [r0]
10000b8a:	2501      	movs	r5, #1
10000b8c:	2e00      	cmp	r6, #0
10000b8e:	d1fa      	bne.n	10000b86 <alarm_pool_add_alarm_at_force_in_context+0xe>
10000b90:	e8c0 5f46 	strexb	r6, r5, [r0]
10000b94:	2e00      	cmp	r6, #0
10000b96:	d1f6      	bne.n	10000b86 <alarm_pool_add_alarm_at_force_in_context+0xe>
10000b98:	f3bf 8f5f 	dmb	sy
10000b9c:	f9b4 5002 	ldrsh.w	r5, [r4, #2]
10000ba0:	6966      	ldr	r6, [r4, #20]
10000ba2:	eb05 0045 	add.w	r0, r5, r5, lsl #1
10000ba6:	00c7      	lsls	r7, r0, #3
10000ba8:	eb06 00c0 	add.w	r0, r6, r0, lsl #3
10000bac:	2d00      	cmp	r5, #0
10000bae:	db03      	blt.n	10000bb8 <alarm_pool_add_alarm_at_force_in_context+0x40>
10000bb0:	f936 c007 	ldrsh.w	ip, [r6, r7]
10000bb4:	f8a4 c002 	strh.w	ip, [r4, #2]
10000bb8:	f04f 0c00 	mov.w	ip, #0
10000bbc:	6923      	ldr	r3, [r4, #16]
10000bbe:	e8c3 cf8f 	stlb	ip, [r3]
10000bc2:	f381 8810 	msr	PRIMASK, r1
10000bc6:	4565      	cmp	r5, ip
10000bc8:	db33      	blt.n	10000c32 <alarm_pool_add_alarm_at_force_in_context+0xba>
10000bca:	9906      	ldr	r1, [sp, #24]
10000bcc:	6101      	str	r1, [r0, #16]
10000bce:	9907      	ldr	r1, [sp, #28]
10000bd0:	6141      	str	r1, [r0, #20]
10000bd2:	6082      	str	r2, [r0, #8]
10000bd4:	f8c0 e00c 	str.w	lr, [r0, #12]
10000bd8:	8841      	ldrh	r1, [r0, #2]
10000bda:	b289      	uxth	r1, r1
10000bdc:	3101      	adds	r1, #1
10000bde:	f3c1 010e 	ubfx	r1, r1, #0, #15
10000be2:	b901      	cbnz	r1, 10000be6 <alarm_pool_add_alarm_at_force_in_context+0x6e>
10000be4:	2101      	movs	r1, #1
10000be6:	8041      	strh	r1, [r0, #2]
10000be8:	4628      	mov	r0, r5
10000bea:	f7ff fdcc 	bl	10000786 <make_alarm_id>
10000bee:	6923      	ldr	r3, [r4, #16]
10000bf0:	f3ef 8210 	mrs	r2, PRIMASK
10000bf4:	b672      	cpsid	i
10000bf6:	e8d3 cfcf 	ldaexb	ip, [r3]
10000bfa:	2101      	movs	r1, #1
10000bfc:	f1bc 0f00 	cmp.w	ip, #0
10000c00:	d1f9      	bne.n	10000bf6 <alarm_pool_add_alarm_at_force_in_context+0x7e>
10000c02:	e8c3 1f4c 	strexb	ip, r1, [r3]
10000c06:	f1bc 0f00 	cmp.w	ip, #0
10000c0a:	d1f4      	bne.n	10000bf6 <alarm_pool_add_alarm_at_force_in_context+0x7e>
10000c0c:	f3bf 8f5f 	dmb	sy
10000c10:	88a3      	ldrh	r3, [r4, #4]
10000c12:	53f3      	strh	r3, [r6, r7]
10000c14:	80a5      	strh	r5, [r4, #4]
10000c16:	6921      	ldr	r1, [r4, #16]
10000c18:	2300      	movs	r3, #0
10000c1a:	e8c1 3f8f 	stlb	r3, [r1]
10000c1e:	f382 8810 	msr	PRIMASK, r2
10000c22:	68e3      	ldr	r3, [r4, #12]
10000c24:	7821      	ldrb	r1, [r4, #0]
10000c26:	2201      	movs	r2, #1
10000c28:	408a      	lsls	r2, r1
10000c2a:	f503 5301 	add.w	r3, r3, #8256	@ 0x2040
10000c2e:	605a      	str	r2, [r3, #4]
10000c30:	bdf8      	pop	{r3, r4, r5, r6, r7, pc}
10000c32:	f04f 30ff 	mov.w	r0, #4294967295	@ 0xffffffff
10000c36:	e7fb      	b.n	10000c30 <alarm_pool_add_alarm_at_force_in_context+0xb8>

10000c38 <alarm_pool_add_alarm_at>:
10000c38:	b570      	push	{r4, r5, r6, lr}
10000c3a:	b082      	sub	sp, #8
10000c3c:	4606      	mov	r6, r0
10000c3e:	4615      	mov	r5, r2
10000c40:	461c      	mov	r4, r3
10000c42:	f89d 3020 	ldrb.w	r3, [sp, #32]
10000c46:	b933      	cbnz	r3, 10000c56 <alarm_pool_add_alarm_at+0x1e>
10000c48:	f000 f9ce 	bl	10000fe8 <time_us_64>
10000c4c:	4285      	cmp	r5, r0
10000c4e:	eb64 0101 	sbc.w	r1, r4, r1
10000c52:	2900      	cmp	r1, #0
10000c54:	db0a      	blt.n	10000c6c <alarm_pool_add_alarm_at+0x34>
10000c56:	9b07      	ldr	r3, [sp, #28]
10000c58:	9301      	str	r3, [sp, #4]
10000c5a:	9b06      	ldr	r3, [sp, #24]
10000c5c:	9300      	str	r3, [sp, #0]
10000c5e:	462a      	mov	r2, r5
10000c60:	4623      	mov	r3, r4
10000c62:	4630      	mov	r0, r6
10000c64:	f7ff ff88 	bl	10000b78 <alarm_pool_add_alarm_at_force_in_context>
10000c68:	b002      	add	sp, #8
10000c6a:	bd70      	pop	{r4, r5, r6, pc}
10000c6c:	2000      	movs	r0, #0
10000c6e:	e7fb      	b.n	10000c68 <alarm_pool_add_alarm_at+0x30>

10000c70 <add_alarm_at>:
10000c70:	b5f0      	push	{r4, r5, r6, r7, lr}
10000c72:	b085      	sub	sp, #20
10000c74:	4605      	mov	r5, r0
10000c76:	460c      	mov	r4, r1
10000c78:	4616      	mov	r6, r2
10000c7a:	461f      	mov	r7, r3
10000c7c:	f7ff ff68 	bl	10000b50 <alarm_pool_get_default>
10000c80:	f89d 3028 	ldrb.w	r3, [sp, #40]	@ 0x28
10000c84:	9302      	str	r3, [sp, #8]
10000c86:	9701      	str	r7, [sp, #4]
10000c88:	9600      	str	r6, [sp, #0]
10000c8a:	462a      	mov	r2, r5
10000c8c:	4623      	mov	r3, r4
10000c8e:	f7ff ffd3 	bl	10000c38 <alarm_pool_add_alarm_at>
10000c92:	b005      	add	sp, #20
10000c94:	bdf0      	pop	{r4, r5, r6, r7, pc}

10000c96 <alarm_pool_cancel_alarm>:
10000c96:	4603      	mov	r3, r0
10000c98:	8940      	ldrh	r0, [r0, #10]
10000c9a:	ebb0 4f21 	cmp.w	r0, r1, asr #16
10000c9e:	dd31      	ble.n	10000d04 <alarm_pool_cancel_alarm+0x6e>
10000ca0:	b510      	push	{r4, lr}
10000ca2:	140a      	asrs	r2, r1, #16
10000ca4:	6958      	ldr	r0, [r3, #20]
10000ca6:	eb02 0242 	add.w	r2, r2, r2, lsl #1
10000caa:	eb00 00c2 	add.w	r0, r0, r2, lsl #3
10000cae:	691a      	ldr	r2, [r3, #16]
10000cb0:	f3ef 8c10 	mrs	ip, PRIMASK
10000cb4:	b672      	cpsid	i
10000cb6:	e8d2 4fcf 	ldaexb	r4, [r2]
10000cba:	f05f 0e01 	movs.w	lr, #1
10000cbe:	2c00      	cmp	r4, #0
10000cc0:	d1f9      	bne.n	10000cb6 <alarm_pool_cancel_alarm+0x20>
10000cc2:	e8c2 ef44 	strexb	r4, lr, [r2]
10000cc6:	2c00      	cmp	r4, #0
10000cc8:	d1f5      	bne.n	10000cb6 <alarm_pool_cancel_alarm+0x20>
10000cca:	f3bf 8f5f 	dmb	sy
10000cce:	8842      	ldrh	r2, [r0, #2]
10000cd0:	b292      	uxth	r2, r2
10000cd2:	b289      	uxth	r1, r1
10000cd4:	428a      	cmp	r2, r1
10000cd6:	d00f      	beq.n	10000cf8 <alarm_pool_cancel_alarm+0x62>
10000cd8:	2000      	movs	r0, #0
10000cda:	6919      	ldr	r1, [r3, #16]
10000cdc:	2200      	movs	r2, #0
10000cde:	e8c1 2f8f 	stlb	r2, [r1]
10000ce2:	f38c 8810 	msr	PRIMASK, ip
10000ce6:	b130      	cbz	r0, 10000cf6 <alarm_pool_cancel_alarm+0x60>
10000ce8:	68da      	ldr	r2, [r3, #12]
10000cea:	781b      	ldrb	r3, [r3, #0]
10000cec:	2101      	movs	r1, #1
10000cee:	4099      	lsls	r1, r3
10000cf0:	f502 5301 	add.w	r3, r2, #8256	@ 0x2040
10000cf4:	6059      	str	r1, [r3, #4]
10000cf6:	bd10      	pop	{r4, pc}
10000cf8:	f442 4200 	orr.w	r2, r2, #32768	@ 0x8000
10000cfc:	8042      	strh	r2, [r0, #2]
10000cfe:	2001      	movs	r0, #1
10000d00:	7198      	strb	r0, [r3, #6]
10000d02:	e7ea      	b.n	10000cda <alarm_pool_cancel_alarm+0x44>
10000d04:	2000      	movs	r0, #0
10000d06:	4770      	bx	lr

10000d08 <cancel_alarm>:
10000d08:	b510      	push	{r4, lr}
10000d0a:	4604      	mov	r4, r0
10000d0c:	f7ff ff20 	bl	10000b50 <alarm_pool_get_default>
10000d10:	4621      	mov	r1, r4
10000d12:	f7ff ffc0 	bl	10000c96 <alarm_pool_cancel_alarm>
10000d16:	bd10      	pop	{r4, pc}

10000d18 <sleep_until>:
10000d18:	b5f0      	push	{r4, r5, r6, r7, lr}
10000d1a:	b083      	sub	sp, #12
10000d1c:	f3ef 8305 	mrs	r3, IPSR
10000d20:	b2db      	uxtb	r3, r3
10000d22:	b9cb      	cbnz	r3, 10000d58 <sleep_until+0x40>
10000d24:	4605      	mov	r5, r0
10000d26:	460f      	mov	r7, r1
10000d28:	1f86      	subs	r6, r0, #6
10000d2a:	f141 34ff 	adc.w	r4, r1, #4294967295	@ 0xffffffff
10000d2e:	42b0      	cmp	r0, r6
10000d30:	eb71 0304 	sbcs.w	r3, r1, r4
10000d34:	d201      	bcs.n	10000d3a <sleep_until+0x22>
10000d36:	2600      	movs	r6, #0
10000d38:	4634      	mov	r4, r6
10000d3a:	f000 f955 	bl	10000fe8 <time_us_64>
10000d3e:	1a30      	subs	r0, r6, r0
10000d40:	eb64 0301 	sbc.w	r3, r4, r1
10000d44:	2801      	cmp	r0, #1
10000d46:	f173 0300 	sbcs.w	r3, r3, #0
10000d4a:	da08      	bge.n	10000d5e <sleep_until+0x46>
10000d4c:	4628      	mov	r0, r5
10000d4e:	4639      	mov	r1, r7
10000d50:	f000 f95c 	bl	1000100c <busy_wait_until>
10000d54:	b003      	add	sp, #12
10000d56:	bdf0      	pop	{r4, r5, r6, r7, pc}
10000d58:	481c      	ldr	r0, [pc, #112]	@ (10000dcc <sleep_until+0xb4>)
10000d5a:	f7ff fbbd 	bl	100004d8 <panic>
10000d5e:	2300      	movs	r3, #0
10000d60:	9300      	str	r3, [sp, #0]
10000d62:	4a1b      	ldr	r2, [pc, #108]	@ (10000dd0 <sleep_until+0xb8>)
10000d64:	4630      	mov	r0, r6
10000d66:	4621      	mov	r1, r4
10000d68:	f7ff ff82 	bl	10000c70 <add_alarm_at>
10000d6c:	2800      	cmp	r0, #0
10000d6e:	da1e      	bge.n	10000dae <sleep_until+0x96>
10000d70:	e7ec      	b.n	10000d4c <sleep_until+0x34>
10000d72:	2300      	movs	r3, #0
10000d74:	e000      	b.n	10000d78 <sleep_until+0x60>
10000d76:	2300      	movs	r3, #0
10000d78:	2b00      	cmp	r3, #0
10000d7a:	d1e7      	bne.n	10000d4c <sleep_until+0x34>
10000d7c:	4b15      	ldr	r3, [pc, #84]	@ (10000dd4 <sleep_until+0xbc>)
10000d7e:	681a      	ldr	r2, [r3, #0]
10000d80:	f3ef 8110 	mrs	r1, PRIMASK
10000d84:	b672      	cpsid	i
10000d86:	e8d2 cfcf 	ldaexb	ip, [r2]
10000d8a:	2001      	movs	r0, #1
10000d8c:	f1bc 0f00 	cmp.w	ip, #0
10000d90:	d1f9      	bne.n	10000d86 <sleep_until+0x6e>
10000d92:	e8c2 0f4c 	strexb	ip, r0, [r2]
10000d96:	f1bc 0f00 	cmp.w	ip, #0
10000d9a:	d1f4      	bne.n	10000d86 <sleep_until+0x6e>
10000d9c:	f3bf 8f5f 	dmb	sy
10000da0:	681a      	ldr	r2, [r3, #0]
10000da2:	2300      	movs	r3, #0
10000da4:	e8c2 3f8f 	stlb	r3, [r2]
10000da8:	f381 8810 	msr	PRIMASK, r1
10000dac:	bf20      	wfe
10000dae:	4b0a      	ldr	r3, [pc, #40]	@ (10000dd8 <sleep_until+0xc0>)
10000db0:	6a5b      	ldr	r3, [r3, #36]	@ 0x24
10000db2:	429c      	cmp	r4, r3
10000db4:	d8df      	bhi.n	10000d76 <sleep_until+0x5e>
10000db6:	4908      	ldr	r1, [pc, #32]	@ (10000dd8 <sleep_until+0xc0>)
10000db8:	6a89      	ldr	r1, [r1, #40]	@ 0x28
10000dba:	42b1      	cmp	r1, r6
10000dbc:	d203      	bcs.n	10000dc6 <sleep_until+0xae>
10000dbe:	429c      	cmp	r4, r3
10000dc0:	d0d7      	beq.n	10000d72 <sleep_until+0x5a>
10000dc2:	2301      	movs	r3, #1
10000dc4:	e7d8      	b.n	10000d78 <sleep_until+0x60>
10000dc6:	2301      	movs	r3, #1
10000dc8:	e7d6      	b.n	10000d78 <sleep_until+0x60>
10000dca:	bf00      	nop
10000dcc:	10003588 	.word	0x10003588
10000dd0:	1000078d 	.word	0x1000078d
10000dd4:	20000d0c 	.word	0x20000d0c
10000dd8:	400b0000 	.word	0x400b0000

10000ddc <sleep_us>:
10000ddc:	b538      	push	{r3, r4, r5, lr}
10000dde:	4604      	mov	r4, r0
10000de0:	460d      	mov	r5, r1
10000de2:	f000 f901 	bl	10000fe8 <time_us_64>
10000de6:	1820      	adds	r0, r4, r0
10000de8:	eb45 0101 	adc.w	r1, r5, r1
10000dec:	2900      	cmp	r1, #0
10000dee:	db02      	blt.n	10000df6 <sleep_us+0x1a>
10000df0:	f7ff ff92 	bl	10000d18 <sleep_until>
10000df4:	bd38      	pop	{r3, r4, r5, pc}
10000df6:	f04f 30ff 	mov.w	r0, #4294967295	@ 0xffffffff
10000dfa:	f06f 4100 	mvn.w	r1, #2147483648	@ 0x80000000
10000dfe:	e7f7      	b.n	10000df0 <sleep_us+0x14>

10000e00 <sleep_ms>:
10000e00:	b508      	push	{r3, lr}
10000e02:	0ec3      	lsrs	r3, r0, #27
10000e04:	0141      	lsls	r1, r0, #5
10000e06:	1a09      	subs	r1, r1, r0
10000e08:	f163 0300 	sbc.w	r3, r3, #0
10000e0c:	009b      	lsls	r3, r3, #2
10000e0e:	ea43 7391 	orr.w	r3, r3, r1, lsr #30
10000e12:	0089      	lsls	r1, r1, #2
10000e14:	1809      	adds	r1, r1, r0
10000e16:	f143 0300 	adc.w	r3, r3, #0
10000e1a:	00db      	lsls	r3, r3, #3
10000e1c:	00c8      	lsls	r0, r1, #3
10000e1e:	ea43 7151 	orr.w	r1, r3, r1, lsr #29
10000e22:	f7ff ffdb 	bl	10000ddc <sleep_us>
10000e26:	bd08      	pop	{r3, pc}

10000e28 <best_effort_wfe_or_timeout>:
10000e28:	b5f0      	push	{r4, r5, r6, r7, lr}
10000e2a:	b083      	sub	sp, #12
10000e2c:	4605      	mov	r5, r0
10000e2e:	460c      	mov	r4, r1
10000e30:	f3ef 8305 	mrs	r3, IPSR
10000e34:	b2db      	uxtb	r3, r3
10000e36:	b193      	cbz	r3, 10000e5e <best_effort_wfe_or_timeout+0x36>
10000e38:	4b3c      	ldr	r3, [pc, #240]	@ (10000f2c <best_effort_wfe_or_timeout+0x104>)
10000e3a:	6a5b      	ldr	r3, [r3, #36]	@ 0x24
10000e3c:	428b      	cmp	r3, r1
10000e3e:	d309      	bcc.n	10000e54 <best_effort_wfe_or_timeout+0x2c>
10000e40:	4a3a      	ldr	r2, [pc, #232]	@ (10000f2c <best_effort_wfe_or_timeout+0x104>)
10000e42:	6a92      	ldr	r2, [r2, #40]	@ 0x28
10000e44:	4282      	cmp	r2, r0
10000e46:	d208      	bcs.n	10000e5a <best_effort_wfe_or_timeout+0x32>
10000e48:	428b      	cmp	r3, r1
10000e4a:	d001      	beq.n	10000e50 <best_effort_wfe_or_timeout+0x28>
10000e4c:	2001      	movs	r0, #1
10000e4e:	e002      	b.n	10000e56 <best_effort_wfe_or_timeout+0x2e>
10000e50:	2000      	movs	r0, #0
10000e52:	e000      	b.n	10000e56 <best_effort_wfe_or_timeout+0x2e>
10000e54:	2000      	movs	r0, #0
10000e56:	b003      	add	sp, #12
10000e58:	bdf0      	pop	{r4, r5, r6, r7, pc}
10000e5a:	2001      	movs	r0, #1
10000e5c:	e7fb      	b.n	10000e56 <best_effort_wfe_or_timeout+0x2e>
10000e5e:	f7ff fe77 	bl	10000b50 <alarm_pool_get_default>
10000e62:	68c7      	ldr	r7, [r0, #12]
10000e64:	7806      	ldrb	r6, [r0, #0]
10000e66:	4638      	mov	r0, r7
10000e68:	f000 f894 	bl	10000f94 <timer_time_us_64>
10000e6c:	1a2a      	subs	r2, r5, r0
10000e6e:	eb64 0101 	sbc.w	r1, r4, r1
10000e72:	3604      	adds	r6, #4
10000e74:	f857 3026 	ldr.w	r3, [r7, r6, lsl #2]
10000e78:	1a1b      	subs	r3, r3, r0
10000e7a:	429a      	cmp	r2, r3
10000e7c:	f171 0100 	sbcs.w	r1, r1, #0
10000e80:	db12      	blt.n	10000ea8 <best_effort_wfe_or_timeout+0x80>
10000e82:	bf20      	wfe
10000e84:	4b29      	ldr	r3, [pc, #164]	@ (10000f2c <best_effort_wfe_or_timeout+0x104>)
10000e86:	6a5b      	ldr	r3, [r3, #36]	@ 0x24
10000e88:	429c      	cmp	r4, r3
10000e8a:	d809      	bhi.n	10000ea0 <best_effort_wfe_or_timeout+0x78>
10000e8c:	4a27      	ldr	r2, [pc, #156]	@ (10000f2c <best_effort_wfe_or_timeout+0x104>)
10000e8e:	6a92      	ldr	r2, [r2, #40]	@ 0x28
10000e90:	42aa      	cmp	r2, r5
10000e92:	d207      	bcs.n	10000ea4 <best_effort_wfe_or_timeout+0x7c>
10000e94:	429c      	cmp	r4, r3
10000e96:	d001      	beq.n	10000e9c <best_effort_wfe_or_timeout+0x74>
10000e98:	2001      	movs	r0, #1
10000e9a:	e7dc      	b.n	10000e56 <best_effort_wfe_or_timeout+0x2e>
10000e9c:	2000      	movs	r0, #0
10000e9e:	e7da      	b.n	10000e56 <best_effort_wfe_or_timeout+0x2e>
10000ea0:	2000      	movs	r0, #0
10000ea2:	e7d8      	b.n	10000e56 <best_effort_wfe_or_timeout+0x2e>
10000ea4:	2001      	movs	r0, #1
10000ea6:	e7d6      	b.n	10000e56 <best_effort_wfe_or_timeout+0x2e>
10000ea8:	2300      	movs	r3, #0
10000eaa:	9300      	str	r3, [sp, #0]
10000eac:	4a20      	ldr	r2, [pc, #128]	@ (10000f30 <best_effort_wfe_or_timeout+0x108>)
10000eae:	4628      	mov	r0, r5
10000eb0:	4621      	mov	r1, r4
10000eb2:	f7ff fedd 	bl	10000c70 <add_alarm_at>
10000eb6:	2800      	cmp	r0, #0
10000eb8:	dd0b      	ble.n	10000ed2 <best_effort_wfe_or_timeout+0xaa>
10000eba:	4b1c      	ldr	r3, [pc, #112]	@ (10000f2c <best_effort_wfe_or_timeout+0x104>)
10000ebc:	6a5b      	ldr	r3, [r3, #36]	@ 0x24
10000ebe:	429c      	cmp	r4, r3
10000ec0:	d81b      	bhi.n	10000efa <best_effort_wfe_or_timeout+0xd2>
10000ec2:	4a1a      	ldr	r2, [pc, #104]	@ (10000f2c <best_effort_wfe_or_timeout+0x104>)
10000ec4:	6a92      	ldr	r2, [r2, #40]	@ 0x28
10000ec6:	42aa      	cmp	r2, r5
10000ec8:	d228      	bcs.n	10000f1c <best_effort_wfe_or_timeout+0xf4>
10000eca:	429c      	cmp	r4, r3
10000ecc:	d013      	beq.n	10000ef6 <best_effort_wfe_or_timeout+0xce>
10000ece:	2301      	movs	r3, #1
10000ed0:	e014      	b.n	10000efc <best_effort_wfe_or_timeout+0xd4>
10000ed2:	4b16      	ldr	r3, [pc, #88]	@ (10000f2c <best_effort_wfe_or_timeout+0x104>)
10000ed4:	6a5b      	ldr	r3, [r3, #36]	@ 0x24
10000ed6:	429c      	cmp	r4, r3
10000ed8:	d809      	bhi.n	10000eee <best_effort_wfe_or_timeout+0xc6>
10000eda:	4a14      	ldr	r2, [pc, #80]	@ (10000f2c <best_effort_wfe_or_timeout+0x104>)
10000edc:	6a92      	ldr	r2, [r2, #40]	@ 0x28
10000ede:	42aa      	cmp	r2, r5
10000ee0:	d207      	bcs.n	10000ef2 <best_effort_wfe_or_timeout+0xca>
10000ee2:	429c      	cmp	r4, r3
10000ee4:	d001      	beq.n	10000eea <best_effort_wfe_or_timeout+0xc2>
10000ee6:	2001      	movs	r0, #1
10000ee8:	e7b5      	b.n	10000e56 <best_effort_wfe_or_timeout+0x2e>
10000eea:	2000      	movs	r0, #0
10000eec:	e7b3      	b.n	10000e56 <best_effort_wfe_or_timeout+0x2e>
10000eee:	2000      	movs	r0, #0
10000ef0:	e7b1      	b.n	10000e56 <best_effort_wfe_or_timeout+0x2e>
10000ef2:	2001      	movs	r0, #1
10000ef4:	e7af      	b.n	10000e56 <best_effort_wfe_or_timeout+0x2e>
10000ef6:	2300      	movs	r3, #0
10000ef8:	e000      	b.n	10000efc <best_effort_wfe_or_timeout+0xd4>
10000efa:	2300      	movs	r3, #0
10000efc:	b903      	cbnz	r3, 10000f00 <best_effort_wfe_or_timeout+0xd8>
10000efe:	bf20      	wfe
10000f00:	f7ff ff02 	bl	10000d08 <cancel_alarm>
10000f04:	4b09      	ldr	r3, [pc, #36]	@ (10000f2c <best_effort_wfe_or_timeout+0x104>)
10000f06:	6a5b      	ldr	r3, [r3, #36]	@ 0x24
10000f08:	429c      	cmp	r4, r3
10000f0a:	d80b      	bhi.n	10000f24 <best_effort_wfe_or_timeout+0xfc>
10000f0c:	4a07      	ldr	r2, [pc, #28]	@ (10000f2c <best_effort_wfe_or_timeout+0x104>)
10000f0e:	6a92      	ldr	r2, [r2, #40]	@ 0x28
10000f10:	42aa      	cmp	r2, r5
10000f12:	d209      	bcs.n	10000f28 <best_effort_wfe_or_timeout+0x100>
10000f14:	429c      	cmp	r4, r3
10000f16:	d003      	beq.n	10000f20 <best_effort_wfe_or_timeout+0xf8>
10000f18:	2001      	movs	r0, #1
10000f1a:	e79c      	b.n	10000e56 <best_effort_wfe_or_timeout+0x2e>
10000f1c:	2301      	movs	r3, #1
10000f1e:	e7ed      	b.n	10000efc <best_effort_wfe_or_timeout+0xd4>
10000f20:	2000      	movs	r0, #0
10000f22:	e798      	b.n	10000e56 <best_effort_wfe_or_timeout+0x2e>
10000f24:	2000      	movs	r0, #0
10000f26:	e796      	b.n	10000e56 <best_effort_wfe_or_timeout+0x2e>
10000f28:	2001      	movs	r0, #1
10000f2a:	e794      	b.n	10000e56 <best_effort_wfe_or_timeout+0x2e>
10000f2c:	400b0000 	.word	0x400b0000
10000f30:	1000078d 	.word	0x1000078d

10000f34 <alarm_pool_get_default_timer>:
10000f34:	4800      	ldr	r0, [pc, #0]	@ (10000f38 <alarm_pool_get_default_timer+0x4>)
10000f36:	4770      	bx	lr
10000f38:	400b0000 	.word	0x400b0000

10000f3c <runtime_init_default_alarm_pool>:
10000f3c:	b510      	push	{r4, lr}
10000f3e:	4b0a      	ldr	r3, [pc, #40]	@ (10000f68 <runtime_init_default_alarm_pool+0x2c>)
10000f40:	691b      	ldr	r3, [r3, #16]
10000f42:	b123      	cbz	r3, 10000f4e <runtime_init_default_alarm_pool+0x12>
10000f44:	210a      	movs	r1, #10
10000f46:	4809      	ldr	r0, [pc, #36]	@ (10000f6c <runtime_init_default_alarm_pool+0x30>)
10000f48:	f7ff fbae 	bl	100006a8 <lock_init>
10000f4c:	bd10      	pop	{r4, pc}
10000f4e:	f7ff fff1 	bl	10000f34 <alarm_pool_get_default_timer>
10000f52:	4604      	mov	r4, r0
10000f54:	2103      	movs	r1, #3
10000f56:	f000 f80b 	bl	10000f70 <timer_hardware_alarm_claim>
10000f5a:	2310      	movs	r3, #16
10000f5c:	2203      	movs	r2, #3
10000f5e:	4621      	mov	r1, r4
10000f60:	4801      	ldr	r0, [pc, #4]	@ (10000f68 <runtime_init_default_alarm_pool+0x2c>)
10000f62:	f7ff fdb7 	bl	10000ad4 <alarm_pool_post_alloc_init>
10000f66:	e7ed      	b.n	10000f44 <runtime_init_default_alarm_pool+0x8>
10000f68:	2000093c 	.word	0x2000093c
10000f6c:	20000d0c 	.word	0x20000d0c

10000f70 <timer_hardware_alarm_claim>:
10000f70:	b510      	push	{r4, lr}
10000f72:	4a05      	ldr	r2, [pc, #20]	@ (10000f88 <timer_hardware_alarm_claim+0x18>)
10000f74:	4c05      	ldr	r4, [pc, #20]	@ (10000f8c <timer_hardware_alarm_claim+0x1c>)
10000f76:	4b06      	ldr	r3, [pc, #24]	@ (10000f90 <timer_hardware_alarm_claim+0x20>)
10000f78:	42a0      	cmp	r0, r4
10000f7a:	bf14      	ite	ne
10000f7c:	4618      	movne	r0, r3
10000f7e:	1c58      	addeq	r0, r3, #1
10000f80:	f7ff fade 	bl	10000540 <hw_claim_or_assert>
10000f84:	bd10      	pop	{r4, pc}
10000f86:	bf00      	nop
10000f88:	100035d8 	.word	0x100035d8
10000f8c:	400b8000 	.word	0x400b8000
10000f90:	20000cb8 	.word	0x20000cb8

10000f94 <timer_time_us_64>:
10000f94:	4602      	mov	r2, r0
10000f96:	6a43      	ldr	r3, [r0, #36]	@ 0x24
10000f98:	6a90      	ldr	r0, [r2, #40]	@ 0x28
10000f9a:	4619      	mov	r1, r3
10000f9c:	6a53      	ldr	r3, [r2, #36]	@ 0x24
10000f9e:	4299      	cmp	r1, r3
10000fa0:	d1fa      	bne.n	10000f98 <timer_time_us_64+0x4>
10000fa2:	4770      	bx	lr

10000fa4 <timer_busy_wait_until>:
10000fa4:	6a41      	ldr	r1, [r0, #36]	@ 0x24
10000fa6:	e000      	b.n	10000faa <timer_busy_wait_until+0x6>
10000fa8:	6a41      	ldr	r1, [r0, #36]	@ 0x24
10000faa:	4299      	cmp	r1, r3
10000fac:	d3fc      	bcc.n	10000fa8 <timer_busy_wait_until+0x4>
10000fae:	e000      	b.n	10000fb2 <timer_busy_wait_until+0xe>
10000fb0:	6a41      	ldr	r1, [r0, #36]	@ 0x24
10000fb2:	4299      	cmp	r1, r3
10000fb4:	d102      	bne.n	10000fbc <timer_busy_wait_until+0x18>
10000fb6:	6a81      	ldr	r1, [r0, #40]	@ 0x28
10000fb8:	4291      	cmp	r1, r2
10000fba:	d3f9      	bcc.n	10000fb0 <timer_busy_wait_until+0xc>
10000fbc:	4770      	bx	lr

10000fbe <timer_busy_wait_us>:
10000fbe:	b570      	push	{r4, r5, r6, lr}
10000fc0:	4606      	mov	r6, r0
10000fc2:	4614      	mov	r4, r2
10000fc4:	461d      	mov	r5, r3
10000fc6:	f7ff ffe5 	bl	10000f94 <timer_time_us_64>
10000fca:	1902      	adds	r2, r0, r4
10000fcc:	eb41 0305 	adc.w	r3, r1, r5
10000fd0:	4282      	cmp	r2, r0
10000fd2:	eb73 0101 	sbcs.w	r1, r3, r1
10000fd6:	d202      	bcs.n	10000fde <timer_busy_wait_us+0x20>
10000fd8:	f04f 32ff 	mov.w	r2, #4294967295	@ 0xffffffff
10000fdc:	4613      	mov	r3, r2
10000fde:	4630      	mov	r0, r6
10000fe0:	f7ff ffe0 	bl	10000fa4 <timer_busy_wait_until>
10000fe4:	bd70      	pop	{r4, r5, r6, pc}
	...

10000fe8 <time_us_64>:
10000fe8:	b508      	push	{r3, lr}
10000fea:	4802      	ldr	r0, [pc, #8]	@ (10000ff4 <time_us_64+0xc>)
10000fec:	f7ff ffd2 	bl	10000f94 <timer_time_us_64>
10000ff0:	bd08      	pop	{r3, pc}
10000ff2:	bf00      	nop
10000ff4:	400b0000 	.word	0x400b0000

10000ff8 <busy_wait_us>:
10000ff8:	b508      	push	{r3, lr}
10000ffa:	4602      	mov	r2, r0
10000ffc:	460b      	mov	r3, r1
10000ffe:	4802      	ldr	r0, [pc, #8]	@ (10001008 <busy_wait_us+0x10>)
10001000:	f7ff ffdd 	bl	10000fbe <timer_busy_wait_us>
10001004:	bd08      	pop	{r3, pc}
10001006:	bf00      	nop
10001008:	400b0000 	.word	0x400b0000

1000100c <busy_wait_until>:
1000100c:	b508      	push	{r3, lr}
1000100e:	4602      	mov	r2, r0
10001010:	460b      	mov	r3, r1
10001012:	4802      	ldr	r0, [pc, #8]	@ (1000101c <busy_wait_until+0x10>)
10001014:	f7ff ffc6 	bl	10000fa4 <timer_busy_wait_until>
10001018:	bd08      	pop	{r3, pc}
1000101a:	bf00      	nop
1000101c:	400b0000 	.word	0x400b0000

10001020 <uart_unreset>:
10001020:	4b07      	ldr	r3, [pc, #28]	@ (10001040 <uart_unreset+0x20>)
10001022:	4298      	cmp	r0, r3
10001024:	d00a      	beq.n	1000103c <uart_unreset+0x1c>
10001026:	231a      	movs	r3, #26
10001028:	2201      	movs	r2, #1
1000102a:	409a      	lsls	r2, r3
1000102c:	4b05      	ldr	r3, [pc, #20]	@ (10001044 <uart_unreset+0x24>)
1000102e:	601a      	str	r2, [r3, #0]
10001030:	4b05      	ldr	r3, [pc, #20]	@ (10001048 <uart_unreset+0x28>)
10001032:	689b      	ldr	r3, [r3, #8]
10001034:	ea32 0303 	bics.w	r3, r2, r3
10001038:	d1fa      	bne.n	10001030 <uart_unreset+0x10>
1000103a:	4770      	bx	lr
1000103c:	231b      	movs	r3, #27
1000103e:	e7f3      	b.n	10001028 <uart_unreset+0x8>
10001040:	40078000 	.word	0x40078000
10001044:	40023000 	.word	0x40023000
10001048:	40020000 	.word	0x40020000

1000104c <uart_disable_before_lcr_write>:
1000104c:	b538      	push	{r3, r4, r5, lr}
1000104e:	6b04      	ldr	r4, [r0, #48]	@ 0x30
10001050:	f014 0f01 	tst.w	r4, #1
10001054:	d101      	bne.n	1000105a <uart_disable_before_lcr_write+0xe>
10001056:	4620      	mov	r0, r4
10001058:	bd38      	pop	{r3, r4, r5, pc}
1000105a:	f500 5340 	add.w	r3, r0, #12288	@ 0x3000
1000105e:	f240 3201 	movw	r2, #769	@ 0x301
10001062:	631a      	str	r2, [r3, #48]	@ 0x30
10001064:	6a43      	ldr	r3, [r0, #36]	@ 0x24
10001066:	6a85      	ldr	r5, [r0, #40]	@ 0x28
10001068:	eb05 1583 	add.w	r5, r5, r3, lsl #6
1000106c:	02ad      	lsls	r5, r5, #10
1000106e:	2006      	movs	r0, #6
10001070:	f000 f8ea 	bl	10001248 <clock_get_hz>
10001074:	4b04      	ldr	r3, [pc, #16]	@ (10001088 <uart_disable_before_lcr_write+0x3c>)
10001076:	fba3 3000 	umull	r3, r0, r3, r0
1000107a:	0ac0      	lsrs	r0, r0, #11
1000107c:	fbb5 f0f0 	udiv	r0, r5, r0
10001080:	2100      	movs	r1, #0
10001082:	f7ff ffb9 	bl	10000ff8 <busy_wait_us>
10001086:	e7e6      	b.n	10001056 <uart_disable_before_lcr_write+0xa>
10001088:	8f2b7b75 	.word	0x8f2b7b75

1000108c <uart_write_lcr_bits_masked>:
1000108c:	b570      	push	{r4, r5, r6, lr}
1000108e:	4605      	mov	r5, r0
10001090:	460c      	mov	r4, r1
10001092:	4616      	mov	r6, r2
10001094:	f7ff ffda 	bl	1000104c <uart_disable_before_lcr_write>
10001098:	6aeb      	ldr	r3, [r5, #44]	@ 0x2c
1000109a:	405c      	eors	r4, r3
1000109c:	4034      	ands	r4, r6
1000109e:	f505 5381 	add.w	r3, r5, #4128	@ 0x1020
100010a2:	60dc      	str	r4, [r3, #12]
100010a4:	6328      	str	r0, [r5, #48]	@ 0x30
100010a6:	bd70      	pop	{r4, r5, r6, pc}

100010a8 <uart_set_baudrate>:
100010a8:	b570      	push	{r4, r5, r6, lr}
100010aa:	4605      	mov	r5, r0
100010ac:	460c      	mov	r4, r1
100010ae:	2006      	movs	r0, #6
100010b0:	f000 f8ca 	bl	10001248 <clock_get_hz>
100010b4:	00c3      	lsls	r3, r0, #3
100010b6:	fbb3 f3f4 	udiv	r3, r3, r4
100010ba:	3301      	adds	r3, #1
100010bc:	09dc      	lsrs	r4, r3, #7
100010be:	d007      	beq.n	100010d0 <uart_set_baudrate+0x28>
100010c0:	f64f 72fe 	movw	r2, #65534	@ 0xfffe
100010c4:	4294      	cmp	r4, r2
100010c6:	d814      	bhi.n	100010f2 <uart_set_baudrate+0x4a>
100010c8:	4626      	mov	r6, r4
100010ca:	f3c3 0445 	ubfx	r4, r3, #1, #6
100010ce:	e000      	b.n	100010d2 <uart_set_baudrate+0x2a>
100010d0:	2601      	movs	r6, #1
100010d2:	626e      	str	r6, [r5, #36]	@ 0x24
100010d4:	62ac      	str	r4, [r5, #40]	@ 0x28
100010d6:	2200      	movs	r2, #0
100010d8:	4611      	mov	r1, r2
100010da:	4628      	mov	r0, r5
100010dc:	f7ff ffd6 	bl	1000108c <uart_write_lcr_bits_masked>
100010e0:	2006      	movs	r0, #6
100010e2:	f000 f8b1 	bl	10001248 <clock_get_hz>
100010e6:	0080      	lsls	r0, r0, #2
100010e8:	eb04 1486 	add.w	r4, r4, r6, lsl #6
100010ec:	fbb0 f0f4 	udiv	r0, r0, r4
100010f0:	bd70      	pop	{r4, r5, r6, pc}
100010f2:	2400      	movs	r4, #0
100010f4:	f64f 76ff 	movw	r6, #65535	@ 0xffff
100010f8:	e7eb      	b.n	100010d2 <uart_set_baudrate+0x2a>
	...

100010fc <uart_set_translate_crlf>:
100010fc:	b149      	cbz	r1, 10001112 <uart_set_translate_crlf+0x16>
100010fe:	220a      	movs	r2, #10
10001100:	4b05      	ldr	r3, [pc, #20]	@ (10001118 <uart_set_translate_crlf+0x1c>)
10001102:	4298      	cmp	r0, r3
10001104:	bf14      	ite	ne
10001106:	2000      	movne	r0, #0
10001108:	2001      	moveq	r0, #1
1000110a:	4b04      	ldr	r3, [pc, #16]	@ (1000111c <uart_set_translate_crlf+0x20>)
1000110c:	f823 2010 	strh.w	r2, [r3, r0, lsl #1]
10001110:	4770      	bx	lr
10001112:	f44f 7280 	mov.w	r2, #256	@ 0x100
10001116:	e7f3      	b.n	10001100 <uart_set_translate_crlf+0x4>
10001118:	40078000 	.word	0x40078000
1000111c:	20000d10 	.word	0x20000d10

10001120 <uart_init>:
10001120:	b538      	push	{r3, r4, r5, lr}
10001122:	4604      	mov	r4, r0
10001124:	460d      	mov	r5, r1
10001126:	2006      	movs	r0, #6
10001128:	f000 f88e 	bl	10001248 <clock_get_hz>
1000112c:	b1f8      	cbz	r0, 1000116e <uart_init+0x4e>
1000112e:	4b11      	ldr	r3, [pc, #68]	@ (10001174 <uart_init+0x54>)
10001130:	429c      	cmp	r4, r3
10001132:	d01d      	beq.n	10001170 <uart_init+0x50>
10001134:	221a      	movs	r2, #26
10001136:	2301      	movs	r3, #1
10001138:	4093      	lsls	r3, r2
1000113a:	4a0f      	ldr	r2, [pc, #60]	@ (10001178 <uart_init+0x58>)
1000113c:	6013      	str	r3, [r2, #0]
1000113e:	4620      	mov	r0, r4
10001140:	f7ff ff6e 	bl	10001020 <uart_unreset>
10001144:	2100      	movs	r1, #0
10001146:	4620      	mov	r0, r4
10001148:	f7ff ffd8 	bl	100010fc <uart_set_translate_crlf>
1000114c:	4629      	mov	r1, r5
1000114e:	4620      	mov	r0, r4
10001150:	f7ff ffaa 	bl	100010a8 <uart_set_baudrate>
10001154:	6ae3      	ldr	r3, [r4, #44]	@ 0x2c
10001156:	f083 0370 	eor.w	r3, r3, #112	@ 0x70
1000115a:	f003 037e 	and.w	r3, r3, #126	@ 0x7e
1000115e:	f504 5281 	add.w	r2, r4, #4128	@ 0x1020
10001162:	60d3      	str	r3, [r2, #12]
10001164:	f240 3301 	movw	r3, #769	@ 0x301
10001168:	6323      	str	r3, [r4, #48]	@ 0x30
1000116a:	2303      	movs	r3, #3
1000116c:	64a3      	str	r3, [r4, #72]	@ 0x48
1000116e:	bd38      	pop	{r3, r4, r5, pc}
10001170:	221b      	movs	r2, #27
10001172:	e7e0      	b.n	10001136 <uart_init+0x16>
10001174:	40078000 	.word	0x40078000
10001178:	40022000 	.word	0x40022000

1000117c <clock_configure_internal>:
1000117c:	b570      	push	{r4, r5, r6, lr}
1000117e:	4616      	mov	r6, r2
10001180:	9d04      	ldr	r5, [sp, #16]
10001182:	eb00 0c40 	add.w	ip, r0, r0, lsl #1
10001186:	ea4f 0c8c 	mov.w	ip, ip, lsl #2
1000118a:	f10c 4c80 	add.w	ip, ip, #1073741824	@ 0x40000000
1000118e:	f50c 3c80 	add.w	ip, ip, #65536	@ 0x10000
10001192:	f8dc 2004 	ldr.w	r2, [ip, #4]
10001196:	42aa      	cmp	r2, r5
10001198:	d201      	bcs.n	1000119e <clock_configure_internal+0x22>
1000119a:	f8cc 5004 	str.w	r5, [ip, #4]
1000119e:	f1a0 0e04 	sub.w	lr, r0, #4
100011a2:	fa5f fe8e 	uxtb.w	lr, lr
100011a6:	f1be 0f01 	cmp.w	lr, #1
100011aa:	d928      	bls.n	100011fe <clock_configure_internal+0x82>
100011ac:	f50c 5240 	add.w	r2, ip, #12288	@ 0x3000
100011b0:	f44f 6400 	mov.w	r4, #2048	@ 0x800
100011b4:	6014      	str	r4, [r2, #0]
100011b6:	4a1e      	ldr	r2, [pc, #120]	@ (10001230 <clock_configure_internal+0xb4>)
100011b8:	f852 2020 	ldr.w	r2, [r2, r0, lsl #2]
100011bc:	b142      	cbz	r2, 100011d0 <clock_configure_internal+0x54>
100011be:	4c1c      	ldr	r4, [pc, #112]	@ (10001230 <clock_configure_internal+0xb4>)
100011c0:	6964      	ldr	r4, [r4, #20]
100011c2:	fbb4 f4f2 	udiv	r4, r4, r2
100011c6:	3401      	adds	r4, #1
100011c8:	eb04 0444 	add.w	r4, r4, r4, lsl #1
100011cc:	3c03      	subs	r4, #3
100011ce:	d2fd      	bcs.n	100011cc <clock_configure_internal+0x50>
100011d0:	f8dc 2000 	ldr.w	r2, [ip]
100011d4:	ea82 1246 	eor.w	r2, r2, r6, lsl #5
100011d8:	f002 02e0 	and.w	r2, r2, #224	@ 0xe0
100011dc:	f50c 5480 	add.w	r4, ip, #4096	@ 0x1000
100011e0:	6022      	str	r2, [r4, #0]
100011e2:	f1be 0f01 	cmp.w	lr, #1
100011e6:	d916      	bls.n	10001216 <clock_configure_internal+0x9a>
100011e8:	f50c 5200 	add.w	r2, ip, #8192	@ 0x2000
100011ec:	f44f 6100 	mov.w	r1, #2048	@ 0x800
100011f0:	6011      	str	r1, [r2, #0]
100011f2:	f8cc 5004 	str.w	r5, [ip, #4]
100011f6:	4a0e      	ldr	r2, [pc, #56]	@ (10001230 <clock_configure_internal+0xb4>)
100011f8:	f842 3020 	str.w	r3, [r2, r0, lsl #2]
100011fc:	bd70      	pop	{r4, r5, r6, pc}
100011fe:	2901      	cmp	r1, #1
10001200:	d1d4      	bne.n	100011ac <clock_configure_internal+0x30>
10001202:	f50c 5240 	add.w	r2, ip, #12288	@ 0x3000
10001206:	2403      	movs	r4, #3
10001208:	6014      	str	r4, [r2, #0]
1000120a:	f8dc 2008 	ldr.w	r2, [ip, #8]
1000120e:	f012 0f01 	tst.w	r2, #1
10001212:	d0fa      	beq.n	1000120a <clock_configure_internal+0x8e>
10001214:	e7dc      	b.n	100011d0 <clock_configure_internal+0x54>
10001216:	f8dc 2000 	ldr.w	r2, [ip]
1000121a:	404a      	eors	r2, r1
1000121c:	f002 0203 	and.w	r2, r2, #3
10001220:	6022      	str	r2, [r4, #0]
10001222:	f8dc 4008 	ldr.w	r4, [ip, #8]
10001226:	2201      	movs	r2, #1
10001228:	408a      	lsls	r2, r1
1000122a:	4214      	tst	r4, r2
1000122c:	d0f9      	beq.n	10001222 <clock_configure_internal+0xa6>
1000122e:	e7db      	b.n	100011e8 <clock_configure_internal+0x6c>
10001230:	20000cbc 	.word	0x20000cbc

10001234 <clock_configure_undivided>:
10001234:	b510      	push	{r4, lr}
10001236:	b082      	sub	sp, #8
10001238:	f44f 3480 	mov.w	r4, #65536	@ 0x10000
1000123c:	9400      	str	r4, [sp, #0]
1000123e:	f7ff ff9d 	bl	1000117c <clock_configure_internal>
10001242:	b002      	add	sp, #8
10001244:	bd10      	pop	{r4, pc}
	...

10001248 <clock_get_hz>:
10001248:	4b01      	ldr	r3, [pc, #4]	@ (10001250 <clock_get_hz+0x8>)
1000124a:	f853 0020 	ldr.w	r0, [r3, r0, lsl #2]
1000124e:	4770      	bx	lr
10001250:	20000cbc 	.word	0x20000cbc

10001254 <pll_init>:
10001254:	b570      	push	{r4, r5, r6, lr}
10001256:	9c04      	ldr	r4, [sp, #16]
10001258:	4d34      	ldr	r5, [pc, #208]	@ (1000132c <pll_init+0xd8>)
1000125a:	fbb5 fcf1 	udiv	ip, r5, r1
1000125e:	4d34      	ldr	r5, [pc, #208]	@ (10001330 <pll_init+0xdc>)
10001260:	4415      	add	r5, r2
10001262:	4e34      	ldr	r6, [pc, #208]	@ (10001334 <pll_init+0xe0>)
10001264:	42b5      	cmp	r5, r6
10001266:	d837      	bhi.n	100012d8 <pll_init+0x84>
10001268:	fbb2 f5fc 	udiv	r5, r2, ip
1000126c:	f1a5 0e10 	sub.w	lr, r5, #16
10001270:	f5be 7f98 	cmp.w	lr, #304	@ 0x130
10001274:	d836      	bhi.n	100012e4 <pll_init+0x90>
10001276:	f103 3eff 	add.w	lr, r3, #4294967295	@ 0xffffffff
1000127a:	f1be 0f06 	cmp.w	lr, #6
1000127e:	d837      	bhi.n	100012f0 <pll_init+0x9c>
10001280:	f104 3eff 	add.w	lr, r4, #4294967295	@ 0xffffffff
10001284:	f1be 0f06 	cmp.w	lr, #6
10001288:	d832      	bhi.n	100012f0 <pll_init+0x9c>
1000128a:	ebbc 1f12 	cmp.w	ip, r2, lsr #4
1000128e:	d835      	bhi.n	100012fc <pll_init+0xa8>
10001290:	0324      	lsls	r4, r4, #12
10001292:	ea44 4403 	orr.w	r4, r4, r3, lsl #16
10001296:	6803      	ldr	r3, [r0, #0]
10001298:	2b00      	cmp	r3, #0
1000129a:	db35      	blt.n	10001308 <pll_init+0xb4>
1000129c:	4b26      	ldr	r3, [pc, #152]	@ (10001338 <pll_init+0xe4>)
1000129e:	4298      	cmp	r0, r3
100012a0:	d042      	beq.n	10001328 <pll_init+0xd4>
100012a2:	230e      	movs	r3, #14
100012a4:	2201      	movs	r2, #1
100012a6:	409a      	lsls	r2, r3
100012a8:	4b24      	ldr	r3, [pc, #144]	@ (1000133c <pll_init+0xe8>)
100012aa:	601a      	str	r2, [r3, #0]
100012ac:	f503 5380 	add.w	r3, r3, #4096	@ 0x1000
100012b0:	601a      	str	r2, [r3, #0]
100012b2:	4b23      	ldr	r3, [pc, #140]	@ (10001340 <pll_init+0xec>)
100012b4:	689b      	ldr	r3, [r3, #8]
100012b6:	ea32 0303 	bics.w	r3, r2, r3
100012ba:	d1fa      	bne.n	100012b2 <pll_init+0x5e>
100012bc:	6001      	str	r1, [r0, #0]
100012be:	6085      	str	r5, [r0, #8]
100012c0:	f500 5240 	add.w	r2, r0, #12288	@ 0x3000
100012c4:	3204      	adds	r2, #4
100012c6:	2321      	movs	r3, #33	@ 0x21
100012c8:	6013      	str	r3, [r2, #0]
100012ca:	6803      	ldr	r3, [r0, #0]
100012cc:	2b00      	cmp	r3, #0
100012ce:	dafc      	bge.n	100012ca <pll_init+0x76>
100012d0:	60c4      	str	r4, [r0, #12]
100012d2:	2308      	movs	r3, #8
100012d4:	6013      	str	r3, [r2, #0]
100012d6:	bd70      	pop	{r4, r5, r6, pc}
100012d8:	4b1a      	ldr	r3, [pc, #104]	@ (10001344 <pll_init+0xf0>)
100012da:	4a1b      	ldr	r2, [pc, #108]	@ (10001348 <pll_init+0xf4>)
100012dc:	2111      	movs	r1, #17
100012de:	481b      	ldr	r0, [pc, #108]	@ (1000134c <pll_init+0xf8>)
100012e0:	f001 fc10 	bl	10002b04 <__assert_func>
100012e4:	4b1a      	ldr	r3, [pc, #104]	@ (10001350 <pll_init+0xfc>)
100012e6:	4a18      	ldr	r2, [pc, #96]	@ (10001348 <pll_init+0xf4>)
100012e8:	2119      	movs	r1, #25
100012ea:	4818      	ldr	r0, [pc, #96]	@ (1000134c <pll_init+0xf8>)
100012ec:	f001 fc0a 	bl	10002b04 <__assert_func>
100012f0:	4b18      	ldr	r3, [pc, #96]	@ (10001354 <pll_init+0x100>)
100012f2:	4a15      	ldr	r2, [pc, #84]	@ (10001348 <pll_init+0xf4>)
100012f4:	211c      	movs	r1, #28
100012f6:	4815      	ldr	r0, [pc, #84]	@ (1000134c <pll_init+0xf8>)
100012f8:	f001 fc04 	bl	10002b04 <__assert_func>
100012fc:	4b16      	ldr	r3, [pc, #88]	@ (10001358 <pll_init+0x104>)
100012fe:	4a12      	ldr	r2, [pc, #72]	@ (10001348 <pll_init+0xf4>)
10001300:	2123      	movs	r1, #35	@ 0x23
10001302:	4812      	ldr	r0, [pc, #72]	@ (1000134c <pll_init+0xf8>)
10001304:	f001 fbfe 	bl	10002b04 <__assert_func>
10001308:	6803      	ldr	r3, [r0, #0]
1000130a:	f003 033f 	and.w	r3, r3, #63	@ 0x3f
1000130e:	428b      	cmp	r3, r1
10001310:	d1c4      	bne.n	1000129c <pll_init+0x48>
10001312:	6883      	ldr	r3, [r0, #8]
10001314:	f3c3 030b 	ubfx	r3, r3, #0, #12
10001318:	42ab      	cmp	r3, r5
1000131a:	d1bf      	bne.n	1000129c <pll_init+0x48>
1000131c:	68c3      	ldr	r3, [r0, #12]
1000131e:	f403 23ee 	and.w	r3, r3, #487424	@ 0x77000
10001322:	42a3      	cmp	r3, r4
10001324:	d1ba      	bne.n	1000129c <pll_init+0x48>
10001326:	e7d6      	b.n	100012d6 <pll_init+0x82>
10001328:	230f      	movs	r3, #15
1000132a:	e7bb      	b.n	100012a4 <pll_init+0x50>
1000132c:	00b71b00 	.word	0x00b71b00
10001330:	d34be880 	.word	0xd34be880
10001334:	32a9f880 	.word	0x32a9f880
10001338:	40058000 	.word	0x40058000
1000133c:	40022000 	.word	0x40022000
10001340:	40020000 	.word	0x40020000
10001344:	100035fc 	.word	0x100035fc
10001348:	10003878 	.word	0x10003878
1000134c:	1000364c 	.word	0x1000364c
10001350:	10003684 	.word	0x10003684
10001354:	100036a0 	.word	0x100036a0
10001358:	100036ec 	.word	0x100036ec

1000135c <tick_start>:
1000135c:	4a05      	ldr	r2, [pc, #20]	@ (10001374 <tick_start+0x18>)
1000135e:	eb00 0340 	add.w	r3, r0, r0, lsl #1
10001362:	eb02 0383 	add.w	r3, r2, r3, lsl #2
10001366:	6059      	str	r1, [r3, #4]
10001368:	eb00 0040 	add.w	r0, r0, r0, lsl #1
1000136c:	0080      	lsls	r0, r0, #2
1000136e:	2301      	movs	r3, #1
10001370:	5013      	str	r3, [r2, r0]
10001372:	4770      	bx	lr
10001374:	40108000 	.word	0x40108000

10001378 <rom_func_lookup>:
10001378:	b508      	push	{r3, lr}
1000137a:	2300      	movs	r3, #0
1000137c:	8adb      	ldrh	r3, [r3, #22]
1000137e:	2200      	movs	r2, #0
10001380:	e842 f200 	tt	r2, r2
10001384:	f412 0f80 	tst.w	r2, #4194304	@ 0x400000
10001388:	d102      	bne.n	10001390 <rom_func_lookup+0x18>
1000138a:	2110      	movs	r1, #16
1000138c:	4798      	blx	r3
1000138e:	bd08      	pop	{r3, pc}
10001390:	2104      	movs	r1, #4
10001392:	4798      	blx	r3
10001394:	e7fb      	b.n	1000138e <rom_func_lookup+0x16>
	...

10001398 <runtime_init_bootrom_locking_enable>:
10001398:	4b03      	ldr	r3, [pc, #12]	@ (100013a8 <runtime_init_bootrom_locking_enable+0x10>)
1000139a:	f8d3 3828 	ldr.w	r3, [r3, #2088]	@ 0x828
1000139e:	2b00      	cmp	r3, #0
100013a0:	d0fa      	beq.n	10001398 <runtime_init_bootrom_locking_enable>
100013a2:	f3bf 8f5f 	dmb	sy
100013a6:	4770      	bx	lr
100013a8:	400e0000 	.word	0x400e0000

100013ac <boot_locks_reset>:
100013ac:	2200      	movs	r2, #0
100013ae:	e007      	b.n	100013c0 <boot_locks_reset+0x14>
100013b0:	4b05      	ldr	r3, [pc, #20]	@ (100013c8 <boot_locks_reset+0x1c>)
100013b2:	4413      	add	r3, r2
100013b4:	009b      	lsls	r3, r3, #2
100013b6:	f3bf 8f5f 	dmb	sy
100013ba:	2100      	movs	r1, #0
100013bc:	6019      	str	r1, [r3, #0]
100013be:	3201      	adds	r2, #1
100013c0:	2a07      	cmp	r2, #7
100013c2:	d9f5      	bls.n	100013b0 <boot_locks_reset+0x4>
100013c4:	4770      	bx	lr
100013c6:	bf00      	nop
100013c8:	10038203 	.word	0x10038203

100013cc <runtime_init_boot_locks_reset>:
100013cc:	b508      	push	{r3, lr}
100013ce:	f7ff ffed 	bl	100013ac <boot_locks_reset>
100013d2:	bd08      	pop	{r3, pc}

100013d4 <xosc_init>:
100013d4:	4b07      	ldr	r3, [pc, #28]	@ (100013f4 <xosc_init+0x20>)
100013d6:	f44f 622a 	mov.w	r2, #2720	@ 0xaa0
100013da:	601a      	str	r2, [r3, #0]
100013dc:	f44f 728d 	mov.w	r2, #282	@ 0x11a
100013e0:	60da      	str	r2, [r3, #12]
100013e2:	f503 5300 	add.w	r3, r3, #8192	@ 0x2000
100013e6:	4a04      	ldr	r2, [pc, #16]	@ (100013f8 <xosc_init+0x24>)
100013e8:	601a      	str	r2, [r3, #0]
100013ea:	4b02      	ldr	r3, [pc, #8]	@ (100013f4 <xosc_init+0x20>)
100013ec:	685b      	ldr	r3, [r3, #4]
100013ee:	2b00      	cmp	r3, #0
100013f0:	dafb      	bge.n	100013ea <xosc_init+0x16>
100013f2:	4770      	bx	lr
100013f4:	40048000 	.word	0x40048000
100013f8:	00fab000 	.word	0x00fab000

100013fc <runtime_run_initializers_from>:
100013fc:	b510      	push	{r4, lr}
100013fe:	4604      	mov	r4, r0
10001400:	e002      	b.n	10001408 <runtime_run_initializers_from+0xc>
10001402:	f854 3b04 	ldr.w	r3, [r4], #4
10001406:	4798      	blx	r3
10001408:	4b01      	ldr	r3, [pc, #4]	@ (10001410 <runtime_run_initializers_from+0x14>)
1000140a:	429c      	cmp	r4, r3
1000140c:	d3f9      	bcc.n	10001402 <runtime_run_initializers_from+0x6>
1000140e:	bd10      	pop	{r4, pc}
10001410:	10003370 	.word	0x10003370

10001414 <first_per_core_initializer>:
10001414:	4770      	bx	lr
	...

10001418 <runtime_run_initializers>:
10001418:	b508      	push	{r3, lr}
1000141a:	4802      	ldr	r0, [pc, #8]	@ (10001424 <runtime_run_initializers+0xc>)
1000141c:	f7ff ffee 	bl	100013fc <runtime_run_initializers_from>
10001420:	bd08      	pop	{r3, pc}
10001422:	bf00      	nop
10001424:	10003330 	.word	0x10003330

10001428 <runtime_init_early_resets>:
10001428:	4b06      	ldr	r3, [pc, #24]	@ (10001444 <runtime_init_early_resets+0x1c>)
1000142a:	4a07      	ldr	r2, [pc, #28]	@ (10001448 <runtime_init_early_resets+0x20>)
1000142c:	601a      	str	r2, [r3, #0]
1000142e:	f503 5380 	add.w	r3, r3, #4096	@ 0x1000
10001432:	4a06      	ldr	r2, [pc, #24]	@ (1000144c <runtime_init_early_resets+0x24>)
10001434:	601a      	str	r2, [r3, #0]
10001436:	4b06      	ldr	r3, [pc, #24]	@ (10001450 <runtime_init_early_resets+0x28>)
10001438:	689a      	ldr	r2, [r3, #8]
1000143a:	4b04      	ldr	r3, [pc, #16]	@ (1000144c <runtime_init_early_resets+0x24>)
1000143c:	4393      	bics	r3, r2
1000143e:	d1fa      	bne.n	10001436 <runtime_init_early_resets+0xe>
10001440:	4770      	bx	lr
10001442:	bf00      	nop
10001444:	40022000 	.word	0x40022000
10001448:	efef3b7f 	.word	0xefef3b7f
1000144c:	03f3fff6 	.word	0x03f3fff6
10001450:	40020000 	.word	0x40020000

10001454 <runtime_init_usb_power_down>:
10001454:	4b05      	ldr	r3, [pc, #20]	@ (1000146c <runtime_init_usb_power_down+0x18>)
10001456:	6cdb      	ldr	r3, [r3, #76]	@ 0x4c
10001458:	f5b3 4f00 	cmp.w	r3, #32768	@ 0x8000
1000145c:	d000      	beq.n	10001460 <runtime_init_usb_power_down+0xc>
1000145e:	4770      	bx	lr
10001460:	4b03      	ldr	r3, [pc, #12]	@ (10001470 <runtime_init_usb_power_down+0x1c>)
10001462:	f44f 2280 	mov.w	r2, #262144	@ 0x40000
10001466:	64da      	str	r2, [r3, #76]	@ 0x4c
10001468:	e7f9      	b.n	1000145e <runtime_init_usb_power_down+0xa>
1000146a:	bf00      	nop
1000146c:	50110000 	.word	0x50110000
10001470:	50112000 	.word	0x50112000

10001474 <runtime_init_per_core_enable_coprocessors>:
10001474:	f04f 22e0 	mov.w	r2, #3758153728	@ 0xe000e000
10001478:	f8d2 1d88 	ldr.w	r1, [r2, #3464]	@ 0xd88
1000147c:	4b03      	ldr	r3, [pc, #12]	@ (1000148c <runtime_init_per_core_enable_coprocessors+0x18>)
1000147e:	430b      	orrs	r3, r1
10001480:	f8c2 3d88 	str.w	r3, [r2, #3464]	@ 0xd88
10001484:	ee10 0430 	dcp_rcmp r0
10001488:	4770      	bx	lr
1000148a:	bf00      	nop
1000148c:	00300303 	.word	0x00300303

10001490 <runtime_init_post_clock_resets>:
10001490:	4b05      	ldr	r3, [pc, #20]	@ (100014a8 <runtime_init_post_clock_resets+0x18>)
10001492:	f06f 4260 	mvn.w	r2, #3758096384	@ 0xe0000000
10001496:	601a      	str	r2, [r3, #0]
10001498:	4b04      	ldr	r3, [pc, #16]	@ (100014ac <runtime_init_post_clock_resets+0x1c>)
1000149a:	689b      	ldr	r3, [r3, #8]
1000149c:	43db      	mvns	r3, r3
1000149e:	f033 4360 	bics.w	r3, r3, #3758096384	@ 0xe0000000
100014a2:	d1f9      	bne.n	10001498 <runtime_init_post_clock_resets+0x8>
100014a4:	4770      	bx	lr
100014a6:	bf00      	nop
100014a8:	40023000 	.word	0x40023000
100014ac:	40020000 	.word	0x40020000

100014b0 <runtime_init_bootrom_reset>:
100014b0:	b508      	push	{r3, lr}
100014b2:	f245 2053 	movw	r0, #21075	@ 0x5253
100014b6:	f7ff ff5f 	bl	10001378 <rom_func_lookup>
100014ba:	4603      	mov	r3, r0
100014bc:	2004      	movs	r0, #4
100014be:	4798      	blx	r3
100014c0:	bd08      	pop	{r3, pc}

100014c2 <runtime_init_per_core_bootrom_reset>:
100014c2:	b508      	push	{r3, lr}
100014c4:	f245 2053 	movw	r0, #21075	@ 0x5253
100014c8:	f7ff ff56 	bl	10001378 <rom_func_lookup>
100014cc:	4603      	mov	r3, r0
100014ce:	2001      	movs	r0, #1
100014d0:	4798      	blx	r3
100014d2:	bd08      	pop	{r3, pc}

100014d4 <runtime_init_spin_locks_reset>:
100014d4:	b508      	push	{r3, lr}
100014d6:	f7ff f863 	bl	100005a0 <spin_locks_reset>
100014da:	bd08      	pop	{r3, pc}

100014dc <runtime_init_install_ram_vector_table>:
100014dc:	b510      	push	{r4, lr}
100014de:	490c      	ldr	r1, [pc, #48]	@ (10001510 <runtime_init_install_ram_vector_table+0x34>)
100014e0:	4a0c      	ldr	r2, [pc, #48]	@ (10001514 <runtime_init_install_ram_vector_table+0x38>)
100014e2:	1a52      	subs	r2, r2, r1
100014e4:	1092      	asrs	r2, r2, #2
100014e6:	4614      	mov	r4, r2
100014e8:	2a44      	cmp	r2, #68	@ 0x44
100014ea:	bf28      	it	cs
100014ec:	2244      	movcs	r2, #68	@ 0x44
100014ee:	0092      	lsls	r2, r2, #2
100014f0:	4809      	ldr	r0, [pc, #36]	@ (10001518 <runtime_init_install_ram_vector_table+0x3c>)
100014f2:	f001 fe11 	bl	10003118 <memcpy>
100014f6:	e004      	b.n	10001502 <runtime_init_install_ram_vector_table+0x26>
100014f8:	4a08      	ldr	r2, [pc, #32]	@ (1000151c <runtime_init_install_ram_vector_table+0x40>)
100014fa:	4b07      	ldr	r3, [pc, #28]	@ (10001518 <runtime_init_install_ram_vector_table+0x3c>)
100014fc:	f843 2024 	str.w	r2, [r3, r4, lsl #2]
10001500:	3401      	adds	r4, #1
10001502:	2c43      	cmp	r4, #67	@ 0x43
10001504:	d9f8      	bls.n	100014f8 <runtime_init_install_ram_vector_table+0x1c>
10001506:	4a04      	ldr	r2, [pc, #16]	@ (10001518 <runtime_init_install_ram_vector_table+0x3c>)
10001508:	4b05      	ldr	r3, [pc, #20]	@ (10001520 <runtime_init_install_ram_vector_table+0x44>)
1000150a:	609a      	str	r2, [r3, #8]
1000150c:	bd10      	pop	{r4, pc}
1000150e:	bf00      	nop
10001510:	10000000 	.word	0x10000000
10001514:	10000110 	.word	0x10000110
10001518:	20000000 	.word	0x20000000
1000151c:	10000111 	.word	0x10000111
10001520:	e000ed00 	.word	0xe000ed00

10001524 <start_all_ticks>:
10001524:	b538      	push	{r3, r4, r5, lr}
10001526:	2004      	movs	r0, #4
10001528:	f7ff fe8e 	bl	10001248 <clock_get_hz>
1000152c:	4b06      	ldr	r3, [pc, #24]	@ (10001548 <start_all_ticks+0x24>)
1000152e:	fba3 3500 	umull	r3, r5, r3, r0
10001532:	0cad      	lsrs	r5, r5, #18
10001534:	2400      	movs	r4, #0
10001536:	e004      	b.n	10001542 <start_all_ticks+0x1e>
10001538:	4629      	mov	r1, r5
1000153a:	b2e0      	uxtb	r0, r4
1000153c:	f7ff ff0e 	bl	1000135c <tick_start>
10001540:	3401      	adds	r4, #1
10001542:	2c05      	cmp	r4, #5
10001544:	ddf8      	ble.n	10001538 <start_all_ticks+0x14>
10001546:	bd38      	pop	{r3, r4, r5, pc}
10001548:	431bde83 	.word	0x431bde83

1000154c <runtime_init_clocks>:
1000154c:	b530      	push	{r4, r5, lr}
1000154e:	b083      	sub	sp, #12
10001550:	4b26      	ldr	r3, [pc, #152]	@ (100015ec <runtime_init_clocks+0xa0>)
10001552:	2200      	movs	r2, #0
10001554:	f8c3 2084 	str.w	r2, [r3, #132]	@ 0x84
10001558:	f7ff ff3c 	bl	100013d4 <xosc_init>
1000155c:	4b24      	ldr	r3, [pc, #144]	@ (100015f0 <runtime_init_clocks+0xa4>)
1000155e:	2201      	movs	r2, #1
10001560:	63da      	str	r2, [r3, #60]	@ 0x3c
10001562:	4b22      	ldr	r3, [pc, #136]	@ (100015ec <runtime_init_clocks+0xa0>)
10001564:	6c5b      	ldr	r3, [r3, #68]	@ 0x44
10001566:	2b01      	cmp	r3, #1
10001568:	d1fb      	bne.n	10001562 <runtime_init_clocks+0x16>
1000156a:	4b21      	ldr	r3, [pc, #132]	@ (100015f0 <runtime_init_clocks+0xa4>)
1000156c:	2203      	movs	r2, #3
1000156e:	631a      	str	r2, [r3, #48]	@ 0x30
10001570:	4b1e      	ldr	r3, [pc, #120]	@ (100015ec <runtime_init_clocks+0xa0>)
10001572:	6b9b      	ldr	r3, [r3, #56]	@ 0x38
10001574:	2b01      	cmp	r3, #1
10001576:	d1fb      	bne.n	10001570 <runtime_init_clocks+0x24>
10001578:	2402      	movs	r4, #2
1000157a:	9400      	str	r4, [sp, #0]
1000157c:	2305      	movs	r3, #5
1000157e:	4a1d      	ldr	r2, [pc, #116]	@ (100015f4 <runtime_init_clocks+0xa8>)
10001580:	2101      	movs	r1, #1
10001582:	481d      	ldr	r0, [pc, #116]	@ (100015f8 <runtime_init_clocks+0xac>)
10001584:	f7ff fe66 	bl	10001254 <pll_init>
10001588:	2505      	movs	r5, #5
1000158a:	9500      	str	r5, [sp, #0]
1000158c:	462b      	mov	r3, r5
1000158e:	4a1b      	ldr	r2, [pc, #108]	@ (100015fc <runtime_init_clocks+0xb0>)
10001590:	2101      	movs	r1, #1
10001592:	481b      	ldr	r0, [pc, #108]	@ (10001600 <runtime_init_clocks+0xb4>)
10001594:	f7ff fe5e 	bl	10001254 <pll_init>
10001598:	4b1a      	ldr	r3, [pc, #104]	@ (10001604 <runtime_init_clocks+0xb8>)
1000159a:	2200      	movs	r2, #0
1000159c:	4621      	mov	r1, r4
1000159e:	2004      	movs	r0, #4
100015a0:	f7ff fe48 	bl	10001234 <clock_configure_undivided>
100015a4:	4c18      	ldr	r4, [pc, #96]	@ (10001608 <runtime_init_clocks+0xbc>)
100015a6:	4623      	mov	r3, r4
100015a8:	2200      	movs	r2, #0
100015aa:	2101      	movs	r1, #1
100015ac:	4628      	mov	r0, r5
100015ae:	f7ff fe41 	bl	10001234 <clock_configure_undivided>
100015b2:	4d16      	ldr	r5, [pc, #88]	@ (1000160c <runtime_init_clocks+0xc0>)
100015b4:	462b      	mov	r3, r5
100015b6:	2200      	movs	r2, #0
100015b8:	4611      	mov	r1, r2
100015ba:	2008      	movs	r0, #8
100015bc:	f7ff fe3a 	bl	10001234 <clock_configure_undivided>
100015c0:	462b      	mov	r3, r5
100015c2:	2200      	movs	r2, #0
100015c4:	4611      	mov	r1, r2
100015c6:	2009      	movs	r0, #9
100015c8:	f7ff fe34 	bl	10001234 <clock_configure_undivided>
100015cc:	4623      	mov	r3, r4
100015ce:	2200      	movs	r2, #0
100015d0:	4611      	mov	r1, r2
100015d2:	2006      	movs	r0, #6
100015d4:	f7ff fe2e 	bl	10001234 <clock_configure_undivided>
100015d8:	4623      	mov	r3, r4
100015da:	2200      	movs	r2, #0
100015dc:	4611      	mov	r1, r2
100015de:	2007      	movs	r0, #7
100015e0:	f7ff fe28 	bl	10001234 <clock_configure_undivided>
100015e4:	f7ff ff9e 	bl	10001524 <start_all_ticks>
100015e8:	b003      	add	sp, #12
100015ea:	bd30      	pop	{r4, r5, pc}
100015ec:	40010000 	.word	0x40010000
100015f0:	40013000 	.word	0x40013000
100015f4:	59682f00 	.word	0x59682f00
100015f8:	40050000 	.word	0x40050000
100015fc:	47868c00 	.word	0x47868c00
10001600:	40058000 	.word	0x40058000
10001604:	00b71b00 	.word	0x00b71b00
10001608:	08f0d180 	.word	0x08f0d180
1000160c:	02dc6c00 	.word	0x02dc6c00

10001610 <generic_save_state>:
10001610:	b086      	sub	sp, #24
10001612:	b403      	push	{r0, r1}
10001614:	fc51 0408 	dcp_pxmd r0, r1
10001618:	e9cd 0102 	strd	r0, r1, [sp, #8]
1000161c:	fc51 0409 	dcp_pymd r0, r1
10001620:	e9cd 0104 	strd	r0, r1, [sp, #16]
10001624:	ec51 040a 	dcp_refd r0, r1
10001628:	e9cd 0106 	strd	r0, r1, [sp, #24]
1000162c:	bc03      	pop	{r0, r1}
1000162e:	47f0      	blx	lr

10001630 <generic_restore_state>:
10001630:	e8bd 5000 	ldmia.w	sp!, {ip, lr}
10001634:	ec4e c400 	dcp_wxmd ip, lr
10001638:	e8bd 5000 	ldmia.w	sp!, {ip, lr}
1000163c:	ec4e c401 	dcp_wymd ip, lr
10001640:	e8bd 5000 	ldmia.w	sp!, {ip, lr}
10001644:	ec4e c402 	dcp_wefd ip, lr
10001648:	bd00      	pop	{pc}
1000164a:	0000      	movs	r0, r0
1000164c:	b500      	push	{lr}
1000164e:	f7ff ffdf 	bl	10001610 <generic_save_state>
10001652:	e002      	b.n	1000165a <__wrap___aeabi_dadd+0x6>

10001654 <__wrap___aeabi_dadd>:
10001654:	fe10 f430 	dcp_pcmp APSR_nzcv
10001658:	d4f8      	bmi.n	1000164c <generic_restore_state+0x1c>
1000165a:	ec41 0410 	dcp_wxup r0, r1
1000165e:	ec43 2411 	dcp_wyup r2, r3
10001662:	ee00 0401 	dcp_add0
10001666:	ee10 0401 	dcp_add1
1000166a:	ee80 0420 	dcp_nrdd
1000166e:	ec51 0410 	dcp_rdda r0, r1
10001672:	4770      	bx	lr
10001674:	b500      	push	{lr}
10001676:	f7ff ffcb 	bl	10001610 <generic_save_state>
1000167a:	e002      	b.n	10001682 <__wrap___aeabi_dsub+0x6>

1000167c <__wrap___aeabi_dsub>:
1000167c:	fe10 f430 	dcp_pcmp APSR_nzcv
10001680:	d4f8      	bmi.n	10001674 <__wrap___aeabi_dadd+0x20>
10001682:	ec41 0410 	dcp_wxup r0, r1
10001686:	ec43 2411 	dcp_wyup r2, r3
1000168a:	ee00 0401 	dcp_add0
1000168e:	ee10 0421 	dcp_sub1
10001692:	ee80 0420 	dcp_nrdd
10001696:	ec51 0430 	dcp_rdds r0, r1
1000169a:	4770      	bx	lr
1000169c:	b500      	push	{lr}
1000169e:	f7ff ffb7 	bl	10001610 <generic_save_state>
100016a2:	e002      	b.n	100016aa <__wrap___aeabi_dmul+0x6>

100016a4 <__wrap___aeabi_dmul>:
100016a4:	fe10 f430 	dcp_pcmp APSR_nzcv
100016a8:	d4f8      	bmi.n	1000169c <__wrap___aeabi_dsub+0x20>
100016aa:	b510      	push	{r4, lr}
100016ac:	ec41 0410 	dcp_wxup r0, r1
100016b0:	ec43 2411 	dcp_wyup r2, r3
100016b4:	ec51 0404 	dcp_rxms r0, r1, #0x0
100016b8:	ec53 2405 	dcp_ryms r2, r3, #0x0
100016bc:	fba0 4c02 	umull	r4, ip, r0, r2
100016c0:	f05f 0e00 	movs.w	lr, #0
100016c4:	fbe0 ce03 	umlal	ip, lr, r0, r3
100016c8:	fbe1 ce02 	umlal	ip, lr, r1, r2
100016cc:	ec4c 4420 	dcp_wxms r4, ip
100016d0:	2400      	movs	r4, #0
100016d2:	fbe1 e403 	umlal	lr, r4, r1, r3
100016d6:	ec44 e430 	dcp_wxmo lr, r4
100016da:	ee80 0420 	dcp_nrdd
100016de:	ec51 0450 	dcp_rddm r0, r1
100016e2:	e8bd 4010 	ldmia.w	sp!, {r4, lr}
100016e6:	4770      	bx	lr
100016e8:	b500      	push	{lr}
100016ea:	f7ff ff91 	bl	10001610 <generic_save_state>
100016ee:	e002      	b.n	100016f6 <__wrap___aeabi_ddiv+0x6>

100016f0 <__wrap___aeabi_ddiv>:
100016f0:	fe10 f430 	dcp_pcmp APSR_nzcv
100016f4:	d4f8      	bmi.n	100016e8 <__wrap___aeabi_dmul+0x44>
100016f6:	ec41 0410 	dcp_wxup r0, r1
100016fa:	ec43 2411 	dcp_wyup r2, r3
100016fe:	ec51 0421 	dcp_rymr r0, r1
10001702:	fba0 1201 	umull	r1, r2, r0, r1
10001706:	ea6f 0282 	mvn.w	r2, r2, lsl #2
1000170a:	fb52 0010 	smmlar	r0, r2, r0, r0
1000170e:	fb52 f212 	smmulr	r2, r2, r2
10001712:	fb52 0010 	smmlar	r0, r2, r0, r0
10001716:	eba0 7cd0 	sub.w	ip, r0, r0, lsr #31
1000171a:	ec53 2404 	dcp_rxms r2, r3, #0x0
1000171e:	fb5c f113 	smmulr	r1, ip, r3
10001722:	ec53 2415 	dcp_ryms r2, r3, #0x1
10001726:	fba1 2002 	umull	r2, r0, r1, r2
1000172a:	fb01 0003 	mla	r0, r1, r3, r0
1000172e:	ec53 2444 	dcp_rxms r2, r3, #0x4
10001732:	eba2 0000 	sub.w	r0, r2, r0
10001736:	fb50 f21c 	smmulr	r2, r0, ip
1000173a:	ea4f 1311 	mov.w	r3, r1, lsr #4
1000173e:	eb12 7001 	adds.w	r0, r2, r1, lsl #28
10001742:	eb43 71e2 	adc.w	r1, r3, r2, asr #31
10001746:	ea40 5051 	orr.w	r0, r0, r1, lsr #21
1000174a:	ea20 5091 	bic.w	r0, r0, r1, lsr #22
1000174e:	f020 0007 	bic.w	r0, r0, #7
10001752:	ec53 2475 	dcp_ryms r2, r3, #0x7
10001756:	fba0 3c02 	umull	r3, ip, r0, r2
1000175a:	ec53 2475 	dcp_ryms r2, r3, #0x7
1000175e:	fb00 cc03 	mla	ip, r0, r3, ip
10001762:	fb01 cc02 	mla	ip, r1, r2, ip
10001766:	ec53 2404 	dcp_rxms r2, r3, #0x0
1000176a:	ebac 4c82 	sub.w	ip, ip, r2, lsl #18
1000176e:	ea40 705c 	orr.w	r0, r0, ip, lsr #29
10001772:	f1a0 0001 	sub.w	r0, r0, #1
10001776:	ec41 0440 	dcp_wxdd r0, r1
1000177a:	ee80 0420 	dcp_nrdd
1000177e:	ec51 0470 	dcp_rddd r0, r1
10001782:	4770      	bx	lr
10001784:	b500      	push	{lr}
10001786:	f7ff ff43 	bl	10001610 <generic_save_state>
1000178a:	e002      	b.n	10001792 <__wrap___aeabi_i2d+0x6>

1000178c <__wrap___aeabi_i2d>:
1000178c:	fe10 f430 	dcp_pcmp APSR_nzcv
10001790:	d4f8      	bmi.n	10001784 <__wrap___aeabi_ddiv+0x94>
10001792:	ec40 0470 	dcp_wxic r0, r0
10001796:	ee00 0401 	dcp_add0
1000179a:	ee10 0421 	dcp_sub1
1000179e:	ee80 0420 	dcp_nrdd
100017a2:	ec51 0430 	dcp_rdds r0, r1
100017a6:	4770      	bx	lr
100017a8:	b500      	push	{lr}
100017aa:	f7ff ff31 	bl	10001610 <generic_save_state>
100017ae:	e002      	b.n	100017b6 <__wrap___aeabi_ui2d+0x6>

100017b0 <__wrap___aeabi_ui2d>:
100017b0:	fe10 f430 	dcp_pcmp APSR_nzcv
100017b4:	d4f8      	bmi.n	100017a8 <__wrap___aeabi_i2d+0x1c>
100017b6:	ec40 0460 	dcp_wxuc r0, r0
100017ba:	ee00 0401 	dcp_add0
100017be:	ee10 0421 	dcp_sub1
100017c2:	ee80 0420 	dcp_nrdd
100017c6:	ec51 0430 	dcp_rdds r0, r1
100017ca:	4770      	bx	lr
100017cc:	b500      	push	{lr}
100017ce:	f7ff ff1f 	bl	10001610 <generic_save_state>
100017d2:	e002      	b.n	100017da <double2int_z_entry>

100017d4 <__wrap___aeabi_d2iz>:
100017d4:	fe10 f430 	dcp_pcmp APSR_nzcv
100017d8:	d4f8      	bmi.n	100017cc <__wrap___aeabi_ui2d+0x1c>

100017da <double2int_z_entry>:
100017da:	ec41 0480 	dcp_wxdc r0, r1
100017de:	ee00 0401 	dcp_add0
100017e2:	ee10 0401 	dcp_add1
100017e6:	ee80 0440 	dcp_ntdc
100017ea:	ee10 0413 	dcp_rdic r0
100017ee:	4770      	bx	lr
100017f0:	b500      	push	{lr}
100017f2:	f7ff ff0d 	bl	10001610 <generic_save_state>
100017f6:	e002      	b.n	100017fe <double2uint_z_entry>

100017f8 <__wrap___aeabi_d2uiz>:
100017f8:	fe10 f430 	dcp_pcmp APSR_nzcv
100017fc:	d4f8      	bmi.n	100017f0 <double2int_z_entry+0x16>

100017fe <double2uint_z_entry>:
100017fe:	ec41 0480 	dcp_wxdc r0, r1
10001802:	ee00 0401 	dcp_add0
10001806:	ee10 0401 	dcp_add1
1000180a:	ee80 0440 	dcp_ntdc
1000180e:	ee10 0433 	dcp_rduc r0
10001812:	4770      	bx	lr
10001814:	b500      	push	{lr}
10001816:	f7ff fefb 	bl	10001610 <generic_save_state>
1000181a:	e002      	b.n	10001822 <__wrap___aeabi_dcmpun+0x6>

1000181c <__wrap___aeabi_dcmpun>:
1000181c:	fe10 f430 	dcp_pcmp APSR_nzcv
10001820:	d4f8      	bmi.n	10001814 <double2uint_z_entry+0x16>
10001822:	ec41 0410 	dcp_wxup r0, r1
10001826:	ec43 2411 	dcp_wyup r2, r3
1000182a:	ee00 0401 	dcp_add0
1000182e:	ee10 0430 	dcp_rcmp r0
10001832:	f3c0 7000 	ubfx	r0, r0, #28, #1
10001836:	4770      	bx	lr
10001838:	b500      	push	{lr}
1000183a:	f7ff fee9 	bl	10001610 <generic_save_state>
1000183e:	e002      	b.n	10001846 <__wrap___aeabi_dcmplt+0x6>

10001840 <__wrap___aeabi_dcmplt>:
10001840:	fe10 f430 	dcp_pcmp APSR_nzcv
10001844:	d4f8      	bmi.n	10001838 <__wrap___aeabi_dcmpun+0x1c>
10001846:	ec43 2410 	dcp_wxup r2, r3
1000184a:	ec41 0411 	dcp_wyup r0, r1
1000184e:	ee00 0401 	dcp_add0
10001852:	ee10 f430 	dcp_rcmp APSR_nzcv
10001856:	bf8c      	ite	hi
10001858:	2001      	movhi	r0, #1
1000185a:	2000      	movls	r0, #0
1000185c:	4770      	bx	lr
1000185e:	bf00      	nop
10001860:	b500      	push	{lr}
10001862:	f7ff fed5 	bl	10001610 <generic_save_state>
10001866:	e002      	b.n	1000186e <__wrap___aeabi_dcmple+0x6>

10001868 <__wrap___aeabi_dcmple>:
10001868:	fe10 f430 	dcp_pcmp APSR_nzcv
1000186c:	d4f8      	bmi.n	10001860 <__wrap___aeabi_dcmplt+0x20>
1000186e:	ec43 2410 	dcp_wxup r2, r3
10001872:	ec41 0411 	dcp_wyup r0, r1
10001876:	ee00 0401 	dcp_add0
1000187a:	ee10 f430 	dcp_rcmp APSR_nzcv
1000187e:	bf2c      	ite	cs
10001880:	2001      	movcs	r0, #1
10001882:	2000      	movcc	r0, #0
10001884:	4770      	bx	lr
10001886:	bf00      	nop
10001888:	b500      	push	{lr}
1000188a:	f7ff fec1 	bl	10001610 <generic_save_state>
1000188e:	e002      	b.n	10001896 <__wrap___aeabi_dcmpge+0x6>

10001890 <__wrap___aeabi_dcmpge>:
10001890:	fe10 f430 	dcp_pcmp APSR_nzcv
10001894:	d4f8      	bmi.n	10001888 <__wrap___aeabi_dcmple+0x20>
10001896:	ec41 0410 	dcp_wxup r0, r1
1000189a:	ec43 2411 	dcp_wyup r2, r3
1000189e:	ee00 0401 	dcp_add0
100018a2:	ee10 f430 	dcp_rcmp APSR_nzcv
100018a6:	bf2c      	ite	cs
100018a8:	2001      	movcs	r0, #1
100018aa:	2000      	movcc	r0, #0
100018ac:	4770      	bx	lr
100018ae:	bf00      	nop
100018b0:	b500      	push	{lr}
100018b2:	f7ff fead 	bl	10001610 <generic_save_state>
100018b6:	e002      	b.n	100018be <__wrap___aeabi_dcmpgt+0x6>

100018b8 <__wrap___aeabi_dcmpgt>:
100018b8:	fe10 f430 	dcp_pcmp APSR_nzcv
100018bc:	d4f8      	bmi.n	100018b0 <__wrap___aeabi_dcmpge+0x20>
100018be:	ec41 0410 	dcp_wxup r0, r1
100018c2:	ec43 2411 	dcp_wyup r2, r3
100018c6:	ee00 0401 	dcp_add0
100018ca:	ee10 f430 	dcp_rcmp APSR_nzcv
100018ce:	bf8c      	ite	hi
100018d0:	2001      	movhi	r0, #1
100018d2:	2000      	movls	r0, #0
100018d4:	4770      	bx	lr
100018d6:	bf00      	nop

100018d8 <_out_buffer>:
100018d8:	429a      	cmp	r2, r3
100018da:	d200      	bcs.n	100018de <_out_buffer+0x6>
100018dc:	5488      	strb	r0, [r1, r2]
100018de:	4770      	bx	lr

100018e0 <_out_null>:
100018e0:	4770      	bx	lr

100018e2 <_out_fct>:
100018e2:	b120      	cbz	r0, 100018ee <_out_fct+0xc>
100018e4:	b508      	push	{r3, lr}
100018e6:	680a      	ldr	r2, [r1, #0]
100018e8:	6849      	ldr	r1, [r1, #4]
100018ea:	4790      	blx	r2
100018ec:	bd08      	pop	{r3, pc}
100018ee:	4770      	bx	lr

100018f0 <_atoi>:
100018f0:	4601      	mov	r1, r0
100018f2:	2000      	movs	r0, #0
100018f4:	e008      	b.n	10001908 <_atoi+0x18>
100018f6:	eb00 0080 	add.w	r0, r0, r0, lsl #2
100018fa:	1c53      	adds	r3, r2, #1
100018fc:	600b      	str	r3, [r1, #0]
100018fe:	7813      	ldrb	r3, [r2, #0]
10001900:	eb03 0340 	add.w	r3, r3, r0, lsl #1
10001904:	f1a3 0030 	sub.w	r0, r3, #48	@ 0x30
10001908:	680a      	ldr	r2, [r1, #0]
1000190a:	7813      	ldrb	r3, [r2, #0]
1000190c:	3b30      	subs	r3, #48	@ 0x30
1000190e:	b2db      	uxtb	r3, r3
10001910:	2b09      	cmp	r3, #9
10001912:	d9f0      	bls.n	100018f6 <_atoi+0x6>
10001914:	4770      	bx	lr

10001916 <_out_rev>:
10001916:	e92d 4ff0 	stmdb	sp!, {r4, r5, r6, r7, r8, r9, sl, fp, lr}
1000191a:	b083      	sub	sp, #12
1000191c:	4605      	mov	r5, r0
1000191e:	460e      	mov	r6, r1
10001920:	4693      	mov	fp, r2
10001922:	461f      	mov	r7, r3
10001924:	f8dd a030 	ldr.w	sl, [sp, #48]	@ 0x30
10001928:	9c0d      	ldr	r4, [sp, #52]	@ 0x34
1000192a:	f8dd 9038 	ldr.w	r9, [sp, #56]	@ 0x38
1000192e:	9b0f      	ldr	r3, [sp, #60]	@ 0x3c
10001930:	f013 0f03 	tst.w	r3, #3
10001934:	d119      	bne.n	1000196a <_out_rev+0x54>
10001936:	46a0      	mov	r8, r4
10001938:	9201      	str	r2, [sp, #4]
1000193a:	45c8      	cmp	r8, r9
1000193c:	d209      	bcs.n	10001952 <_out_rev+0x3c>
1000193e:	f102 0b01 	add.w	fp, r2, #1
10001942:	463b      	mov	r3, r7
10001944:	4631      	mov	r1, r6
10001946:	2020      	movs	r0, #32
10001948:	47a8      	blx	r5
1000194a:	f108 0801 	add.w	r8, r8, #1
1000194e:	465a      	mov	r2, fp
10001950:	e7f3      	b.n	1000193a <_out_rev+0x24>
10001952:	f8dd b004 	ldr.w	fp, [sp, #4]
10001956:	e008      	b.n	1000196a <_out_rev+0x54>
10001958:	3c01      	subs	r4, #1
1000195a:	f102 0801 	add.w	r8, r2, #1
1000195e:	463b      	mov	r3, r7
10001960:	4631      	mov	r1, r6
10001962:	f81a 0004 	ldrb.w	r0, [sl, r4]
10001966:	47a8      	blx	r5
10001968:	4642      	mov	r2, r8
1000196a:	2c00      	cmp	r4, #0
1000196c:	d1f4      	bne.n	10001958 <_out_rev+0x42>
1000196e:	9b0f      	ldr	r3, [sp, #60]	@ 0x3c
10001970:	f013 0f02 	tst.w	r3, #2
10001974:	d103      	bne.n	1000197e <_out_rev+0x68>
10001976:	4610      	mov	r0, r2
10001978:	b003      	add	sp, #12
1000197a:	e8bd 8ff0 	ldmia.w	sp!, {r4, r5, r6, r7, r8, r9, sl, fp, pc}
1000197e:	eba2 030b 	sub.w	r3, r2, fp
10001982:	454b      	cmp	r3, r9
10001984:	d2f7      	bcs.n	10001976 <_out_rev+0x60>
10001986:	1c54      	adds	r4, r2, #1
10001988:	463b      	mov	r3, r7
1000198a:	4631      	mov	r1, r6
1000198c:	2020      	movs	r0, #32
1000198e:	47a8      	blx	r5
10001990:	4622      	mov	r2, r4
10001992:	e7f4      	b.n	1000197e <_out_rev+0x68>

10001994 <_ntoa_format>:
10001994:	e92d 43f0 	stmdb	sp!, {r4, r5, r6, r7, r8, r9, lr}
10001998:	b085      	sub	sp, #20
1000199a:	4699      	mov	r9, r3
1000199c:	9d0c      	ldr	r5, [sp, #48]	@ 0x30
1000199e:	9c0d      	ldr	r4, [sp, #52]	@ 0x34
100019a0:	f89d 8038 	ldrb.w	r8, [sp, #56]	@ 0x38
100019a4:	f8dd e040 	ldr.w	lr, [sp, #64]	@ 0x40
100019a8:	9f11      	ldr	r7, [sp, #68]	@ 0x44
100019aa:	9e12      	ldr	r6, [sp, #72]	@ 0x48
100019ac:	f016 0f02 	tst.w	r6, #2
100019b0:	d121      	bne.n	100019f6 <_ntoa_format+0x62>
100019b2:	b17f      	cbz	r7, 100019d4 <_ntoa_format+0x40>
100019b4:	f016 0f01 	tst.w	r6, #1
100019b8:	d00c      	beq.n	100019d4 <_ntoa_format+0x40>
100019ba:	f1b8 0f00 	cmp.w	r8, #0
100019be:	d102      	bne.n	100019c6 <_ntoa_format+0x32>
100019c0:	f016 0f0c 	tst.w	r6, #12
100019c4:	d006      	beq.n	100019d4 <_ntoa_format+0x40>
100019c6:	3f01      	subs	r7, #1
100019c8:	e004      	b.n	100019d4 <_ntoa_format+0x40>
100019ca:	f04f 0c30 	mov.w	ip, #48	@ 0x30
100019ce:	f805 c004 	strb.w	ip, [r5, r4]
100019d2:	3401      	adds	r4, #1
100019d4:	4574      	cmp	r4, lr
100019d6:	d201      	bcs.n	100019dc <_ntoa_format+0x48>
100019d8:	2c1f      	cmp	r4, #31
100019da:	d9f6      	bls.n	100019ca <_ntoa_format+0x36>
100019dc:	f016 0f01 	tst.w	r6, #1
100019e0:	d009      	beq.n	100019f6 <_ntoa_format+0x62>
100019e2:	42bc      	cmp	r4, r7
100019e4:	d207      	bcs.n	100019f6 <_ntoa_format+0x62>
100019e6:	2c1f      	cmp	r4, #31
100019e8:	d805      	bhi.n	100019f6 <_ntoa_format+0x62>
100019ea:	f04f 0c30 	mov.w	ip, #48	@ 0x30
100019ee:	f805 c004 	strb.w	ip, [r5, r4]
100019f2:	3401      	adds	r4, #1
100019f4:	e7f2      	b.n	100019dc <_ntoa_format+0x48>
100019f6:	f016 0f10 	tst.w	r6, #16
100019fa:	d014      	beq.n	10001a26 <_ntoa_format+0x92>
100019fc:	f416 6f80 	tst.w	r6, #1024	@ 0x400
10001a00:	d104      	bne.n	10001a0c <_ntoa_format+0x78>
10001a02:	b11c      	cbz	r4, 10001a0c <_ntoa_format+0x78>
10001a04:	4574      	cmp	r4, lr
10001a06:	d022      	beq.n	10001a4e <_ntoa_format+0xba>
10001a08:	42bc      	cmp	r4, r7
10001a0a:	d020      	beq.n	10001a4e <_ntoa_format+0xba>
10001a0c:	9b0f      	ldr	r3, [sp, #60]	@ 0x3c
10001a0e:	2b10      	cmp	r3, #16
10001a10:	d036      	beq.n	10001a80 <_ntoa_format+0xec>
10001a12:	9b0f      	ldr	r3, [sp, #60]	@ 0x3c
10001a14:	2b02      	cmp	r3, #2
10001a16:	d03e      	beq.n	10001a96 <_ntoa_format+0x102>
10001a18:	2c1f      	cmp	r4, #31
10001a1a:	d80e      	bhi.n	10001a3a <_ntoa_format+0xa6>
10001a1c:	f04f 0c30 	mov.w	ip, #48	@ 0x30
10001a20:	f805 c004 	strb.w	ip, [r5, r4]
10001a24:	3401      	adds	r4, #1
10001a26:	2c1f      	cmp	r4, #31
10001a28:	d807      	bhi.n	10001a3a <_ntoa_format+0xa6>
10001a2a:	f1b8 0f00 	cmp.w	r8, #0
10001a2e:	d03a      	beq.n	10001aa6 <_ntoa_format+0x112>
10001a30:	f04f 0c2d 	mov.w	ip, #45	@ 0x2d
10001a34:	f805 c004 	strb.w	ip, [r5, r4]
10001a38:	3401      	adds	r4, #1
10001a3a:	9603      	str	r6, [sp, #12]
10001a3c:	9702      	str	r7, [sp, #8]
10001a3e:	9401      	str	r4, [sp, #4]
10001a40:	9500      	str	r5, [sp, #0]
10001a42:	464b      	mov	r3, r9
10001a44:	f7ff ff67 	bl	10001916 <_out_rev>
10001a48:	b005      	add	sp, #20
10001a4a:	e8bd 83f0 	ldmia.w	sp!, {r4, r5, r6, r7, r8, r9, pc}
10001a4e:	f1b4 0c01 	subs.w	ip, r4, #1
10001a52:	d013      	beq.n	10001a7c <_ntoa_format+0xe8>
10001a54:	9b0f      	ldr	r3, [sp, #60]	@ 0x3c
10001a56:	2b10      	cmp	r3, #16
10001a58:	d00e      	beq.n	10001a78 <_ntoa_format+0xe4>
10001a5a:	4664      	mov	r4, ip
10001a5c:	9b0f      	ldr	r3, [sp, #60]	@ 0x3c
10001a5e:	2b10      	cmp	r3, #16
10001a60:	d1d7      	bne.n	10001a12 <_ntoa_format+0x7e>
10001a62:	f016 0f20 	tst.w	r6, #32
10001a66:	d0d4      	beq.n	10001a12 <_ntoa_format+0x7e>
10001a68:	2c1f      	cmp	r4, #31
10001a6a:	d8d2      	bhi.n	10001a12 <_ntoa_format+0x7e>
10001a6c:	f04f 0c58 	mov.w	ip, #88	@ 0x58
10001a70:	f805 c004 	strb.w	ip, [r5, r4]
10001a74:	3401      	adds	r4, #1
10001a76:	e7cf      	b.n	10001a18 <_ntoa_format+0x84>
10001a78:	3c02      	subs	r4, #2
10001a7a:	e7c7      	b.n	10001a0c <_ntoa_format+0x78>
10001a7c:	4664      	mov	r4, ip
10001a7e:	e7c5      	b.n	10001a0c <_ntoa_format+0x78>
10001a80:	f016 0f20 	tst.w	r6, #32
10001a84:	d1ea      	bne.n	10001a5c <_ntoa_format+0xc8>
10001a86:	2c1f      	cmp	r4, #31
10001a88:	d8e8      	bhi.n	10001a5c <_ntoa_format+0xc8>
10001a8a:	f04f 0c78 	mov.w	ip, #120	@ 0x78
10001a8e:	f805 c004 	strb.w	ip, [r5, r4]
10001a92:	3401      	adds	r4, #1
10001a94:	e7c0      	b.n	10001a18 <_ntoa_format+0x84>
10001a96:	2c1f      	cmp	r4, #31
10001a98:	d8cf      	bhi.n	10001a3a <_ntoa_format+0xa6>
10001a9a:	f04f 0c62 	mov.w	ip, #98	@ 0x62
10001a9e:	f805 c004 	strb.w	ip, [r5, r4]
10001aa2:	3401      	adds	r4, #1
10001aa4:	e7b8      	b.n	10001a18 <_ntoa_format+0x84>
10001aa6:	f016 0f04 	tst.w	r6, #4
10001aaa:	d005      	beq.n	10001ab8 <_ntoa_format+0x124>
10001aac:	f04f 0c2b 	mov.w	ip, #43	@ 0x2b
10001ab0:	f805 c004 	strb.w	ip, [r5, r4]
10001ab4:	3401      	adds	r4, #1
10001ab6:	e7c0      	b.n	10001a3a <_ntoa_format+0xa6>
10001ab8:	f016 0f08 	tst.w	r6, #8
10001abc:	d0bd      	beq.n	10001a3a <_ntoa_format+0xa6>
10001abe:	f04f 0c20 	mov.w	ip, #32
10001ac2:	f805 c004 	strb.w	ip, [r5, r4]
10001ac6:	3401      	adds	r4, #1
10001ac8:	e7b7      	b.n	10001a3a <_ntoa_format+0xa6>

10001aca <_ntoa_long>:
10001aca:	b5f0      	push	{r4, r5, r6, r7, lr}
10001acc:	b091      	sub	sp, #68	@ 0x44
10001ace:	9c16      	ldr	r4, [sp, #88]	@ 0x58
10001ad0:	9d18      	ldr	r5, [sp, #96]	@ 0x60
10001ad2:	9e1b      	ldr	r6, [sp, #108]	@ 0x6c
10001ad4:	b90c      	cbnz	r4, 10001ada <_ntoa_long+0x10>
10001ad6:	f026 0610 	bic.w	r6, r6, #16
10001ada:	f416 6e80 	ands.w	lr, r6, #1024	@ 0x400
10001ade:	d016      	beq.n	10001b0e <_ntoa_long+0x44>
10001ae0:	b364      	cbz	r4, 10001b3c <_ntoa_long+0x72>
10001ae2:	f04f 0e00 	mov.w	lr, #0
10001ae6:	e012      	b.n	10001b0e <_ntoa_long+0x44>
10001ae8:	f10c 0c30 	add.w	ip, ip, #48	@ 0x30
10001aec:	fa5f fc8c 	uxtb.w	ip, ip
10001af0:	f10e 0701 	add.w	r7, lr, #1
10001af4:	f10e 0e40 	add.w	lr, lr, #64	@ 0x40
10001af8:	44ee      	add	lr, sp
10001afa:	f80e cc20 	strb.w	ip, [lr, #-32]
10001afe:	fbb4 fcf5 	udiv	ip, r4, r5
10001b02:	42ac      	cmp	r4, r5
10001b04:	d31b      	bcc.n	10001b3e <_ntoa_long+0x74>
10001b06:	2f1f      	cmp	r7, #31
10001b08:	d819      	bhi.n	10001b3e <_ntoa_long+0x74>
10001b0a:	46be      	mov	lr, r7
10001b0c:	4664      	mov	r4, ip
10001b0e:	fbb4 fcf5 	udiv	ip, r4, r5
10001b12:	fb05 4c1c 	mls	ip, r5, ip, r4
10001b16:	fa5f fc8c 	uxtb.w	ip, ip
10001b1a:	f1bc 0f09 	cmp.w	ip, #9
10001b1e:	d9e3      	bls.n	10001ae8 <_ntoa_long+0x1e>
10001b20:	f016 0f20 	tst.w	r6, #32
10001b24:	d008      	beq.n	10001b38 <_ntoa_long+0x6e>
10001b26:	2741      	movs	r7, #65	@ 0x41
10001b28:	44bc      	add	ip, r7
10001b2a:	fa5f fc8c 	uxtb.w	ip, ip
10001b2e:	f1ac 0c0a 	sub.w	ip, ip, #10
10001b32:	fa5f fc8c 	uxtb.w	ip, ip
10001b36:	e7db      	b.n	10001af0 <_ntoa_long+0x26>
10001b38:	2761      	movs	r7, #97	@ 0x61
10001b3a:	e7f5      	b.n	10001b28 <_ntoa_long+0x5e>
10001b3c:	4627      	mov	r7, r4
10001b3e:	9606      	str	r6, [sp, #24]
10001b40:	9c1a      	ldr	r4, [sp, #104]	@ 0x68
10001b42:	9405      	str	r4, [sp, #20]
10001b44:	9c19      	ldr	r4, [sp, #100]	@ 0x64
10001b46:	9404      	str	r4, [sp, #16]
10001b48:	9503      	str	r5, [sp, #12]
10001b4a:	f89d 405c 	ldrb.w	r4, [sp, #92]	@ 0x5c
10001b4e:	9402      	str	r4, [sp, #8]
10001b50:	9701      	str	r7, [sp, #4]
10001b52:	ac08      	add	r4, sp, #32
10001b54:	9400      	str	r4, [sp, #0]
10001b56:	f7ff ff1d 	bl	10001994 <_ntoa_format>
10001b5a:	b011      	add	sp, #68	@ 0x44
10001b5c:	bdf0      	pop	{r4, r5, r6, r7, pc}

10001b5e <_ntoa_long_long>:
10001b5e:	e92d 4ff0 	stmdb	sp!, {r4, r5, r6, r7, r8, r9, sl, fp, lr}
10001b62:	b095      	sub	sp, #84	@ 0x54
10001b64:	9009      	str	r0, [sp, #36]	@ 0x24
10001b66:	910a      	str	r1, [sp, #40]	@ 0x28
10001b68:	920b      	str	r2, [sp, #44]	@ 0x2c
10001b6a:	4698      	mov	r8, r3
10001b6c:	f8dd b078 	ldr.w	fp, [sp, #120]	@ 0x78
10001b70:	f8dd 907c 	ldr.w	r9, [sp, #124]	@ 0x7c
10001b74:	9d22      	ldr	r5, [sp, #136]	@ 0x88
10001b76:	9f23      	ldr	r7, [sp, #140]	@ 0x8c
10001b78:	9e26      	ldr	r6, [sp, #152]	@ 0x98
10001b7a:	ea5b 0209 	orrs.w	r2, fp, r9
10001b7e:	d101      	bne.n	10001b84 <_ntoa_long_long+0x26>
10001b80:	f026 0610 	bic.w	r6, r6, #16
10001b84:	f416 6480 	ands.w	r4, r6, #1024	@ 0x400
10001b88:	d01e      	beq.n	10001bc8 <_ntoa_long_long+0x6a>
10001b8a:	ea5b 0209 	orrs.w	r2, fp, r9
10001b8e:	d02f      	beq.n	10001bf0 <_ntoa_long_long+0x92>
10001b90:	2400      	movs	r4, #0
10001b92:	e019      	b.n	10001bc8 <_ntoa_long_long+0x6a>
10001b94:	3230      	adds	r2, #48	@ 0x30
10001b96:	b2d3      	uxtb	r3, r2
10001b98:	f104 0a01 	add.w	sl, r4, #1
10001b9c:	f104 0250 	add.w	r2, r4, #80	@ 0x50
10001ba0:	eb0d 0402 	add.w	r4, sp, r2
10001ba4:	f804 3c20 	strb.w	r3, [r4, #-32]
10001ba8:	462a      	mov	r2, r5
10001baa:	463b      	mov	r3, r7
10001bac:	4658      	mov	r0, fp
10001bae:	4649      	mov	r1, r9
10001bb0:	f001 fbb2 	bl	10003318 <____aeabi_uldivmod_veneer>
10001bb4:	45ab      	cmp	fp, r5
10001bb6:	eb79 0907 	sbcs.w	r9, r9, r7
10001bba:	d31b      	bcc.n	10001bf4 <_ntoa_long_long+0x96>
10001bbc:	f1ba 0f1f 	cmp.w	sl, #31
10001bc0:	d818      	bhi.n	10001bf4 <_ntoa_long_long+0x96>
10001bc2:	4654      	mov	r4, sl
10001bc4:	4683      	mov	fp, r0
10001bc6:	4689      	mov	r9, r1
10001bc8:	462a      	mov	r2, r5
10001bca:	463b      	mov	r3, r7
10001bcc:	4658      	mov	r0, fp
10001bce:	4649      	mov	r1, r9
10001bd0:	f001 fba2 	bl	10003318 <____aeabi_uldivmod_veneer>
10001bd4:	b2d2      	uxtb	r2, r2
10001bd6:	2a09      	cmp	r2, #9
10001bd8:	d9dc      	bls.n	10001b94 <_ntoa_long_long+0x36>
10001bda:	f016 0f20 	tst.w	r6, #32
10001bde:	d005      	beq.n	10001bec <_ntoa_long_long+0x8e>
10001be0:	2341      	movs	r3, #65	@ 0x41
10001be2:	4413      	add	r3, r2
10001be4:	b2db      	uxtb	r3, r3
10001be6:	3b0a      	subs	r3, #10
10001be8:	b2db      	uxtb	r3, r3
10001bea:	e7d5      	b.n	10001b98 <_ntoa_long_long+0x3a>
10001bec:	2361      	movs	r3, #97	@ 0x61
10001bee:	e7f8      	b.n	10001be2 <_ntoa_long_long+0x84>
10001bf0:	f04f 0a00 	mov.w	sl, #0
10001bf4:	9606      	str	r6, [sp, #24]
10001bf6:	9b25      	ldr	r3, [sp, #148]	@ 0x94
10001bf8:	9305      	str	r3, [sp, #20]
10001bfa:	9b24      	ldr	r3, [sp, #144]	@ 0x90
10001bfc:	9304      	str	r3, [sp, #16]
10001bfe:	9503      	str	r5, [sp, #12]
10001c00:	f89d 3080 	ldrb.w	r3, [sp, #128]	@ 0x80
10001c04:	9302      	str	r3, [sp, #8]
10001c06:	f8cd a004 	str.w	sl, [sp, #4]
10001c0a:	ab0c      	add	r3, sp, #48	@ 0x30
10001c0c:	9300      	str	r3, [sp, #0]
10001c0e:	4643      	mov	r3, r8
10001c10:	9a0b      	ldr	r2, [sp, #44]	@ 0x2c
10001c12:	990a      	ldr	r1, [sp, #40]	@ 0x28
10001c14:	9809      	ldr	r0, [sp, #36]	@ 0x24
10001c16:	f7ff febd 	bl	10001994 <_ntoa_format>
10001c1a:	b015      	add	sp, #84	@ 0x54
10001c1c:	e8bd 8ff0 	ldmia.w	sp!, {r4, r5, r6, r7, r8, r9, sl, fp, pc}

10001c20 <_etoa>:
10001c20:	e92d 4ff0 	stmdb	sp!, {r4, r5, r6, r7, r8, r9, sl, fp, lr}
10001c24:	b091      	sub	sp, #68	@ 0x44
10001c26:	4604      	mov	r4, r0
10001c28:	460d      	mov	r5, r1
10001c2a:	4617      	mov	r7, r2
10001c2c:	461e      	mov	r6, r3
10001c2e:	e9dd 231a 	ldrd	r2, r3, [sp, #104]	@ 0x68
10001c32:	4610      	mov	r0, r2
10001c34:	4619      	mov	r1, r3
10001c36:	f7ff fdf1 	bl	1000181c <__wrap___aeabi_dcmpun>
10001c3a:	2800      	cmp	r0, #0
10001c3c:	f040 80ed 	bne.w	10001e1a <_etoa+0x1fa>
10001c40:	f04f 32ff 	mov.w	r2, #4294967295	@ 0xffffffff
10001c44:	4bae      	ldr	r3, [pc, #696]	@ (10001f00 <_etoa+0x2e0>)
10001c46:	e9dd 011a 	ldrd	r0, r1, [sp, #104]	@ 0x68
10001c4a:	f7ff fe35 	bl	100018b8 <__wrap___aeabi_dcmpgt>
10001c4e:	2800      	cmp	r0, #0
10001c50:	f040 80e3 	bne.w	10001e1a <_etoa+0x1fa>
10001c54:	f04f 32ff 	mov.w	r2, #4294967295	@ 0xffffffff
10001c58:	f46f 1380 	mvn.w	r3, #1048576	@ 0x100000
10001c5c:	e9dd 011a 	ldrd	r0, r1, [sp, #104]	@ 0x68
10001c60:	f7ff fdee 	bl	10001840 <__wrap___aeabi_dcmplt>
10001c64:	2800      	cmp	r0, #0
10001c66:	f040 80d8 	bne.w	10001e1a <_etoa+0x1fa>
10001c6a:	2200      	movs	r2, #0
10001c6c:	2300      	movs	r3, #0
10001c6e:	e9dd 011a 	ldrd	r0, r1, [sp, #104]	@ 0x68
10001c72:	f7ff fde5 	bl	10001840 <__wrap___aeabi_dcmplt>
10001c76:	2800      	cmp	r0, #0
10001c78:	f040 80e2 	bne.w	10001e40 <_etoa+0x220>
10001c7c:	ed9d 7b1a 	vldr	d7, [sp, #104]	@ 0x68
10001c80:	ed8d 7b06 	vstr	d7, [sp, #24]
10001c84:	9b1e      	ldr	r3, [sp, #120]	@ 0x78
10001c86:	f413 6380 	ands.w	r3, r3, #1024	@ 0x400
10001c8a:	930d      	str	r3, [sp, #52]	@ 0x34
10001c8c:	d101      	bne.n	10001c92 <_etoa+0x72>
10001c8e:	2306      	movs	r3, #6
10001c90:	931c      	str	r3, [sp, #112]	@ 0x70
10001c92:	e9dd 2306 	ldrd	r2, r3, [sp, #24]
10001c96:	4610      	mov	r0, r2
10001c98:	4619      	mov	r1, r3
10001c9a:	e9cd 0108 	strd	r0, r1, [sp, #32]
10001c9e:	ea52 0103 	orrs.w	r1, r2, r3
10001ca2:	f000 80d8 	beq.w	10001e56 <_etoa+0x236>
10001ca6:	f3c3 500a 	ubfx	r0, r3, #20, #11
10001caa:	f3c3 0313 	ubfx	r3, r3, #0, #20
10001cae:	4690      	mov	r8, r2
10001cb0:	f043 597f 	orr.w	r9, r3, #1069547520	@ 0x3fc00000
10001cb4:	f449 1940 	orr.w	r9, r9, #3145728	@ 0x300000
10001cb8:	f2a0 30ff 	subw	r0, r0, #1023	@ 0x3ff
10001cbc:	f7ff fd66 	bl	1000178c <__wrap___aeabi_i2d>
10001cc0:	a37d      	add	r3, pc, #500	@ (adr r3, 10001eb8 <_etoa+0x298>)
10001cc2:	e9d3 2300 	ldrd	r2, r3, [r3]
10001cc6:	f7ff fced 	bl	100016a4 <__wrap___aeabi_dmul>
10001cca:	a37d      	add	r3, pc, #500	@ (adr r3, 10001ec0 <_etoa+0x2a0>)
10001ccc:	e9d3 2300 	ldrd	r2, r3, [r3]
10001cd0:	f7ff fcc0 	bl	10001654 <__wrap___aeabi_dadd>
10001cd4:	4682      	mov	sl, r0
10001cd6:	468b      	mov	fp, r1
10001cd8:	2200      	movs	r2, #0
10001cda:	4b8a      	ldr	r3, [pc, #552]	@ (10001f04 <_etoa+0x2e4>)
10001cdc:	4640      	mov	r0, r8
10001cde:	4649      	mov	r1, r9
10001ce0:	f7ff fccc 	bl	1000167c <__wrap___aeabi_dsub>
10001ce4:	a378      	add	r3, pc, #480	@ (adr r3, 10001ec8 <_etoa+0x2a8>)
10001ce6:	e9d3 2300 	ldrd	r2, r3, [r3]
10001cea:	f7ff fcdb 	bl	100016a4 <__wrap___aeabi_dmul>
10001cee:	4602      	mov	r2, r0
10001cf0:	460b      	mov	r3, r1
10001cf2:	4650      	mov	r0, sl
10001cf4:	4659      	mov	r1, fp
10001cf6:	f7ff fcad 	bl	10001654 <__wrap___aeabi_dadd>
10001cfa:	f7ff fd6b 	bl	100017d4 <__wrap___aeabi_d2iz>
10001cfe:	4682      	mov	sl, r0
10001d00:	f7ff fd44 	bl	1000178c <__wrap___aeabi_i2d>
10001d04:	4680      	mov	r8, r0
10001d06:	4689      	mov	r9, r1
10001d08:	a371      	add	r3, pc, #452	@ (adr r3, 10001ed0 <_etoa+0x2b0>)
10001d0a:	e9d3 2300 	ldrd	r2, r3, [r3]
10001d0e:	f7ff fcc9 	bl	100016a4 <__wrap___aeabi_dmul>
10001d12:	2200      	movs	r2, #0
10001d14:	4b7c      	ldr	r3, [pc, #496]	@ (10001f08 <_etoa+0x2e8>)
10001d16:	f7ff fc9d 	bl	10001654 <__wrap___aeabi_dadd>
10001d1a:	f7ff fd5b 	bl	100017d4 <__wrap___aeabi_d2iz>
10001d1e:	4683      	mov	fp, r0
10001d20:	a36d      	add	r3, pc, #436	@ (adr r3, 10001ed8 <_etoa+0x2b8>)
10001d22:	e9d3 2300 	ldrd	r2, r3, [r3]
10001d26:	4640      	mov	r0, r8
10001d28:	4649      	mov	r1, r9
10001d2a:	f7ff fcbb 	bl	100016a4 <__wrap___aeabi_dmul>
10001d2e:	4680      	mov	r8, r0
10001d30:	4689      	mov	r9, r1
10001d32:	4658      	mov	r0, fp
10001d34:	f7ff fd2a 	bl	1000178c <__wrap___aeabi_i2d>
10001d38:	a369      	add	r3, pc, #420	@ (adr r3, 10001ee0 <_etoa+0x2c0>)
10001d3a:	e9d3 2300 	ldrd	r2, r3, [r3]
10001d3e:	f7ff fcb1 	bl	100016a4 <__wrap___aeabi_dmul>
10001d42:	4602      	mov	r2, r0
10001d44:	460b      	mov	r3, r1
10001d46:	4640      	mov	r0, r8
10001d48:	4649      	mov	r1, r9
10001d4a:	f7ff fc97 	bl	1000167c <__wrap___aeabi_dsub>
10001d4e:	4680      	mov	r8, r0
10001d50:	4689      	mov	r9, r1
10001d52:	4602      	mov	r2, r0
10001d54:	460b      	mov	r3, r1
10001d56:	f7ff fca5 	bl	100016a4 <__wrap___aeabi_dmul>
10001d5a:	e9cd 010a 	strd	r0, r1, [sp, #40]	@ 0x28
10001d5e:	f20b 3bff 	addw	fp, fp, #1023	@ 0x3ff
10001d62:	2100      	movs	r1, #0
10001d64:	2200      	movs	r2, #0
10001d66:	e9cd 1208 	strd	r1, r2, [sp, #32]
10001d6a:	ea4f 530b 	mov.w	r3, fp, lsl #20
10001d6e:	9309      	str	r3, [sp, #36]	@ 0x24
10001d70:	2300      	movs	r3, #0
10001d72:	9308      	str	r3, [sp, #32]
10001d74:	4642      	mov	r2, r8
10001d76:	464b      	mov	r3, r9
10001d78:	4640      	mov	r0, r8
10001d7a:	4649      	mov	r1, r9
10001d7c:	f7ff fc6a 	bl	10001654 <__wrap___aeabi_dadd>
10001d80:	e9cd 010e 	strd	r0, r1, [sp, #56]	@ 0x38
10001d84:	4642      	mov	r2, r8
10001d86:	464b      	mov	r3, r9
10001d88:	2000      	movs	r0, #0
10001d8a:	f04f 4180 	mov.w	r1, #1073741824	@ 0x40000000
10001d8e:	f7ff fc75 	bl	1000167c <__wrap___aeabi_dsub>
10001d92:	4680      	mov	r8, r0
10001d94:	4689      	mov	r9, r1
10001d96:	2200      	movs	r2, #0
10001d98:	4b5c      	ldr	r3, [pc, #368]	@ (10001f0c <_etoa+0x2ec>)
10001d9a:	e9dd 010a 	ldrd	r0, r1, [sp, #40]	@ 0x28
10001d9e:	f7ff fca7 	bl	100016f0 <__wrap___aeabi_ddiv>
10001da2:	2200      	movs	r2, #0
10001da4:	4b5a      	ldr	r3, [pc, #360]	@ (10001f10 <_etoa+0x2f0>)
10001da6:	f7ff fc55 	bl	10001654 <__wrap___aeabi_dadd>
10001daa:	4602      	mov	r2, r0
10001dac:	460b      	mov	r3, r1
10001dae:	e9dd 010a 	ldrd	r0, r1, [sp, #40]	@ 0x28
10001db2:	f7ff fc9d 	bl	100016f0 <__wrap___aeabi_ddiv>
10001db6:	2200      	movs	r2, #0
10001db8:	4b56      	ldr	r3, [pc, #344]	@ (10001f14 <_etoa+0x2f4>)
10001dba:	f7ff fc4b 	bl	10001654 <__wrap___aeabi_dadd>
10001dbe:	4602      	mov	r2, r0
10001dc0:	460b      	mov	r3, r1
10001dc2:	e9dd 010a 	ldrd	r0, r1, [sp, #40]	@ 0x28
10001dc6:	f7ff fc93 	bl	100016f0 <__wrap___aeabi_ddiv>
10001dca:	4602      	mov	r2, r0
10001dcc:	460b      	mov	r3, r1
10001dce:	4640      	mov	r0, r8
10001dd0:	4649      	mov	r1, r9
10001dd2:	f7ff fc3f 	bl	10001654 <__wrap___aeabi_dadd>
10001dd6:	4602      	mov	r2, r0
10001dd8:	460b      	mov	r3, r1
10001dda:	e9dd 010e 	ldrd	r0, r1, [sp, #56]	@ 0x38
10001dde:	f7ff fc87 	bl	100016f0 <__wrap___aeabi_ddiv>
10001de2:	2200      	movs	r2, #0
10001de4:	4b4c      	ldr	r3, [pc, #304]	@ (10001f18 <_etoa+0x2f8>)
10001de6:	f7ff fc35 	bl	10001654 <__wrap___aeabi_dadd>
10001dea:	e9dd 2308 	ldrd	r2, r3, [sp, #32]
10001dee:	f7ff fc59 	bl	100016a4 <__wrap___aeabi_dmul>
10001df2:	4680      	mov	r8, r0
10001df4:	4689      	mov	r9, r1
10001df6:	e9cd 8908 	strd	r8, r9, [sp, #32]
10001dfa:	e9dd 2306 	ldrd	r2, r3, [sp, #24]
10001dfe:	f7ff fd5b 	bl	100018b8 <__wrap___aeabi_dcmpgt>
10001e02:	b350      	cbz	r0, 10001e5a <_etoa+0x23a>
10001e04:	f10a 3aff 	add.w	sl, sl, #4294967295	@ 0xffffffff
10001e08:	2200      	movs	r2, #0
10001e0a:	4b41      	ldr	r3, [pc, #260]	@ (10001f10 <_etoa+0x2f0>)
10001e0c:	4640      	mov	r0, r8
10001e0e:	4649      	mov	r1, r9
10001e10:	f7ff fc6e 	bl	100016f0 <__wrap___aeabi_ddiv>
10001e14:	e9cd 0108 	strd	r0, r1, [sp, #32]
10001e18:	e01f      	b.n	10001e5a <_etoa+0x23a>
10001e1a:	9b1e      	ldr	r3, [sp, #120]	@ 0x78
10001e1c:	9304      	str	r3, [sp, #16]
10001e1e:	9b1d      	ldr	r3, [sp, #116]	@ 0x74
10001e20:	9303      	str	r3, [sp, #12]
10001e22:	9b1c      	ldr	r3, [sp, #112]	@ 0x70
10001e24:	9302      	str	r3, [sp, #8]
10001e26:	ed9d 7b1a 	vldr	d7, [sp, #104]	@ 0x68
10001e2a:	ed8d 7b00 	vstr	d7, [sp]
10001e2e:	4633      	mov	r3, r6
10001e30:	463a      	mov	r2, r7
10001e32:	4629      	mov	r1, r5
10001e34:	4620      	mov	r0, r4
10001e36:	f000 f903 	bl	10002040 <_ftoa>
10001e3a:	b011      	add	sp, #68	@ 0x44
10001e3c:	e8bd 8ff0 	ldmia.w	sp!, {r4, r5, r6, r7, r8, r9, sl, fp, pc}
10001e40:	ed9f 7b29 	vldr	d7, [pc, #164]	@ 10001ee8 <_etoa+0x2c8>
10001e44:	ed8d 7b06 	vstr	d7, [sp, #24]
10001e48:	9b1a      	ldr	r3, [sp, #104]	@ 0x68
10001e4a:	9306      	str	r3, [sp, #24]
10001e4c:	9b1b      	ldr	r3, [sp, #108]	@ 0x6c
10001e4e:	f103 4300 	add.w	r3, r3, #2147483648	@ 0x80000000
10001e52:	9307      	str	r3, [sp, #28]
10001e54:	e716      	b.n	10001c84 <_etoa+0x64>
10001e56:	f04f 0a00 	mov.w	sl, #0
10001e5a:	f10a 0363 	add.w	r3, sl, #99	@ 0x63
10001e5e:	2bc6      	cmp	r3, #198	@ 0xc6
10001e60:	d827      	bhi.n	10001eb2 <_etoa+0x292>
10001e62:	f04f 0804 	mov.w	r8, #4
10001e66:	9b1e      	ldr	r3, [sp, #120]	@ 0x78
10001e68:	f413 6f00 	tst.w	r3, #2048	@ 0x800
10001e6c:	d05f      	beq.n	10001f2e <_etoa+0x30e>
10001e6e:	e9dd 1208 	ldrd	r1, r2, [sp, #32]
10001e72:	4613      	mov	r3, r2
10001e74:	430b      	orrs	r3, r1
10001e76:	d013      	beq.n	10001ea0 <_etoa+0x280>
10001e78:	a31d      	add	r3, pc, #116	@ (adr r3, 10001ef0 <_etoa+0x2d0>)
10001e7a:	e9d3 2300 	ldrd	r2, r3, [r3]
10001e7e:	e9dd 0106 	ldrd	r0, r1, [sp, #24]
10001e82:	f7ff fd05 	bl	10001890 <__wrap___aeabi_dcmpge>
10001e86:	2800      	cmp	r0, #0
10001e88:	f000 80b4 	beq.w	10001ff4 <_etoa+0x3d4>
10001e8c:	a31a      	add	r3, pc, #104	@ (adr r3, 10001ef8 <_etoa+0x2d8>)
10001e8e:	e9d3 2300 	ldrd	r2, r3, [r3]
10001e92:	e9dd 0106 	ldrd	r0, r1, [sp, #24]
10001e96:	f7ff fcd3 	bl	10001840 <__wrap___aeabi_dcmplt>
10001e9a:	2800      	cmp	r0, #0
10001e9c:	f000 80aa 	beq.w	10001ff4 <_etoa+0x3d4>
10001ea0:	9b1c      	ldr	r3, [sp, #112]	@ 0x70
10001ea2:	4553      	cmp	r3, sl
10001ea4:	dd3a      	ble.n	10001f1c <_etoa+0x2fc>
10001ea6:	eba3 0a0a 	sub.w	sl, r3, sl
10001eaa:	f10a 33ff 	add.w	r3, sl, #4294967295	@ 0xffffffff
10001eae:	931c      	str	r3, [sp, #112]	@ 0x70
10001eb0:	e036      	b.n	10001f20 <_etoa+0x300>
10001eb2:	f04f 0805 	mov.w	r8, #5
10001eb6:	e7d6      	b.n	10001e66 <_etoa+0x246>
10001eb8:	509f79fb 	.word	0x509f79fb
10001ebc:	3fd34413 	.word	0x3fd34413
10001ec0:	8b60c8b3 	.word	0x8b60c8b3
10001ec4:	3fc68a28 	.word	0x3fc68a28
10001ec8:	636f4361 	.word	0x636f4361
10001ecc:	3fd287a7 	.word	0x3fd287a7
10001ed0:	0979a371 	.word	0x0979a371
10001ed4:	400a934f 	.word	0x400a934f
10001ed8:	bbb55516 	.word	0xbbb55516
10001edc:	40026bb1 	.word	0x40026bb1
10001ee0:	fefa39ef 	.word	0xfefa39ef
10001ee4:	3fe62e42 	.word	0x3fe62e42
	...
10001ef0:	eb1c432d 	.word	0xeb1c432d
10001ef4:	3f1a36e2 	.word	0x3f1a36e2
10001ef8:	00000000 	.word	0x00000000
10001efc:	412e8480 	.word	0x412e8480
10001f00:	7fefffff 	.word	0x7fefffff
10001f04:	3ff80000 	.word	0x3ff80000
10001f08:	3fe00000 	.word	0x3fe00000
10001f0c:	402c0000 	.word	0x402c0000
10001f10:	40240000 	.word	0x40240000
10001f14:	40180000 	.word	0x40180000
10001f18:	3ff00000 	.word	0x3ff00000
10001f1c:	2300      	movs	r3, #0
10001f1e:	931c      	str	r3, [sp, #112]	@ 0x70
10001f20:	9b1e      	ldr	r3, [sp, #120]	@ 0x78
10001f22:	f443 6380 	orr.w	r3, r3, #1024	@ 0x400
10001f26:	931e      	str	r3, [sp, #120]	@ 0x78
10001f28:	f04f 0800 	mov.w	r8, #0
10001f2c:	46c2      	mov	sl, r8
10001f2e:	9b1d      	ldr	r3, [sp, #116]	@ 0x74
10001f30:	4598      	cmp	r8, r3
10001f32:	d269      	bcs.n	10002008 <_etoa+0x3e8>
10001f34:	eba3 0908 	sub.w	r9, r3, r8
10001f38:	9b1e      	ldr	r3, [sp, #120]	@ 0x78
10001f3a:	f013 0b02 	ands.w	fp, r3, #2
10001f3e:	d004      	beq.n	10001f4a <_etoa+0x32a>
10001f40:	f1b8 0f00 	cmp.w	r8, #0
10001f44:	d001      	beq.n	10001f4a <_etoa+0x32a>
10001f46:	f04f 0900 	mov.w	r9, #0
10001f4a:	f1ba 0f00 	cmp.w	sl, #0
10001f4e:	d007      	beq.n	10001f60 <_etoa+0x340>
10001f50:	e9dd 2308 	ldrd	r2, r3, [sp, #32]
10001f54:	e9dd 0106 	ldrd	r0, r1, [sp, #24]
10001f58:	f7ff fbca 	bl	100016f0 <__wrap___aeabi_ddiv>
10001f5c:	e9cd 0106 	strd	r0, r1, [sp, #24]
10001f60:	2200      	movs	r2, #0
10001f62:	2300      	movs	r3, #0
10001f64:	e9dd 011a 	ldrd	r0, r1, [sp, #104]	@ 0x68
10001f68:	f7ff fc6a 	bl	10001840 <__wrap___aeabi_dcmplt>
10001f6c:	2800      	cmp	r0, #0
10001f6e:	d14e      	bne.n	1000200e <_etoa+0x3ee>
10001f70:	9b1e      	ldr	r3, [sp, #120]	@ 0x78
10001f72:	f423 6300 	bic.w	r3, r3, #2048	@ 0x800
10001f76:	9304      	str	r3, [sp, #16]
10001f78:	f8cd 900c 	str.w	r9, [sp, #12]
10001f7c:	9b1c      	ldr	r3, [sp, #112]	@ 0x70
10001f7e:	9302      	str	r3, [sp, #8]
10001f80:	ed9d 7b06 	vldr	d7, [sp, #24]
10001f84:	ed8d 7b00 	vstr	d7, [sp]
10001f88:	4633      	mov	r3, r6
10001f8a:	463a      	mov	r2, r7
10001f8c:	4629      	mov	r1, r5
10001f8e:	4620      	mov	r0, r4
10001f90:	f000 f856 	bl	10002040 <_ftoa>
10001f94:	f1b8 0f00 	cmp.w	r8, #0
10001f98:	f43f af4f 	beq.w	10001e3a <_etoa+0x21a>
10001f9c:	9b1e      	ldr	r3, [sp, #120]	@ 0x78
10001f9e:	f013 0f20 	tst.w	r3, #32
10001fa2:	d03c      	beq.n	1000201e <_etoa+0x3fe>
10001fa4:	f04f 0c45 	mov.w	ip, #69	@ 0x45
10001fa8:	f100 0901 	add.w	r9, r0, #1
10001fac:	4633      	mov	r3, r6
10001fae:	4602      	mov	r2, r0
10001fb0:	4629      	mov	r1, r5
10001fb2:	4660      	mov	r0, ip
10001fb4:	47a0      	blx	r4
10001fb6:	ea8a 72ea 	eor.w	r2, sl, sl, asr #31
10001fba:	eba2 72ea 	sub.w	r2, r2, sl, asr #31
10001fbe:	2305      	movs	r3, #5
10001fc0:	9305      	str	r3, [sp, #20]
10001fc2:	f108 33ff 	add.w	r3, r8, #4294967295	@ 0xffffffff
10001fc6:	9304      	str	r3, [sp, #16]
10001fc8:	2300      	movs	r3, #0
10001fca:	9303      	str	r3, [sp, #12]
10001fcc:	230a      	movs	r3, #10
10001fce:	9302      	str	r3, [sp, #8]
10001fd0:	ea4f 73da 	mov.w	r3, sl, lsr #31
10001fd4:	9301      	str	r3, [sp, #4]
10001fd6:	9200      	str	r2, [sp, #0]
10001fd8:	4633      	mov	r3, r6
10001fda:	464a      	mov	r2, r9
10001fdc:	4629      	mov	r1, r5
10001fde:	4620      	mov	r0, r4
10001fe0:	f7ff fd73 	bl	10001aca <_ntoa_long>
10001fe4:	f1bb 0f00 	cmp.w	fp, #0
10001fe8:	f43f af27 	beq.w	10001e3a <_etoa+0x21a>
10001fec:	4602      	mov	r2, r0
10001fee:	f8dd 9074 	ldr.w	r9, [sp, #116]	@ 0x74
10001ff2:	e01e      	b.n	10002032 <_etoa+0x412>
10001ff4:	9b1c      	ldr	r3, [sp, #112]	@ 0x70
10001ff6:	2b00      	cmp	r3, #0
10001ff8:	d099      	beq.n	10001f2e <_etoa+0x30e>
10001ffa:	9b0d      	ldr	r3, [sp, #52]	@ 0x34
10001ffc:	2b00      	cmp	r3, #0
10001ffe:	d096      	beq.n	10001f2e <_etoa+0x30e>
10002000:	9b1c      	ldr	r3, [sp, #112]	@ 0x70
10002002:	3b01      	subs	r3, #1
10002004:	931c      	str	r3, [sp, #112]	@ 0x70
10002006:	e792      	b.n	10001f2e <_etoa+0x30e>
10002008:	f04f 0900 	mov.w	r9, #0
1000200c:	e794      	b.n	10001f38 <_etoa+0x318>
1000200e:	e9dd 0106 	ldrd	r0, r1, [sp, #24]
10002012:	4602      	mov	r2, r0
10002014:	f101 4300 	add.w	r3, r1, #2147483648	@ 0x80000000
10002018:	e9cd 2306 	strd	r2, r3, [sp, #24]
1000201c:	e7a8      	b.n	10001f70 <_etoa+0x350>
1000201e:	f04f 0c65 	mov.w	ip, #101	@ 0x65
10002022:	e7c1      	b.n	10001fa8 <_etoa+0x388>
10002024:	f102 0801 	add.w	r8, r2, #1
10002028:	4633      	mov	r3, r6
1000202a:	4629      	mov	r1, r5
1000202c:	2020      	movs	r0, #32
1000202e:	47a0      	blx	r4
10002030:	4642      	mov	r2, r8
10002032:	1bd3      	subs	r3, r2, r7
10002034:	454b      	cmp	r3, r9
10002036:	d3f5      	bcc.n	10002024 <_etoa+0x404>
10002038:	4610      	mov	r0, r2
1000203a:	e6fe      	b.n	10001e3a <_etoa+0x21a>
1000203c:	0000      	movs	r0, r0
	...

10002040 <_ftoa>:
10002040:	e92d 4ff0 	stmdb	sp!, {r4, r5, r6, r7, r8, r9, sl, fp, lr}
10002044:	ed2d 8b02 	vpush	{d8}
10002048:	b095      	sub	sp, #84	@ 0x54
1000204a:	9007      	str	r0, [sp, #28]
1000204c:	910a      	str	r1, [sp, #40]	@ 0x28
1000204e:	4692      	mov	sl, r2
10002050:	469b      	mov	fp, r3
10002052:	e9dd 8920 	ldrd	r8, r9, [sp, #128]	@ 0x80
10002056:	9d22      	ldr	r5, [sp, #136]	@ 0x88
10002058:	4642      	mov	r2, r8
1000205a:	464b      	mov	r3, r9
1000205c:	4640      	mov	r0, r8
1000205e:	4649      	mov	r1, r9
10002060:	f7ff fbdc 	bl	1000181c <__wrap___aeabi_dcmpun>
10002064:	2800      	cmp	r0, #0
10002066:	d135      	bne.n	100020d4 <_ftoa+0x94>
10002068:	f04f 32ff 	mov.w	r2, #4294967295	@ 0xffffffff
1000206c:	f46f 1380 	mvn.w	r3, #1048576	@ 0x100000
10002070:	4640      	mov	r0, r8
10002072:	4649      	mov	r1, r9
10002074:	f7ff fbe4 	bl	10001840 <__wrap___aeabi_dcmplt>
10002078:	2800      	cmp	r0, #0
1000207a:	d13a      	bne.n	100020f2 <_ftoa+0xb2>
1000207c:	f04f 32ff 	mov.w	r2, #4294967295	@ 0xffffffff
10002080:	4b9f      	ldr	r3, [pc, #636]	@ (10002300 <_ftoa+0x2c0>)
10002082:	4640      	mov	r0, r8
10002084:	4649      	mov	r1, r9
10002086:	f7ff fc17 	bl	100018b8 <__wrap___aeabi_dcmpgt>
1000208a:	2800      	cmp	r0, #0
1000208c:	d140      	bne.n	10002110 <_ftoa+0xd0>
1000208e:	a398      	add	r3, pc, #608	@ (adr r3, 100022f0 <_ftoa+0x2b0>)
10002090:	e9d3 2300 	ldrd	r2, r3, [r3]
10002094:	4640      	mov	r0, r8
10002096:	4649      	mov	r1, r9
10002098:	f7ff fc0e 	bl	100018b8 <__wrap___aeabi_dcmpgt>
1000209c:	2800      	cmp	r0, #0
1000209e:	d14f      	bne.n	10002140 <_ftoa+0x100>
100020a0:	a395      	add	r3, pc, #596	@ (adr r3, 100022f8 <_ftoa+0x2b8>)
100020a2:	e9d3 2300 	ldrd	r2, r3, [r3]
100020a6:	4640      	mov	r0, r8
100020a8:	4649      	mov	r1, r9
100020aa:	f7ff fbc9 	bl	10001840 <__wrap___aeabi_dcmplt>
100020ae:	2800      	cmp	r0, #0
100020b0:	d146      	bne.n	10002140 <_ftoa+0x100>
100020b2:	2200      	movs	r2, #0
100020b4:	2300      	movs	r3, #0
100020b6:	4640      	mov	r0, r8
100020b8:	4649      	mov	r1, r9
100020ba:	f7ff fbc1 	bl	10001840 <__wrap___aeabi_dcmplt>
100020be:	2800      	cmp	r0, #0
100020c0:	d14c      	bne.n	1000215c <_ftoa+0x11c>
100020c2:	2300      	movs	r3, #0
100020c4:	930b      	str	r3, [sp, #44]	@ 0x2c
100020c6:	9b24      	ldr	r3, [sp, #144]	@ 0x90
100020c8:	f413 6f80 	tst.w	r3, #1024	@ 0x400
100020cc:	f000 80b7 	beq.w	1000223e <_ftoa+0x1fe>
100020d0:	2400      	movs	r4, #0
100020d2:	e056      	b.n	10002182 <_ftoa+0x142>
100020d4:	9b24      	ldr	r3, [sp, #144]	@ 0x90
100020d6:	9303      	str	r3, [sp, #12]
100020d8:	9b23      	ldr	r3, [sp, #140]	@ 0x8c
100020da:	9302      	str	r3, [sp, #8]
100020dc:	2303      	movs	r3, #3
100020de:	9301      	str	r3, [sp, #4]
100020e0:	4b88      	ldr	r3, [pc, #544]	@ (10002304 <_ftoa+0x2c4>)
100020e2:	9300      	str	r3, [sp, #0]
100020e4:	465b      	mov	r3, fp
100020e6:	4652      	mov	r2, sl
100020e8:	990a      	ldr	r1, [sp, #40]	@ 0x28
100020ea:	9807      	ldr	r0, [sp, #28]
100020ec:	f7ff fc13 	bl	10001916 <_out_rev>
100020f0:	e137      	b.n	10002362 <_ftoa+0x322>
100020f2:	9b24      	ldr	r3, [sp, #144]	@ 0x90
100020f4:	9303      	str	r3, [sp, #12]
100020f6:	9b23      	ldr	r3, [sp, #140]	@ 0x8c
100020f8:	9302      	str	r3, [sp, #8]
100020fa:	2304      	movs	r3, #4
100020fc:	9301      	str	r3, [sp, #4]
100020fe:	4b82      	ldr	r3, [pc, #520]	@ (10002308 <_ftoa+0x2c8>)
10002100:	9300      	str	r3, [sp, #0]
10002102:	465b      	mov	r3, fp
10002104:	4652      	mov	r2, sl
10002106:	990a      	ldr	r1, [sp, #40]	@ 0x28
10002108:	9807      	ldr	r0, [sp, #28]
1000210a:	f7ff fc04 	bl	10001916 <_out_rev>
1000210e:	e128      	b.n	10002362 <_ftoa+0x322>
10002110:	9b24      	ldr	r3, [sp, #144]	@ 0x90
10002112:	f013 0304 	ands.w	r3, r3, #4
10002116:	d00f      	beq.n	10002138 <_ftoa+0xf8>
10002118:	4a7c      	ldr	r2, [pc, #496]	@ (1000230c <_ftoa+0x2cc>)
1000211a:	b17b      	cbz	r3, 1000213c <_ftoa+0xfc>
1000211c:	2304      	movs	r3, #4
1000211e:	9924      	ldr	r1, [sp, #144]	@ 0x90
10002120:	9103      	str	r1, [sp, #12]
10002122:	9923      	ldr	r1, [sp, #140]	@ 0x8c
10002124:	9102      	str	r1, [sp, #8]
10002126:	9301      	str	r3, [sp, #4]
10002128:	9200      	str	r2, [sp, #0]
1000212a:	465b      	mov	r3, fp
1000212c:	4652      	mov	r2, sl
1000212e:	990a      	ldr	r1, [sp, #40]	@ 0x28
10002130:	9807      	ldr	r0, [sp, #28]
10002132:	f7ff fbf0 	bl	10001916 <_out_rev>
10002136:	e114      	b.n	10002362 <_ftoa+0x322>
10002138:	4a75      	ldr	r2, [pc, #468]	@ (10002310 <_ftoa+0x2d0>)
1000213a:	e7ee      	b.n	1000211a <_ftoa+0xda>
1000213c:	2303      	movs	r3, #3
1000213e:	e7ee      	b.n	1000211e <_ftoa+0xde>
10002140:	9b24      	ldr	r3, [sp, #144]	@ 0x90
10002142:	9304      	str	r3, [sp, #16]
10002144:	9b23      	ldr	r3, [sp, #140]	@ 0x8c
10002146:	9303      	str	r3, [sp, #12]
10002148:	9502      	str	r5, [sp, #8]
1000214a:	e9cd 8900 	strd	r8, r9, [sp]
1000214e:	465b      	mov	r3, fp
10002150:	4652      	mov	r2, sl
10002152:	990a      	ldr	r1, [sp, #40]	@ 0x28
10002154:	9807      	ldr	r0, [sp, #28]
10002156:	f7ff fd63 	bl	10001c20 <_etoa>
1000215a:	e102      	b.n	10002362 <_ftoa+0x322>
1000215c:	4642      	mov	r2, r8
1000215e:	464b      	mov	r3, r9
10002160:	2000      	movs	r0, #0
10002162:	2100      	movs	r1, #0
10002164:	f7ff fa8a 	bl	1000167c <__wrap___aeabi_dsub>
10002168:	4680      	mov	r8, r0
1000216a:	4689      	mov	r9, r1
1000216c:	2301      	movs	r3, #1
1000216e:	930b      	str	r3, [sp, #44]	@ 0x2c
10002170:	e7a9      	b.n	100020c6 <_ftoa+0x86>
10002172:	f104 0350 	add.w	r3, r4, #80	@ 0x50
10002176:	446b      	add	r3, sp
10002178:	2230      	movs	r2, #48	@ 0x30
1000217a:	f803 2c20 	strb.w	r2, [r3, #-32]
1000217e:	3d01      	subs	r5, #1
10002180:	3401      	adds	r4, #1
10002182:	2c1f      	cmp	r4, #31
10002184:	d801      	bhi.n	1000218a <_ftoa+0x14a>
10002186:	2d09      	cmp	r5, #9
10002188:	d8f3      	bhi.n	10002172 <_ftoa+0x132>
1000218a:	4640      	mov	r0, r8
1000218c:	4649      	mov	r1, r9
1000218e:	f7ff fb21 	bl	100017d4 <__wrap___aeabi_d2iz>
10002192:	4606      	mov	r6, r0
10002194:	f7ff fafa 	bl	1000178c <__wrap___aeabi_i2d>
10002198:	4602      	mov	r2, r0
1000219a:	460b      	mov	r3, r1
1000219c:	4640      	mov	r0, r8
1000219e:	4649      	mov	r1, r9
100021a0:	f7ff fa6c 	bl	1000167c <__wrap___aeabi_dsub>
100021a4:	4b5b      	ldr	r3, [pc, #364]	@ (10002314 <_ftoa+0x2d4>)
100021a6:	eb03 03c5 	add.w	r3, r3, r5, lsl #3
100021aa:	ed93 8b00 	vldr	d8, [r3]
100021ae:	ec53 2b18 	vmov	r2, r3, d8
100021b2:	f7ff fa77 	bl	100016a4 <__wrap___aeabi_dmul>
100021b6:	4602      	mov	r2, r0
100021b8:	460b      	mov	r3, r1
100021ba:	e9cd 2308 	strd	r2, r3, [sp, #32]
100021be:	f7ff fb1b 	bl	100017f8 <__wrap___aeabi_d2uiz>
100021c2:	4607      	mov	r7, r0
100021c4:	f7ff faf4 	bl	100017b0 <__wrap___aeabi_ui2d>
100021c8:	4602      	mov	r2, r0
100021ca:	460b      	mov	r3, r1
100021cc:	e9dd 0108 	ldrd	r0, r1, [sp, #32]
100021d0:	f7ff fa54 	bl	1000167c <__wrap___aeabi_dsub>
100021d4:	4602      	mov	r2, r0
100021d6:	460b      	mov	r3, r1
100021d8:	e9cd 2308 	strd	r2, r3, [sp, #32]
100021dc:	2200      	movs	r2, #0
100021de:	4b4e      	ldr	r3, [pc, #312]	@ (10002318 <_ftoa+0x2d8>)
100021e0:	f7ff fb6a 	bl	100018b8 <__wrap___aeabi_dcmpgt>
100021e4:	b368      	cbz	r0, 10002242 <_ftoa+0x202>
100021e6:	3701      	adds	r7, #1
100021e8:	4638      	mov	r0, r7
100021ea:	f7ff fae1 	bl	100017b0 <__wrap___aeabi_ui2d>
100021ee:	4602      	mov	r2, r0
100021f0:	460b      	mov	r3, r1
100021f2:	ec51 0b18 	vmov	r0, r1, d8
100021f6:	f7ff fb37 	bl	10001868 <__wrap___aeabi_dcmple>
100021fa:	b108      	cbz	r0, 10002200 <_ftoa+0x1c0>
100021fc:	3601      	adds	r6, #1
100021fe:	2700      	movs	r7, #0
10002200:	bb6d      	cbnz	r5, 1000225e <_ftoa+0x21e>
10002202:	4630      	mov	r0, r6
10002204:	f7ff fac2 	bl	1000178c <__wrap___aeabi_i2d>
10002208:	4602      	mov	r2, r0
1000220a:	460b      	mov	r3, r1
1000220c:	4640      	mov	r0, r8
1000220e:	4649      	mov	r1, r9
10002210:	f7ff fa34 	bl	1000167c <__wrap___aeabi_dsub>
10002214:	4607      	mov	r7, r0
10002216:	4688      	mov	r8, r1
10002218:	2200      	movs	r2, #0
1000221a:	4b3f      	ldr	r3, [pc, #252]	@ (10002318 <_ftoa+0x2d8>)
1000221c:	f7ff fb10 	bl	10001840 <__wrap___aeabi_dcmplt>
10002220:	2800      	cmp	r0, #0
10002222:	d14c      	bne.n	100022be <_ftoa+0x27e>
10002224:	2200      	movs	r2, #0
10002226:	4b3c      	ldr	r3, [pc, #240]	@ (10002318 <_ftoa+0x2d8>)
10002228:	4638      	mov	r0, r7
1000222a:	4641      	mov	r1, r8
1000222c:	f7ff fb44 	bl	100018b8 <__wrap___aeabi_dcmpgt>
10002230:	2800      	cmp	r0, #0
10002232:	d144      	bne.n	100022be <_ftoa+0x27e>
10002234:	f016 0f01 	tst.w	r6, #1
10002238:	d041      	beq.n	100022be <_ftoa+0x27e>
1000223a:	3601      	adds	r6, #1
1000223c:	e03f      	b.n	100022be <_ftoa+0x27e>
1000223e:	2506      	movs	r5, #6
10002240:	e746      	b.n	100020d0 <_ftoa+0x90>
10002242:	2200      	movs	r2, #0
10002244:	4b34      	ldr	r3, [pc, #208]	@ (10002318 <_ftoa+0x2d8>)
10002246:	e9dd 0108 	ldrd	r0, r1, [sp, #32]
1000224a:	f7ff faf9 	bl	10001840 <__wrap___aeabi_dcmplt>
1000224e:	2800      	cmp	r0, #0
10002250:	d1d6      	bne.n	10002200 <_ftoa+0x1c0>
10002252:	b117      	cbz	r7, 1000225a <_ftoa+0x21a>
10002254:	f017 0f01 	tst.w	r7, #1
10002258:	d0d2      	beq.n	10002200 <_ftoa+0x1c0>
1000225a:	3701      	adds	r7, #1
1000225c:	e7d0      	b.n	10002200 <_ftoa+0x1c0>
1000225e:	2c1f      	cmp	r4, #31
10002260:	d817      	bhi.n	10002292 <_ftoa+0x252>
10002262:	3d01      	subs	r5, #1
10002264:	4b2d      	ldr	r3, [pc, #180]	@ (1000231c <_ftoa+0x2dc>)
10002266:	fba3 2307 	umull	r2, r3, r3, r7
1000226a:	08db      	lsrs	r3, r3, #3
1000226c:	4619      	mov	r1, r3
1000226e:	eb03 0383 	add.w	r3, r3, r3, lsl #2
10002272:	eba7 0343 	sub.w	r3, r7, r3, lsl #1
10002276:	1c62      	adds	r2, r4, #1
10002278:	3330      	adds	r3, #48	@ 0x30
1000227a:	f104 0050 	add.w	r0, r4, #80	@ 0x50
1000227e:	eb0d 0400 	add.w	r4, sp, r0
10002282:	f804 3c20 	strb.w	r3, [r4, #-32]
10002286:	2f09      	cmp	r7, #9
10002288:	d902      	bls.n	10002290 <_ftoa+0x250>
1000228a:	460f      	mov	r7, r1
1000228c:	4614      	mov	r4, r2
1000228e:	e7e6      	b.n	1000225e <_ftoa+0x21e>
10002290:	4614      	mov	r4, r2
10002292:	2c1f      	cmp	r4, #31
10002294:	d80a      	bhi.n	100022ac <_ftoa+0x26c>
10002296:	1e6b      	subs	r3, r5, #1
10002298:	b145      	cbz	r5, 100022ac <_ftoa+0x26c>
1000229a:	f104 0250 	add.w	r2, r4, #80	@ 0x50
1000229e:	446a      	add	r2, sp
100022a0:	2130      	movs	r1, #48	@ 0x30
100022a2:	f802 1c20 	strb.w	r1, [r2, #-32]
100022a6:	461d      	mov	r5, r3
100022a8:	3401      	adds	r4, #1
100022aa:	e7f2      	b.n	10002292 <_ftoa+0x252>
100022ac:	2c1f      	cmp	r4, #31
100022ae:	d806      	bhi.n	100022be <_ftoa+0x27e>
100022b0:	f104 0350 	add.w	r3, r4, #80	@ 0x50
100022b4:	446b      	add	r3, sp
100022b6:	222e      	movs	r2, #46	@ 0x2e
100022b8:	f803 2c20 	strb.w	r2, [r3, #-32]
100022bc:	3401      	adds	r4, #1
100022be:	2c1f      	cmp	r4, #31
100022c0:	d831      	bhi.n	10002326 <_ftoa+0x2e6>
100022c2:	4a17      	ldr	r2, [pc, #92]	@ (10002320 <_ftoa+0x2e0>)
100022c4:	fb82 3206 	smull	r3, r2, r2, r6
100022c8:	17f3      	asrs	r3, r6, #31
100022ca:	ebc3 03a2 	rsb	r3, r3, r2, asr #2
100022ce:	461a      	mov	r2, r3
100022d0:	eb03 0383 	add.w	r3, r3, r3, lsl #2
100022d4:	eba6 0343 	sub.w	r3, r6, r3, lsl #1
100022d8:	1c61      	adds	r1, r4, #1
100022da:	3330      	adds	r3, #48	@ 0x30
100022dc:	f104 0050 	add.w	r0, r4, #80	@ 0x50
100022e0:	eb0d 0400 	add.w	r4, sp, r0
100022e4:	f804 3c20 	strb.w	r3, [r4, #-32]
100022e8:	4616      	mov	r6, r2
100022ea:	b1da      	cbz	r2, 10002324 <_ftoa+0x2e4>
100022ec:	460c      	mov	r4, r1
100022ee:	e7e6      	b.n	100022be <_ftoa+0x27e>
100022f0:	00000000 	.word	0x00000000
100022f4:	41cdcd65 	.word	0x41cdcd65
100022f8:	00000000 	.word	0x00000000
100022fc:	c1cdcd65 	.word	0xc1cdcd65
10002300:	7fefffff 	.word	0x7fefffff
10002304:	10003750 	.word	0x10003750
10002308:	10003754 	.word	0x10003754
1000230c:	10003744 	.word	0x10003744
10002310:	1000374c 	.word	0x1000374c
10002314:	100038d8 	.word	0x100038d8
10002318:	3fe00000 	.word	0x3fe00000
1000231c:	cccccccd 	.word	0xcccccccd
10002320:	66666667 	.word	0x66666667
10002324:	460c      	mov	r4, r1
10002326:	9b24      	ldr	r3, [sp, #144]	@ 0x90
10002328:	f003 0303 	and.w	r3, r3, #3
1000232c:	2b01      	cmp	r3, #1
1000232e:	d01d      	beq.n	1000236c <_ftoa+0x32c>
10002330:	2c1f      	cmp	r4, #31
10002332:	d809      	bhi.n	10002348 <_ftoa+0x308>
10002334:	9b0b      	ldr	r3, [sp, #44]	@ 0x2c
10002336:	2b00      	cmp	r3, #0
10002338:	d035      	beq.n	100023a6 <_ftoa+0x366>
1000233a:	f104 0350 	add.w	r3, r4, #80	@ 0x50
1000233e:	446b      	add	r3, sp
10002340:	222d      	movs	r2, #45	@ 0x2d
10002342:	f803 2c20 	strb.w	r2, [r3, #-32]
10002346:	3401      	adds	r4, #1
10002348:	9b24      	ldr	r3, [sp, #144]	@ 0x90
1000234a:	9303      	str	r3, [sp, #12]
1000234c:	9b23      	ldr	r3, [sp, #140]	@ 0x8c
1000234e:	9302      	str	r3, [sp, #8]
10002350:	9401      	str	r4, [sp, #4]
10002352:	ab0c      	add	r3, sp, #48	@ 0x30
10002354:	9300      	str	r3, [sp, #0]
10002356:	465b      	mov	r3, fp
10002358:	4652      	mov	r2, sl
1000235a:	990a      	ldr	r1, [sp, #40]	@ 0x28
1000235c:	9807      	ldr	r0, [sp, #28]
1000235e:	f7ff fada 	bl	10001916 <_out_rev>
10002362:	b015      	add	sp, #84	@ 0x54
10002364:	ecbd 8b02 	vpop	{d8}
10002368:	e8bd 8ff0 	ldmia.w	sp!, {r4, r5, r6, r7, r8, r9, sl, fp, pc}
1000236c:	9b23      	ldr	r3, [sp, #140]	@ 0x8c
1000236e:	b1b3      	cbz	r3, 1000239e <_ftoa+0x35e>
10002370:	9b0b      	ldr	r3, [sp, #44]	@ 0x2c
10002372:	b91b      	cbnz	r3, 1000237c <_ftoa+0x33c>
10002374:	9b24      	ldr	r3, [sp, #144]	@ 0x90
10002376:	f013 0f0c 	tst.w	r3, #12
1000237a:	d012      	beq.n	100023a2 <_ftoa+0x362>
1000237c:	9b23      	ldr	r3, [sp, #140]	@ 0x8c
1000237e:	3b01      	subs	r3, #1
10002380:	9323      	str	r3, [sp, #140]	@ 0x8c
10002382:	4619      	mov	r1, r3
10002384:	e006      	b.n	10002394 <_ftoa+0x354>
10002386:	f104 0350 	add.w	r3, r4, #80	@ 0x50
1000238a:	446b      	add	r3, sp
1000238c:	2230      	movs	r2, #48	@ 0x30
1000238e:	f803 2c20 	strb.w	r2, [r3, #-32]
10002392:	3401      	adds	r4, #1
10002394:	428c      	cmp	r4, r1
10002396:	d2cb      	bcs.n	10002330 <_ftoa+0x2f0>
10002398:	2c1f      	cmp	r4, #31
1000239a:	d9f4      	bls.n	10002386 <_ftoa+0x346>
1000239c:	e7c8      	b.n	10002330 <_ftoa+0x2f0>
1000239e:	9923      	ldr	r1, [sp, #140]	@ 0x8c
100023a0:	e7f8      	b.n	10002394 <_ftoa+0x354>
100023a2:	9923      	ldr	r1, [sp, #140]	@ 0x8c
100023a4:	e7f6      	b.n	10002394 <_ftoa+0x354>
100023a6:	9b24      	ldr	r3, [sp, #144]	@ 0x90
100023a8:	f013 0f04 	tst.w	r3, #4
100023ac:	d007      	beq.n	100023be <_ftoa+0x37e>
100023ae:	f104 0350 	add.w	r3, r4, #80	@ 0x50
100023b2:	446b      	add	r3, sp
100023b4:	222b      	movs	r2, #43	@ 0x2b
100023b6:	f803 2c20 	strb.w	r2, [r3, #-32]
100023ba:	3401      	adds	r4, #1
100023bc:	e7c4      	b.n	10002348 <_ftoa+0x308>
100023be:	9b24      	ldr	r3, [sp, #144]	@ 0x90
100023c0:	f013 0f08 	tst.w	r3, #8
100023c4:	d0c0      	beq.n	10002348 <_ftoa+0x308>
100023c6:	f104 0350 	add.w	r3, r4, #80	@ 0x50
100023ca:	446b      	add	r3, sp
100023cc:	2220      	movs	r2, #32
100023ce:	f803 2c20 	strb.w	r2, [r3, #-32]
100023d2:	3401      	adds	r4, #1
100023d4:	e7b8      	b.n	10002348 <_ftoa+0x308>
100023d6:	bf00      	nop

100023d8 <_vsnprintf>:
100023d8:	e92d 4ff0 	stmdb	sp!, {r4, r5, r6, r7, r8, r9, sl, fp, lr}
100023dc:	b091      	sub	sp, #68	@ 0x44
100023de:	4680      	mov	r8, r0
100023e0:	4617      	mov	r7, r2
100023e2:	930f      	str	r3, [sp, #60]	@ 0x3c
100023e4:	4689      	mov	r9, r1
100023e6:	2900      	cmp	r1, #0
100023e8:	f000 834b 	beq.w	10002a82 <_vsnprintf+0x6aa>
100023ec:	2600      	movs	r6, #0
100023ee:	9b0f      	ldr	r3, [sp, #60]	@ 0x3c
100023f0:	7818      	ldrb	r0, [r3, #0]
100023f2:	2800      	cmp	r0, #0
100023f4:	f000 8348 	beq.w	10002a88 <_vsnprintf+0x6b0>
100023f8:	2825      	cmp	r0, #37	@ 0x25
100023fa:	d009      	beq.n	10002410 <_vsnprintf+0x38>
100023fc:	1c74      	adds	r4, r6, #1
100023fe:	463b      	mov	r3, r7
10002400:	4632      	mov	r2, r6
10002402:	4649      	mov	r1, r9
10002404:	47c0      	blx	r8
10002406:	9b0f      	ldr	r3, [sp, #60]	@ 0x3c
10002408:	3301      	adds	r3, #1
1000240a:	930f      	str	r3, [sp, #60]	@ 0x3c
1000240c:	4626      	mov	r6, r4
1000240e:	e7ee      	b.n	100023ee <_vsnprintf+0x16>
10002410:	3301      	adds	r3, #1
10002412:	930f      	str	r3, [sp, #60]	@ 0x3c
10002414:	2500      	movs	r5, #0
10002416:	e01f      	b.n	10002458 <_vsnprintf+0x80>
10002418:	f045 0501 	orr.w	r5, r5, #1
1000241c:	3201      	adds	r2, #1
1000241e:	920f      	str	r2, [sp, #60]	@ 0x3c
10002420:	2301      	movs	r3, #1
10002422:	e018      	b.n	10002456 <_vsnprintf+0x7e>
10002424:	f045 0502 	orr.w	r5, r5, #2
10002428:	3201      	adds	r2, #1
1000242a:	920f      	str	r2, [sp, #60]	@ 0x3c
1000242c:	2301      	movs	r3, #1
1000242e:	e012      	b.n	10002456 <_vsnprintf+0x7e>
10002430:	f045 0504 	orr.w	r5, r5, #4
10002434:	3201      	adds	r2, #1
10002436:	920f      	str	r2, [sp, #60]	@ 0x3c
10002438:	2301      	movs	r3, #1
1000243a:	e00c      	b.n	10002456 <_vsnprintf+0x7e>
1000243c:	f045 0508 	orr.w	r5, r5, #8
10002440:	3201      	adds	r2, #1
10002442:	920f      	str	r2, [sp, #60]	@ 0x3c
10002444:	2301      	movs	r3, #1
10002446:	e006      	b.n	10002456 <_vsnprintf+0x7e>
10002448:	f045 0510 	orr.w	r5, r5, #16
1000244c:	3201      	adds	r2, #1
1000244e:	920f      	str	r2, [sp, #60]	@ 0x3c
10002450:	2301      	movs	r3, #1
10002452:	e000      	b.n	10002456 <_vsnprintf+0x7e>
10002454:	2300      	movs	r3, #0
10002456:	b34b      	cbz	r3, 100024ac <_vsnprintf+0xd4>
10002458:	9a0f      	ldr	r2, [sp, #60]	@ 0x3c
1000245a:	7813      	ldrb	r3, [r2, #0]
1000245c:	3b20      	subs	r3, #32
1000245e:	2b10      	cmp	r3, #16
10002460:	d8f8      	bhi.n	10002454 <_vsnprintf+0x7c>
10002462:	a101      	add	r1, pc, #4	@ (adr r1, 10002468 <_vsnprintf+0x90>)
10002464:	f851 f023 	ldr.w	pc, [r1, r3, lsl #2]
10002468:	1000243d 	.word	0x1000243d
1000246c:	10002455 	.word	0x10002455
10002470:	10002455 	.word	0x10002455
10002474:	10002449 	.word	0x10002449
10002478:	10002455 	.word	0x10002455
1000247c:	10002455 	.word	0x10002455
10002480:	10002455 	.word	0x10002455
10002484:	10002455 	.word	0x10002455
10002488:	10002455 	.word	0x10002455
1000248c:	10002455 	.word	0x10002455
10002490:	10002455 	.word	0x10002455
10002494:	10002431 	.word	0x10002431
10002498:	10002455 	.word	0x10002455
1000249c:	10002425 	.word	0x10002425
100024a0:	10002455 	.word	0x10002455
100024a4:	10002455 	.word	0x10002455
100024a8:	10002419 	.word	0x10002419
100024ac:	930b      	str	r3, [sp, #44]	@ 0x2c
100024ae:	9b0f      	ldr	r3, [sp, #60]	@ 0x3c
100024b0:	781a      	ldrb	r2, [r3, #0]
100024b2:	f1a2 0330 	sub.w	r3, r2, #48	@ 0x30
100024b6:	b2db      	uxtb	r3, r3
100024b8:	2b09      	cmp	r3, #9
100024ba:	d918      	bls.n	100024ee <_vsnprintf+0x116>
100024bc:	2a2a      	cmp	r2, #42	@ 0x2a
100024be:	d01b      	beq.n	100024f8 <_vsnprintf+0x120>
100024c0:	f8dd b02c 	ldr.w	fp, [sp, #44]	@ 0x2c
100024c4:	9b0f      	ldr	r3, [sp, #60]	@ 0x3c
100024c6:	781a      	ldrb	r2, [r3, #0]
100024c8:	2a2e      	cmp	r2, #46	@ 0x2e
100024ca:	d025      	beq.n	10002518 <_vsnprintf+0x140>
100024cc:	9a0f      	ldr	r2, [sp, #60]	@ 0x3c
100024ce:	7813      	ldrb	r3, [r2, #0]
100024d0:	3b68      	subs	r3, #104	@ 0x68
100024d2:	2b12      	cmp	r3, #18
100024d4:	d85c      	bhi.n	10002590 <_vsnprintf+0x1b8>
100024d6:	e8df f003 	tbb	[pc, r3]
100024da:	5b49      	.short	0x5b49
100024dc:	5b3b5bac 	.word	0x5b3b5bac
100024e0:	5b5b5b5b 	.word	0x5b5b5b5b
100024e4:	5b575b5b 	.word	0x5b575b5b
100024e8:	5b5b5b5b 	.word	0x5b5b5b5b
100024ec:	b1          	.byte	0xb1
100024ed:	00          	.byte	0x00
100024ee:	a80f      	add	r0, sp, #60	@ 0x3c
100024f0:	f7ff f9fe 	bl	100018f0 <_atoi>
100024f4:	4683      	mov	fp, r0
100024f6:	e7e5      	b.n	100024c4 <_vsnprintf+0xec>
100024f8:	9b1a      	ldr	r3, [sp, #104]	@ 0x68
100024fa:	1d1a      	adds	r2, r3, #4
100024fc:	921a      	str	r2, [sp, #104]	@ 0x68
100024fe:	681b      	ldr	r3, [r3, #0]
10002500:	2b00      	cmp	r3, #0
10002502:	db04      	blt.n	1000250e <_vsnprintf+0x136>
10002504:	469b      	mov	fp, r3
10002506:	9b0f      	ldr	r3, [sp, #60]	@ 0x3c
10002508:	3301      	adds	r3, #1
1000250a:	930f      	str	r3, [sp, #60]	@ 0x3c
1000250c:	e7da      	b.n	100024c4 <_vsnprintf+0xec>
1000250e:	f045 0502 	orr.w	r5, r5, #2
10002512:	f1c3 0b00 	rsb	fp, r3, #0
10002516:	e7f6      	b.n	10002506 <_vsnprintf+0x12e>
10002518:	f445 6580 	orr.w	r5, r5, #1024	@ 0x400
1000251c:	1c5a      	adds	r2, r3, #1
1000251e:	920f      	str	r2, [sp, #60]	@ 0x3c
10002520:	785a      	ldrb	r2, [r3, #1]
10002522:	f1a2 0330 	sub.w	r3, r2, #48	@ 0x30
10002526:	b2db      	uxtb	r3, r3
10002528:	2b09      	cmp	r3, #9
1000252a:	d90c      	bls.n	10002546 <_vsnprintf+0x16e>
1000252c:	2a2a      	cmp	r2, #42	@ 0x2a
1000252e:	d1cd      	bne.n	100024cc <_vsnprintf+0xf4>
10002530:	9b1a      	ldr	r3, [sp, #104]	@ 0x68
10002532:	1d1a      	adds	r2, r3, #4
10002534:	921a      	str	r2, [sp, #104]	@ 0x68
10002536:	681c      	ldr	r4, [r3, #0]
10002538:	ea24 73e4 	bic.w	r3, r4, r4, asr #31
1000253c:	930b      	str	r3, [sp, #44]	@ 0x2c
1000253e:	9b0f      	ldr	r3, [sp, #60]	@ 0x3c
10002540:	3301      	adds	r3, #1
10002542:	930f      	str	r3, [sp, #60]	@ 0x3c
10002544:	e7c2      	b.n	100024cc <_vsnprintf+0xf4>
10002546:	a80f      	add	r0, sp, #60	@ 0x3c
10002548:	f7ff f9d2 	bl	100018f0 <_atoi>
1000254c:	900b      	str	r0, [sp, #44]	@ 0x2c
1000254e:	e7bd      	b.n	100024cc <_vsnprintf+0xf4>
10002550:	f445 7180 	orr.w	r1, r5, #256	@ 0x100
10002554:	1c53      	adds	r3, r2, #1
10002556:	930f      	str	r3, [sp, #60]	@ 0x3c
10002558:	7853      	ldrb	r3, [r2, #1]
1000255a:	2b6c      	cmp	r3, #108	@ 0x6c
1000255c:	d001      	beq.n	10002562 <_vsnprintf+0x18a>
1000255e:	460d      	mov	r5, r1
10002560:	e016      	b.n	10002590 <_vsnprintf+0x1b8>
10002562:	f445 7540 	orr.w	r5, r5, #768	@ 0x300
10002566:	3202      	adds	r2, #2
10002568:	920f      	str	r2, [sp, #60]	@ 0x3c
1000256a:	e011      	b.n	10002590 <_vsnprintf+0x1b8>
1000256c:	f045 0180 	orr.w	r1, r5, #128	@ 0x80
10002570:	1c53      	adds	r3, r2, #1
10002572:	930f      	str	r3, [sp, #60]	@ 0x3c
10002574:	7853      	ldrb	r3, [r2, #1]
10002576:	2b68      	cmp	r3, #104	@ 0x68
10002578:	d001      	beq.n	1000257e <_vsnprintf+0x1a6>
1000257a:	460d      	mov	r5, r1
1000257c:	e008      	b.n	10002590 <_vsnprintf+0x1b8>
1000257e:	f045 05c0 	orr.w	r5, r5, #192	@ 0xc0
10002582:	3202      	adds	r2, #2
10002584:	920f      	str	r2, [sp, #60]	@ 0x3c
10002586:	e003      	b.n	10002590 <_vsnprintf+0x1b8>
10002588:	f445 7580 	orr.w	r5, r5, #256	@ 0x100
1000258c:	3201      	adds	r2, #1
1000258e:	920f      	str	r2, [sp, #60]	@ 0x3c
10002590:	9b0f      	ldr	r3, [sp, #60]	@ 0x3c
10002592:	7818      	ldrb	r0, [r3, #0]
10002594:	2867      	cmp	r0, #103	@ 0x67
10002596:	d856      	bhi.n	10002646 <_vsnprintf+0x26e>
10002598:	2825      	cmp	r0, #37	@ 0x25
1000259a:	f0c0 8268 	bcc.w	10002a6e <_vsnprintf+0x696>
1000259e:	f1a0 0325 	sub.w	r3, r0, #37	@ 0x25
100025a2:	2b42      	cmp	r3, #66	@ 0x42
100025a4:	f200 8263 	bhi.w	10002a6e <_vsnprintf+0x696>
100025a8:	e8df f013 	tbh	[pc, r3, lsl #1]
100025ac:	02610256 	.word	0x02610256
100025b0:	02610261 	.word	0x02610261
100025b4:	02610261 	.word	0x02610261
100025b8:	02610261 	.word	0x02610261
100025bc:	02610261 	.word	0x02610261
100025c0:	02610261 	.word	0x02610261
100025c4:	02610261 	.word	0x02610261
100025c8:	02610261 	.word	0x02610261
100025cc:	02610261 	.word	0x02610261
100025d0:	02610261 	.word	0x02610261
100025d4:	02610261 	.word	0x02610261
100025d8:	02610261 	.word	0x02610261
100025dc:	02610261 	.word	0x02610261
100025e0:	02610261 	.word	0x02610261
100025e4:	02610261 	.word	0x02610261
100025e8:	02610261 	.word	0x02610261
100025ec:	01680188 	.word	0x01680188
100025f0:	02610188 	.word	0x02610188
100025f4:	02610261 	.word	0x02610261
100025f8:	02610261 	.word	0x02610261
100025fc:	02610261 	.word	0x02610261
10002600:	02610261 	.word	0x02610261
10002604:	02610261 	.word	0x02610261
10002608:	02610261 	.word	0x02610261
1000260c:	02610261 	.word	0x02610261
10002610:	00710261 	.word	0x00710261
10002614:	02610261 	.word	0x02610261
10002618:	02610261 	.word	0x02610261
1000261c:	02610261 	.word	0x02610261
10002620:	02610261 	.word	0x02610261
10002624:	00710261 	.word	0x00710261
10002628:	007101af 	.word	0x007101af
1000262c:	01680188 	.word	0x01680188
10002630:	0188      	.short	0x0188
10002632:	f445 7500 	orr.w	r5, r5, #512	@ 0x200
10002636:	3201      	adds	r2, #1
10002638:	920f      	str	r2, [sp, #60]	@ 0x3c
1000263a:	e7a9      	b.n	10002590 <_vsnprintf+0x1b8>
1000263c:	f445 7580 	orr.w	r5, r5, #256	@ 0x100
10002640:	3201      	adds	r2, #1
10002642:	920f      	str	r2, [sp, #60]	@ 0x3c
10002644:	e7a4      	b.n	10002590 <_vsnprintf+0x1b8>
10002646:	2878      	cmp	r0, #120	@ 0x78
10002648:	f200 8211 	bhi.w	10002a6e <_vsnprintf+0x696>
1000264c:	2869      	cmp	r0, #105	@ 0x69
1000264e:	f0c0 820e 	bcc.w	10002a6e <_vsnprintf+0x696>
10002652:	f1a0 0269 	sub.w	r2, r0, #105	@ 0x69
10002656:	b2d2      	uxtb	r2, r2
10002658:	2301      	movs	r3, #1
1000265a:	4093      	lsls	r3, r2
1000265c:	f249 0241 	movw	r2, #36929	@ 0x9041
10002660:	4213      	tst	r3, r2
10002662:	d114      	bne.n	1000268e <_vsnprintf+0x2b6>
10002664:	f013 0f80 	tst.w	r3, #128	@ 0x80
10002668:	f040 81db 	bne.w	10002a22 <_vsnprintf+0x64a>
1000266c:	f413 6f80 	tst.w	r3, #1024	@ 0x400
10002670:	f000 81fd 	beq.w	10002a6e <_vsnprintf+0x696>
10002674:	9b1a      	ldr	r3, [sp, #104]	@ 0x68
10002676:	1d1a      	adds	r2, r3, #4
10002678:	921a      	str	r2, [sp, #104]	@ 0x68
1000267a:	f8d3 a000 	ldr.w	sl, [r3]
1000267e:	9b0b      	ldr	r3, [sp, #44]	@ 0x2c
10002680:	2b00      	cmp	r3, #0
10002682:	f040 8190 	bne.w	100029a6 <_vsnprintf+0x5ce>
10002686:	f04f 32ff 	mov.w	r2, #4294967295	@ 0xffffffff
1000268a:	4653      	mov	r3, sl
1000268c:	e171      	b.n	10002972 <_vsnprintf+0x59a>
1000268e:	286f      	cmp	r0, #111	@ 0x6f
10002690:	d00c      	beq.n	100026ac <_vsnprintf+0x2d4>
10002692:	d805      	bhi.n	100026a0 <_vsnprintf+0x2c8>
10002694:	2858      	cmp	r0, #88	@ 0x58
10002696:	d03c      	beq.n	10002712 <_vsnprintf+0x33a>
10002698:	2862      	cmp	r0, #98	@ 0x62
1000269a:	d103      	bne.n	100026a4 <_vsnprintf+0x2cc>
1000269c:	2302      	movs	r3, #2
1000269e:	e006      	b.n	100026ae <_vsnprintf+0x2d6>
100026a0:	2878      	cmp	r0, #120	@ 0x78
100026a2:	d038      	beq.n	10002716 <_vsnprintf+0x33e>
100026a4:	f025 0510 	bic.w	r5, r5, #16
100026a8:	230a      	movs	r3, #10
100026aa:	e000      	b.n	100026ae <_vsnprintf+0x2d6>
100026ac:	2308      	movs	r3, #8
100026ae:	2858      	cmp	r0, #88	@ 0x58
100026b0:	d033      	beq.n	1000271a <_vsnprintf+0x342>
100026b2:	2869      	cmp	r0, #105	@ 0x69
100026b4:	d003      	beq.n	100026be <_vsnprintf+0x2e6>
100026b6:	2864      	cmp	r0, #100	@ 0x64
100026b8:	d001      	beq.n	100026be <_vsnprintf+0x2e6>
100026ba:	f025 050c 	bic.w	r5, r5, #12
100026be:	f415 6f80 	tst.w	r5, #1024	@ 0x400
100026c2:	d001      	beq.n	100026c8 <_vsnprintf+0x2f0>
100026c4:	f025 0501 	bic.w	r5, r5, #1
100026c8:	2869      	cmp	r0, #105	@ 0x69
100026ca:	d029      	beq.n	10002720 <_vsnprintf+0x348>
100026cc:	2864      	cmp	r0, #100	@ 0x64
100026ce:	d027      	beq.n	10002720 <_vsnprintf+0x348>
100026d0:	f415 7f00 	tst.w	r5, #512	@ 0x200
100026d4:	f040 8094 	bne.w	10002800 <_vsnprintf+0x428>
100026d8:	f415 7f80 	tst.w	r5, #256	@ 0x100
100026dc:	f040 80ac 	bne.w	10002838 <_vsnprintf+0x460>
100026e0:	f015 0f40 	tst.w	r5, #64	@ 0x40
100026e4:	f000 80bd 	beq.w	10002862 <_vsnprintf+0x48a>
100026e8:	9a1a      	ldr	r2, [sp, #104]	@ 0x68
100026ea:	1d11      	adds	r1, r2, #4
100026ec:	911a      	str	r1, [sp, #104]	@ 0x68
100026ee:	7812      	ldrb	r2, [r2, #0]
100026f0:	9505      	str	r5, [sp, #20]
100026f2:	f8cd b010 	str.w	fp, [sp, #16]
100026f6:	990b      	ldr	r1, [sp, #44]	@ 0x2c
100026f8:	9103      	str	r1, [sp, #12]
100026fa:	9302      	str	r3, [sp, #8]
100026fc:	2300      	movs	r3, #0
100026fe:	9301      	str	r3, [sp, #4]
10002700:	9200      	str	r2, [sp, #0]
10002702:	463b      	mov	r3, r7
10002704:	4632      	mov	r2, r6
10002706:	4649      	mov	r1, r9
10002708:	4640      	mov	r0, r8
1000270a:	f7ff f9de 	bl	10001aca <_ntoa_long>
1000270e:	4606      	mov	r6, r0
10002710:	e027      	b.n	10002762 <_vsnprintf+0x38a>
10002712:	2310      	movs	r3, #16
10002714:	e7cb      	b.n	100026ae <_vsnprintf+0x2d6>
10002716:	2310      	movs	r3, #16
10002718:	e7c9      	b.n	100026ae <_vsnprintf+0x2d6>
1000271a:	f045 0520 	orr.w	r5, r5, #32
1000271e:	e7c8      	b.n	100026b2 <_vsnprintf+0x2da>
10002720:	f415 7f00 	tst.w	r5, #512	@ 0x200
10002724:	d121      	bne.n	1000276a <_vsnprintf+0x392>
10002726:	f415 7f80 	tst.w	r5, #256	@ 0x100
1000272a:	d142      	bne.n	100027b2 <_vsnprintf+0x3da>
1000272c:	f015 0f40 	tst.w	r5, #64	@ 0x40
10002730:	d058      	beq.n	100027e4 <_vsnprintf+0x40c>
10002732:	9a1a      	ldr	r2, [sp, #104]	@ 0x68
10002734:	1d11      	adds	r1, r2, #4
10002736:	911a      	str	r1, [sp, #104]	@ 0x68
10002738:	7812      	ldrb	r2, [r2, #0]
1000273a:	ea82 71e2 	eor.w	r1, r2, r2, asr #31
1000273e:	eba1 71e2 	sub.w	r1, r1, r2, asr #31
10002742:	9505      	str	r5, [sp, #20]
10002744:	f8cd b010 	str.w	fp, [sp, #16]
10002748:	980b      	ldr	r0, [sp, #44]	@ 0x2c
1000274a:	9003      	str	r0, [sp, #12]
1000274c:	9302      	str	r3, [sp, #8]
1000274e:	0fd2      	lsrs	r2, r2, #31
10002750:	9201      	str	r2, [sp, #4]
10002752:	9100      	str	r1, [sp, #0]
10002754:	463b      	mov	r3, r7
10002756:	4632      	mov	r2, r6
10002758:	4649      	mov	r1, r9
1000275a:	4640      	mov	r0, r8
1000275c:	f7ff f9b5 	bl	10001aca <_ntoa_long>
10002760:	4606      	mov	r6, r0
10002762:	9b0f      	ldr	r3, [sp, #60]	@ 0x3c
10002764:	3301      	adds	r3, #1
10002766:	930f      	str	r3, [sp, #60]	@ 0x3c
10002768:	e641      	b.n	100023ee <_vsnprintf+0x16>
1000276a:	9a1a      	ldr	r2, [sp, #104]	@ 0x68
1000276c:	3207      	adds	r2, #7
1000276e:	f022 0207 	bic.w	r2, r2, #7
10002772:	f102 0108 	add.w	r1, r2, #8
10002776:	911a      	str	r1, [sp, #104]	@ 0x68
10002778:	6851      	ldr	r1, [r2, #4]
1000277a:	6812      	ldr	r2, [r2, #0]
1000277c:	4608      	mov	r0, r1
1000277e:	2900      	cmp	r1, #0
10002780:	db13      	blt.n	100027aa <_vsnprintf+0x3d2>
10002782:	9508      	str	r5, [sp, #32]
10002784:	f8cd b01c 	str.w	fp, [sp, #28]
10002788:	9c0b      	ldr	r4, [sp, #44]	@ 0x2c
1000278a:	9406      	str	r4, [sp, #24]
1000278c:	9304      	str	r3, [sp, #16]
1000278e:	2300      	movs	r3, #0
10002790:	9305      	str	r3, [sp, #20]
10002792:	0fc9      	lsrs	r1, r1, #31
10002794:	9102      	str	r1, [sp, #8]
10002796:	9200      	str	r2, [sp, #0]
10002798:	9001      	str	r0, [sp, #4]
1000279a:	463b      	mov	r3, r7
1000279c:	4632      	mov	r2, r6
1000279e:	4649      	mov	r1, r9
100027a0:	4640      	mov	r0, r8
100027a2:	f7ff f9dc 	bl	10001b5e <_ntoa_long_long>
100027a6:	4606      	mov	r6, r0
100027a8:	e7db      	b.n	10002762 <_vsnprintf+0x38a>
100027aa:	4252      	negs	r2, r2
100027ac:	eb61 0041 	sbc.w	r0, r1, r1, lsl #1
100027b0:	e7e7      	b.n	10002782 <_vsnprintf+0x3aa>
100027b2:	9a1a      	ldr	r2, [sp, #104]	@ 0x68
100027b4:	1d11      	adds	r1, r2, #4
100027b6:	911a      	str	r1, [sp, #104]	@ 0x68
100027b8:	6812      	ldr	r2, [r2, #0]
100027ba:	ea82 71e2 	eor.w	r1, r2, r2, asr #31
100027be:	eba1 71e2 	sub.w	r1, r1, r2, asr #31
100027c2:	9505      	str	r5, [sp, #20]
100027c4:	f8cd b010 	str.w	fp, [sp, #16]
100027c8:	980b      	ldr	r0, [sp, #44]	@ 0x2c
100027ca:	9003      	str	r0, [sp, #12]
100027cc:	9302      	str	r3, [sp, #8]
100027ce:	0fd2      	lsrs	r2, r2, #31
100027d0:	9201      	str	r2, [sp, #4]
100027d2:	9100      	str	r1, [sp, #0]
100027d4:	463b      	mov	r3, r7
100027d6:	4632      	mov	r2, r6
100027d8:	4649      	mov	r1, r9
100027da:	4640      	mov	r0, r8
100027dc:	f7ff f975 	bl	10001aca <_ntoa_long>
100027e0:	4606      	mov	r6, r0
100027e2:	e7be      	b.n	10002762 <_vsnprintf+0x38a>
100027e4:	f015 0f80 	tst.w	r5, #128	@ 0x80
100027e8:	d005      	beq.n	100027f6 <_vsnprintf+0x41e>
100027ea:	9a1a      	ldr	r2, [sp, #104]	@ 0x68
100027ec:	1d11      	adds	r1, r2, #4
100027ee:	911a      	str	r1, [sp, #104]	@ 0x68
100027f0:	f9b2 2000 	ldrsh.w	r2, [r2]
100027f4:	e7a1      	b.n	1000273a <_vsnprintf+0x362>
100027f6:	9a1a      	ldr	r2, [sp, #104]	@ 0x68
100027f8:	1d11      	adds	r1, r2, #4
100027fa:	911a      	str	r1, [sp, #104]	@ 0x68
100027fc:	6812      	ldr	r2, [r2, #0]
100027fe:	e79c      	b.n	1000273a <_vsnprintf+0x362>
10002800:	9a1a      	ldr	r2, [sp, #104]	@ 0x68
10002802:	3207      	adds	r2, #7
10002804:	f022 0207 	bic.w	r2, r2, #7
10002808:	f102 0108 	add.w	r1, r2, #8
1000280c:	911a      	str	r1, [sp, #104]	@ 0x68
1000280e:	9508      	str	r5, [sp, #32]
10002810:	f8cd b01c 	str.w	fp, [sp, #28]
10002814:	990b      	ldr	r1, [sp, #44]	@ 0x2c
10002816:	9106      	str	r1, [sp, #24]
10002818:	2100      	movs	r1, #0
1000281a:	9304      	str	r3, [sp, #16]
1000281c:	9105      	str	r1, [sp, #20]
1000281e:	9102      	str	r1, [sp, #8]
10002820:	e9d2 2300 	ldrd	r2, r3, [r2]
10002824:	e9cd 2300 	strd	r2, r3, [sp]
10002828:	463b      	mov	r3, r7
1000282a:	4632      	mov	r2, r6
1000282c:	4649      	mov	r1, r9
1000282e:	4640      	mov	r0, r8
10002830:	f7ff f995 	bl	10001b5e <_ntoa_long_long>
10002834:	4606      	mov	r6, r0
10002836:	e794      	b.n	10002762 <_vsnprintf+0x38a>
10002838:	9a1a      	ldr	r2, [sp, #104]	@ 0x68
1000283a:	1d11      	adds	r1, r2, #4
1000283c:	911a      	str	r1, [sp, #104]	@ 0x68
1000283e:	9505      	str	r5, [sp, #20]
10002840:	f8cd b010 	str.w	fp, [sp, #16]
10002844:	990b      	ldr	r1, [sp, #44]	@ 0x2c
10002846:	9103      	str	r1, [sp, #12]
10002848:	9302      	str	r3, [sp, #8]
1000284a:	2300      	movs	r3, #0
1000284c:	9301      	str	r3, [sp, #4]
1000284e:	6813      	ldr	r3, [r2, #0]
10002850:	9300      	str	r3, [sp, #0]
10002852:	463b      	mov	r3, r7
10002854:	4632      	mov	r2, r6
10002856:	4649      	mov	r1, r9
10002858:	4640      	mov	r0, r8
1000285a:	f7ff f936 	bl	10001aca <_ntoa_long>
1000285e:	4606      	mov	r6, r0
10002860:	e77f      	b.n	10002762 <_vsnprintf+0x38a>
10002862:	f015 0f80 	tst.w	r5, #128	@ 0x80
10002866:	d004      	beq.n	10002872 <_vsnprintf+0x49a>
10002868:	9a1a      	ldr	r2, [sp, #104]	@ 0x68
1000286a:	1d11      	adds	r1, r2, #4
1000286c:	911a      	str	r1, [sp, #104]	@ 0x68
1000286e:	8812      	ldrh	r2, [r2, #0]
10002870:	e73e      	b.n	100026f0 <_vsnprintf+0x318>
10002872:	9a1a      	ldr	r2, [sp, #104]	@ 0x68
10002874:	1d11      	adds	r1, r2, #4
10002876:	911a      	str	r1, [sp, #104]	@ 0x68
10002878:	6812      	ldr	r2, [r2, #0]
1000287a:	e739      	b.n	100026f0 <_vsnprintf+0x318>
1000287c:	2846      	cmp	r0, #70	@ 0x46
1000287e:	d01a      	beq.n	100028b6 <_vsnprintf+0x4de>
10002880:	9b1a      	ldr	r3, [sp, #104]	@ 0x68
10002882:	3307      	adds	r3, #7
10002884:	f023 0307 	bic.w	r3, r3, #7
10002888:	f103 0208 	add.w	r2, r3, #8
1000288c:	921a      	str	r2, [sp, #104]	@ 0x68
1000288e:	9504      	str	r5, [sp, #16]
10002890:	f8cd b00c 	str.w	fp, [sp, #12]
10002894:	9a0b      	ldr	r2, [sp, #44]	@ 0x2c
10002896:	9202      	str	r2, [sp, #8]
10002898:	e9d3 2300 	ldrd	r2, r3, [r3]
1000289c:	e9cd 2300 	strd	r2, r3, [sp]
100028a0:	463b      	mov	r3, r7
100028a2:	4632      	mov	r2, r6
100028a4:	4649      	mov	r1, r9
100028a6:	4640      	mov	r0, r8
100028a8:	f7ff fbca 	bl	10002040 <_ftoa>
100028ac:	4606      	mov	r6, r0
100028ae:	9b0f      	ldr	r3, [sp, #60]	@ 0x3c
100028b0:	3301      	adds	r3, #1
100028b2:	930f      	str	r3, [sp, #60]	@ 0x3c
100028b4:	e59b      	b.n	100023ee <_vsnprintf+0x16>
100028b6:	f045 0520 	orr.w	r5, r5, #32
100028ba:	e7e1      	b.n	10002880 <_vsnprintf+0x4a8>
100028bc:	2867      	cmp	r0, #103	@ 0x67
100028be:	d001      	beq.n	100028c4 <_vsnprintf+0x4ec>
100028c0:	2847      	cmp	r0, #71	@ 0x47
100028c2:	d101      	bne.n	100028c8 <_vsnprintf+0x4f0>
100028c4:	f445 6500 	orr.w	r5, r5, #2048	@ 0x800
100028c8:	2845      	cmp	r0, #69	@ 0x45
100028ca:	d001      	beq.n	100028d0 <_vsnprintf+0x4f8>
100028cc:	2847      	cmp	r0, #71	@ 0x47
100028ce:	d101      	bne.n	100028d4 <_vsnprintf+0x4fc>
100028d0:	f045 0520 	orr.w	r5, r5, #32
100028d4:	9b1a      	ldr	r3, [sp, #104]	@ 0x68
100028d6:	3307      	adds	r3, #7
100028d8:	f023 0307 	bic.w	r3, r3, #7
100028dc:	f103 0208 	add.w	r2, r3, #8
100028e0:	921a      	str	r2, [sp, #104]	@ 0x68
100028e2:	9504      	str	r5, [sp, #16]
100028e4:	f8cd b00c 	str.w	fp, [sp, #12]
100028e8:	9a0b      	ldr	r2, [sp, #44]	@ 0x2c
100028ea:	9202      	str	r2, [sp, #8]
100028ec:	e9d3 2300 	ldrd	r2, r3, [r3]
100028f0:	e9cd 2300 	strd	r2, r3, [sp]
100028f4:	463b      	mov	r3, r7
100028f6:	4632      	mov	r2, r6
100028f8:	4649      	mov	r1, r9
100028fa:	4640      	mov	r0, r8
100028fc:	f7ff f990 	bl	10001c20 <_etoa>
10002900:	4606      	mov	r6, r0
10002902:	9b0f      	ldr	r3, [sp, #60]	@ 0x3c
10002904:	3301      	adds	r3, #1
10002906:	930f      	str	r3, [sp, #60]	@ 0x3c
10002908:	e571      	b.n	100023ee <_vsnprintf+0x16>
1000290a:	f015 0502 	ands.w	r5, r5, #2
1000290e:	d01d      	beq.n	1000294c <_vsnprintf+0x574>
10002910:	2401      	movs	r4, #1
10002912:	981a      	ldr	r0, [sp, #104]	@ 0x68
10002914:	1d03      	adds	r3, r0, #4
10002916:	931a      	str	r3, [sp, #104]	@ 0x68
10002918:	f106 0a01 	add.w	sl, r6, #1
1000291c:	463b      	mov	r3, r7
1000291e:	4632      	mov	r2, r6
10002920:	4649      	mov	r1, r9
10002922:	7800      	ldrb	r0, [r0, #0]
10002924:	47c0      	blx	r8
10002926:	b9a5      	cbnz	r5, 10002952 <_vsnprintf+0x57a>
10002928:	9b0f      	ldr	r3, [sp, #60]	@ 0x3c
1000292a:	3301      	adds	r3, #1
1000292c:	930f      	str	r3, [sp, #60]	@ 0x3c
1000292e:	4656      	mov	r6, sl
10002930:	e55d      	b.n	100023ee <_vsnprintf+0x16>
10002932:	f102 0a01 	add.w	sl, r2, #1
10002936:	463b      	mov	r3, r7
10002938:	4649      	mov	r1, r9
1000293a:	2020      	movs	r0, #32
1000293c:	47c0      	blx	r8
1000293e:	4623      	mov	r3, r4
10002940:	4652      	mov	r2, sl
10002942:	1c5c      	adds	r4, r3, #1
10002944:	459b      	cmp	fp, r3
10002946:	d8f4      	bhi.n	10002932 <_vsnprintf+0x55a>
10002948:	4616      	mov	r6, r2
1000294a:	e7e2      	b.n	10002912 <_vsnprintf+0x53a>
1000294c:	2301      	movs	r3, #1
1000294e:	4632      	mov	r2, r6
10002950:	e7f7      	b.n	10002942 <_vsnprintf+0x56a>
10002952:	4652      	mov	r2, sl
10002954:	e006      	b.n	10002964 <_vsnprintf+0x58c>
10002956:	1c56      	adds	r6, r2, #1
10002958:	463b      	mov	r3, r7
1000295a:	4649      	mov	r1, r9
1000295c:	2020      	movs	r0, #32
1000295e:	47c0      	blx	r8
10002960:	462c      	mov	r4, r5
10002962:	4632      	mov	r2, r6
10002964:	1c65      	adds	r5, r4, #1
10002966:	45a3      	cmp	fp, r4
10002968:	d8f5      	bhi.n	10002956 <_vsnprintf+0x57e>
1000296a:	4692      	mov	sl, r2
1000296c:	e7dc      	b.n	10002928 <_vsnprintf+0x550>
1000296e:	3301      	adds	r3, #1
10002970:	460a      	mov	r2, r1
10002972:	7819      	ldrb	r1, [r3, #0]
10002974:	b111      	cbz	r1, 1000297c <_vsnprintf+0x5a4>
10002976:	1e51      	subs	r1, r2, #1
10002978:	2a00      	cmp	r2, #0
1000297a:	d1f8      	bne.n	1000296e <_vsnprintf+0x596>
1000297c:	eba3 030a 	sub.w	r3, r3, sl
10002980:	f415 6280 	ands.w	r2, r5, #1024	@ 0x400
10002984:	920c      	str	r2, [sp, #48]	@ 0x30
10002986:	d003      	beq.n	10002990 <_vsnprintf+0x5b8>
10002988:	9a0b      	ldr	r2, [sp, #44]	@ 0x2c
1000298a:	4293      	cmp	r3, r2
1000298c:	bf28      	it	cs
1000298e:	4613      	movcs	r3, r2
10002990:	f015 0402 	ands.w	r4, r5, #2
10002994:	d009      	beq.n	100029aa <_vsnprintf+0x5d2>
10002996:	940d      	str	r4, [sp, #52]	@ 0x34
10002998:	f8cd b038 	str.w	fp, [sp, #56]	@ 0x38
1000299c:	9d0b      	ldr	r5, [sp, #44]	@ 0x2c
1000299e:	4632      	mov	r2, r6
100029a0:	9e0c      	ldr	r6, [sp, #48]	@ 0x30
100029a2:	469b      	mov	fp, r3
100029a4:	e01f      	b.n	100029e6 <_vsnprintf+0x60e>
100029a6:	9a0b      	ldr	r2, [sp, #44]	@ 0x2c
100029a8:	e66f      	b.n	1000268a <_vsnprintf+0x2b2>
100029aa:	4632      	mov	r2, r6
100029ac:	4626      	mov	r6, r4
100029ae:	e006      	b.n	100029be <_vsnprintf+0x5e6>
100029b0:	1c54      	adds	r4, r2, #1
100029b2:	463b      	mov	r3, r7
100029b4:	4649      	mov	r1, r9
100029b6:	2020      	movs	r0, #32
100029b8:	47c0      	blx	r8
100029ba:	462b      	mov	r3, r5
100029bc:	4622      	mov	r2, r4
100029be:	1c5d      	adds	r5, r3, #1
100029c0:	459b      	cmp	fp, r3
100029c2:	d8f5      	bhi.n	100029b0 <_vsnprintf+0x5d8>
100029c4:	4634      	mov	r4, r6
100029c6:	462b      	mov	r3, r5
100029c8:	940d      	str	r4, [sp, #52]	@ 0x34
100029ca:	f8cd b038 	str.w	fp, [sp, #56]	@ 0x38
100029ce:	9d0b      	ldr	r5, [sp, #44]	@ 0x2c
100029d0:	9e0c      	ldr	r6, [sp, #48]	@ 0x30
100029d2:	469b      	mov	fp, r3
100029d4:	e007      	b.n	100029e6 <_vsnprintf+0x60e>
100029d6:	461d      	mov	r5, r3
100029d8:	f10a 0a01 	add.w	sl, sl, #1
100029dc:	1c54      	adds	r4, r2, #1
100029de:	463b      	mov	r3, r7
100029e0:	4649      	mov	r1, r9
100029e2:	47c0      	blx	r8
100029e4:	4622      	mov	r2, r4
100029e6:	f89a 0000 	ldrb.w	r0, [sl]
100029ea:	b120      	cbz	r0, 100029f6 <_vsnprintf+0x61e>
100029ec:	2e00      	cmp	r6, #0
100029ee:	d0f3      	beq.n	100029d8 <_vsnprintf+0x600>
100029f0:	1e6b      	subs	r3, r5, #1
100029f2:	2d00      	cmp	r5, #0
100029f4:	d1ef      	bne.n	100029d6 <_vsnprintf+0x5fe>
100029f6:	9c0d      	ldr	r4, [sp, #52]	@ 0x34
100029f8:	4616      	mov	r6, r2
100029fa:	465b      	mov	r3, fp
100029fc:	f8dd b038 	ldr.w	fp, [sp, #56]	@ 0x38
10002a00:	b954      	cbnz	r4, 10002a18 <_vsnprintf+0x640>
10002a02:	9b0f      	ldr	r3, [sp, #60]	@ 0x3c
10002a04:	3301      	adds	r3, #1
10002a06:	930f      	str	r3, [sp, #60]	@ 0x3c
10002a08:	e4f1      	b.n	100023ee <_vsnprintf+0x16>
10002a0a:	1c55      	adds	r5, r2, #1
10002a0c:	463b      	mov	r3, r7
10002a0e:	4649      	mov	r1, r9
10002a10:	2020      	movs	r0, #32
10002a12:	47c0      	blx	r8
10002a14:	4623      	mov	r3, r4
10002a16:	462a      	mov	r2, r5
10002a18:	1c5c      	adds	r4, r3, #1
10002a1a:	459b      	cmp	fp, r3
10002a1c:	d8f5      	bhi.n	10002a0a <_vsnprintf+0x632>
10002a1e:	4616      	mov	r6, r2
10002a20:	e7ef      	b.n	10002a02 <_vsnprintf+0x62a>
10002a22:	f045 0521 	orr.w	r5, r5, #33	@ 0x21
10002a26:	9b1a      	ldr	r3, [sp, #104]	@ 0x68
10002a28:	1d1a      	adds	r2, r3, #4
10002a2a:	921a      	str	r2, [sp, #104]	@ 0x68
10002a2c:	681b      	ldr	r3, [r3, #0]
10002a2e:	9505      	str	r5, [sp, #20]
10002a30:	2208      	movs	r2, #8
10002a32:	9204      	str	r2, [sp, #16]
10002a34:	9a0b      	ldr	r2, [sp, #44]	@ 0x2c
10002a36:	9203      	str	r2, [sp, #12]
10002a38:	2210      	movs	r2, #16
10002a3a:	9202      	str	r2, [sp, #8]
10002a3c:	2200      	movs	r2, #0
10002a3e:	9201      	str	r2, [sp, #4]
10002a40:	9300      	str	r3, [sp, #0]
10002a42:	463b      	mov	r3, r7
10002a44:	4632      	mov	r2, r6
10002a46:	4649      	mov	r1, r9
10002a48:	4640      	mov	r0, r8
10002a4a:	f7ff f83e 	bl	10001aca <_ntoa_long>
10002a4e:	4606      	mov	r6, r0
10002a50:	9b0f      	ldr	r3, [sp, #60]	@ 0x3c
10002a52:	3301      	adds	r3, #1
10002a54:	930f      	str	r3, [sp, #60]	@ 0x3c
10002a56:	e4ca      	b.n	100023ee <_vsnprintf+0x16>
10002a58:	1c74      	adds	r4, r6, #1
10002a5a:	463b      	mov	r3, r7
10002a5c:	4632      	mov	r2, r6
10002a5e:	4649      	mov	r1, r9
10002a60:	2025      	movs	r0, #37	@ 0x25
10002a62:	47c0      	blx	r8
10002a64:	9b0f      	ldr	r3, [sp, #60]	@ 0x3c
10002a66:	3301      	adds	r3, #1
10002a68:	930f      	str	r3, [sp, #60]	@ 0x3c
10002a6a:	4626      	mov	r6, r4
10002a6c:	e4bf      	b.n	100023ee <_vsnprintf+0x16>
10002a6e:	1c74      	adds	r4, r6, #1
10002a70:	463b      	mov	r3, r7
10002a72:	4632      	mov	r2, r6
10002a74:	4649      	mov	r1, r9
10002a76:	47c0      	blx	r8
10002a78:	9b0f      	ldr	r3, [sp, #60]	@ 0x3c
10002a7a:	3301      	adds	r3, #1
10002a7c:	930f      	str	r3, [sp, #60]	@ 0x3c
10002a7e:	4626      	mov	r6, r4
10002a80:	e4b5      	b.n	100023ee <_vsnprintf+0x16>
10002a82:	f8df 8020 	ldr.w	r8, [pc, #32]	@ 10002aa4 <_vsnprintf+0x6cc>
10002a86:	e4b1      	b.n	100023ec <_vsnprintf+0x14>
10002a88:	42be      	cmp	r6, r7
10002a8a:	d308      	bcc.n	10002a9e <_vsnprintf+0x6c6>
10002a8c:	1e7a      	subs	r2, r7, #1
10002a8e:	463b      	mov	r3, r7
10002a90:	4649      	mov	r1, r9
10002a92:	2000      	movs	r0, #0
10002a94:	47c0      	blx	r8
10002a96:	4630      	mov	r0, r6
10002a98:	b011      	add	sp, #68	@ 0x44
10002a9a:	e8bd 8ff0 	ldmia.w	sp!, {r4, r5, r6, r7, r8, r9, sl, fp, pc}
10002a9e:	4632      	mov	r2, r6
10002aa0:	e7f5      	b.n	10002a8e <_vsnprintf+0x6b6>
10002aa2:	bf00      	nop
10002aa4:	100018e1 	.word	0x100018e1

10002aa8 <__wrap_sprintf>:
10002aa8:	b40e      	push	{r1, r2, r3}
10002aaa:	b500      	push	{lr}
10002aac:	b084      	sub	sp, #16
10002aae:	4601      	mov	r1, r0
10002ab0:	aa05      	add	r2, sp, #20
10002ab2:	f852 3b04 	ldr.w	r3, [r2], #4
10002ab6:	9203      	str	r2, [sp, #12]
10002ab8:	9200      	str	r2, [sp, #0]
10002aba:	f04f 32ff 	mov.w	r2, #4294967295	@ 0xffffffff
10002abe:	4804      	ldr	r0, [pc, #16]	@ (10002ad0 <__wrap_sprintf+0x28>)
10002ac0:	f7ff fc8a 	bl	100023d8 <_vsnprintf>
10002ac4:	b004      	add	sp, #16
10002ac6:	f85d eb04 	ldr.w	lr, [sp], #4
10002aca:	b003      	add	sp, #12
10002acc:	4770      	bx	lr
10002ace:	bf00      	nop
10002ad0:	100018d9 	.word	0x100018d9

10002ad4 <vfctprintf>:
10002ad4:	b500      	push	{lr}
10002ad6:	b085      	sub	sp, #20
10002ad8:	9002      	str	r0, [sp, #8]
10002ada:	9103      	str	r1, [sp, #12]
10002adc:	9300      	str	r3, [sp, #0]
10002ade:	4613      	mov	r3, r2
10002ae0:	f04f 32ff 	mov.w	r2, #4294967295	@ 0xffffffff
10002ae4:	a902      	add	r1, sp, #8
10002ae6:	4803      	ldr	r0, [pc, #12]	@ (10002af4 <vfctprintf+0x20>)
10002ae8:	f7ff fc76 	bl	100023d8 <_vsnprintf>
10002aec:	b005      	add	sp, #20
10002aee:	f85d fb04 	ldr.w	pc, [sp], #4
10002af2:	bf00      	nop
10002af4:	100018e3 	.word	0x100018e3

10002af8 <_exit>:
10002af8:	be00      	bkpt	0x0000
10002afa:	e7fd      	b.n	10002af8 <_exit>

10002afc <exit>:
10002afc:	b508      	push	{r3, lr}
10002afe:	f7ff fffb 	bl	10002af8 <_exit>
	...

10002b04 <__assert_func>:
10002b04:	b500      	push	{lr}
10002b06:	b083      	sub	sp, #12
10002b08:	468c      	mov	ip, r1
10002b0a:	4619      	mov	r1, r3
10002b0c:	b15a      	cbz	r2, 10002b26 <__assert_func+0x22>
10002b0e:	4614      	mov	r4, r2
10002b10:	4b06      	ldr	r3, [pc, #24]	@ (10002b2c <__assert_func+0x28>)
10002b12:	9401      	str	r4, [sp, #4]
10002b14:	9300      	str	r3, [sp, #0]
10002b16:	4663      	mov	r3, ip
10002b18:	4602      	mov	r2, r0
10002b1a:	4805      	ldr	r0, [pc, #20]	@ (10002b30 <__assert_func+0x2c>)
10002b1c:	f000 f93a 	bl	10002d94 <__wrap_printf>
10002b20:	2001      	movs	r0, #1
10002b22:	f7ff ffe9 	bl	10002af8 <_exit>
10002b26:	4b03      	ldr	r3, [pc, #12]	@ (10002b34 <__assert_func+0x30>)
10002b28:	461c      	mov	r4, r3
10002b2a:	e7f2      	b.n	10002b12 <__assert_func+0xe>
10002b2c:	1000375c 	.word	0x1000375c
10002b30:	1000376c 	.word	0x1000376c
10002b34:	100033a8 	.word	0x100033a8

10002b38 <runtime_init>:
10002b38:	b510      	push	{r4, lr}
10002b3a:	f3ef 8305 	mrs	r3, IPSR
10002b3e:	b2db      	uxtb	r3, r3
10002b40:	b103      	cbz	r3, 10002b44 <runtime_init+0xc>
10002b42:	be00      	bkpt	0x0000
10002b44:	f7fe fc68 	bl	10001418 <runtime_run_initializers>
10002b48:	4c04      	ldr	r4, [pc, #16]	@ (10002b5c <runtime_init+0x24>)
10002b4a:	e002      	b.n	10002b52 <runtime_init+0x1a>
10002b4c:	f854 3b04 	ldr.w	r3, [r4], #4
10002b50:	4798      	blx	r3
10002b52:	4b03      	ldr	r3, [pc, #12]	@ (10002b60 <runtime_init+0x28>)
10002b54:	429c      	cmp	r4, r3
10002b56:	d3f9      	bcc.n	10002b4c <runtime_init+0x14>
10002b58:	bd10      	pop	{r4, pc}
10002b5a:	bf00      	nop
10002b5c:	10003370 	.word	0x10003370
10002b60:	10003378 	.word	0x10003378

10002b64 <stdio_out_chars_no_crlf>:
10002b64:	b508      	push	{r3, lr}
10002b66:	4603      	mov	r3, r0
10002b68:	4608      	mov	r0, r1
10002b6a:	681b      	ldr	r3, [r3, #0]
10002b6c:	4611      	mov	r1, r2
10002b6e:	4798      	blx	r3
10002b70:	bd08      	pop	{r3, pc}
	...

10002b74 <stdio_out_chars_crlf>:
10002b74:	b5f8      	push	{r3, r4, r5, r6, r7, lr}
10002b76:	4607      	mov	r7, r0
10002b78:	460d      	mov	r5, r1
10002b7a:	4616      	mov	r6, r2
10002b7c:	7d43      	ldrb	r3, [r0, #21]
10002b7e:	b113      	cbz	r3, 10002b86 <stdio_out_chars_crlf+0x12>
10002b80:	2400      	movs	r4, #0
10002b82:	4620      	mov	r0, r4
10002b84:	e00c      	b.n	10002ba0 <stdio_out_chars_crlf+0x2c>
10002b86:	6803      	ldr	r3, [r0, #0]
10002b88:	4611      	mov	r1, r2
10002b8a:	4628      	mov	r0, r5
10002b8c:	4798      	blx	r3
10002b8e:	e02e      	b.n	10002bee <stdio_out_chars_crlf+0x7a>
10002b90:	7d3b      	ldrb	r3, [r7, #20]
10002b92:	e010      	b.n	10002bb6 <stdio_out_chars_crlf+0x42>
10002b94:	683b      	ldr	r3, [r7, #0]
10002b96:	2102      	movs	r1, #2
10002b98:	4815      	ldr	r0, [pc, #84]	@ (10002bf0 <stdio_out_chars_crlf+0x7c>)
10002b9a:	4798      	blx	r3
10002b9c:	1c60      	adds	r0, r4, #1
10002b9e:	3401      	adds	r4, #1
10002ba0:	42b4      	cmp	r4, r6
10002ba2:	da14      	bge.n	10002bce <stdio_out_chars_crlf+0x5a>
10002ba4:	2c00      	cmp	r4, #0
10002ba6:	ddf3      	ble.n	10002b90 <stdio_out_chars_crlf+0x1c>
10002ba8:	192b      	adds	r3, r5, r4
10002baa:	f813 3c01 	ldrb.w	r3, [r3, #-1]
10002bae:	2b0d      	cmp	r3, #13
10002bb0:	bf14      	ite	ne
10002bb2:	2300      	movne	r3, #0
10002bb4:	2301      	moveq	r3, #1
10002bb6:	5d2a      	ldrb	r2, [r5, r4]
10002bb8:	2a0a      	cmp	r2, #10
10002bba:	d1f0      	bne.n	10002b9e <stdio_out_chars_crlf+0x2a>
10002bbc:	2b00      	cmp	r3, #0
10002bbe:	d1ee      	bne.n	10002b9e <stdio_out_chars_crlf+0x2a>
10002bc0:	42a0      	cmp	r0, r4
10002bc2:	dae7      	bge.n	10002b94 <stdio_out_chars_crlf+0x20>
10002bc4:	683b      	ldr	r3, [r7, #0]
10002bc6:	1a21      	subs	r1, r4, r0
10002bc8:	4428      	add	r0, r5
10002bca:	4798      	blx	r3
10002bcc:	e7e2      	b.n	10002b94 <stdio_out_chars_crlf+0x20>
10002bce:	42b0      	cmp	r0, r6
10002bd0:	da03      	bge.n	10002bda <stdio_out_chars_crlf+0x66>
10002bd2:	683b      	ldr	r3, [r7, #0]
10002bd4:	1a31      	subs	r1, r6, r0
10002bd6:	4428      	add	r0, r5
10002bd8:	4798      	blx	r3
10002bda:	2e00      	cmp	r6, #0
10002bdc:	dd07      	ble.n	10002bee <stdio_out_chars_crlf+0x7a>
10002bde:	4435      	add	r5, r6
10002be0:	f815 3c01 	ldrb.w	r3, [r5, #-1]
10002be4:	2b0d      	cmp	r3, #13
10002be6:	bf14      	ite	ne
10002be8:	2300      	movne	r3, #0
10002bea:	2301      	moveq	r3, #1
10002bec:	753b      	strb	r3, [r7, #20]
10002bee:	bdf8      	pop	{r3, r4, r5, r6, r7, pc}
10002bf0:	10003928 	.word	0x10003928

10002bf4 <stdio_stack_buffer_flush>:
10002bf4:	b538      	push	{r3, r4, r5, lr}
10002bf6:	6803      	ldr	r3, [r0, #0]
10002bf8:	b1bb      	cbz	r3, 10002c2a <stdio_stack_buffer_flush+0x36>
10002bfa:	4605      	mov	r5, r0
10002bfc:	4b0b      	ldr	r3, [pc, #44]	@ (10002c2c <stdio_stack_buffer_flush+0x38>)
10002bfe:	681c      	ldr	r4, [r3, #0]
10002c00:	e006      	b.n	10002c10 <stdio_stack_buffer_flush+0x1c>
10002c02:	4629      	mov	r1, r5
10002c04:	f851 2b04 	ldr.w	r2, [r1], #4
10002c08:	4620      	mov	r0, r4
10002c0a:	f7ff ffb3 	bl	10002b74 <stdio_out_chars_crlf>
10002c0e:	6924      	ldr	r4, [r4, #16]
10002c10:	b14c      	cbz	r4, 10002c26 <stdio_stack_buffer_flush+0x32>
10002c12:	6823      	ldr	r3, [r4, #0]
10002c14:	2b00      	cmp	r3, #0
10002c16:	d0fa      	beq.n	10002c0e <stdio_stack_buffer_flush+0x1a>
10002c18:	4b05      	ldr	r3, [pc, #20]	@ (10002c30 <stdio_stack_buffer_flush+0x3c>)
10002c1a:	681b      	ldr	r3, [r3, #0]
10002c1c:	2b00      	cmp	r3, #0
10002c1e:	d0f0      	beq.n	10002c02 <stdio_stack_buffer_flush+0xe>
10002c20:	42a3      	cmp	r3, r4
10002c22:	d1f4      	bne.n	10002c0e <stdio_stack_buffer_flush+0x1a>
10002c24:	e7ed      	b.n	10002c02 <stdio_stack_buffer_flush+0xe>
10002c26:	2300      	movs	r3, #0
10002c28:	602b      	str	r3, [r5, #0]
10002c2a:	bd38      	pop	{r3, r4, r5, pc}
10002c2c:	20000ce4 	.word	0x20000ce4
10002c30:	20000ce8 	.word	0x20000ce8

10002c34 <stdio_buffered_printer>:
10002c34:	b538      	push	{r3, r4, r5, lr}
10002c36:	4605      	mov	r5, r0
10002c38:	460c      	mov	r4, r1
10002c3a:	680b      	ldr	r3, [r1, #0]
10002c3c:	2b80      	cmp	r3, #128	@ 0x80
10002c3e:	d005      	beq.n	10002c4c <stdio_buffered_printer+0x18>
10002c40:	6823      	ldr	r3, [r4, #0]
10002c42:	1c5a      	adds	r2, r3, #1
10002c44:	6022      	str	r2, [r4, #0]
10002c46:	441c      	add	r4, r3
10002c48:	7125      	strb	r5, [r4, #4]
10002c4a:	bd38      	pop	{r3, r4, r5, pc}
10002c4c:	4608      	mov	r0, r1
10002c4e:	f7ff ffd1 	bl	10002bf4 <stdio_stack_buffer_flush>
10002c52:	e7f5      	b.n	10002c40 <stdio_buffered_printer+0xc>

10002c54 <stdout_serialize_begin>:
10002c54:	b508      	push	{r3, lr}
10002c56:	f7fe f9c7 	bl	10000fe8 <time_us_64>
10002c5a:	4a07      	ldr	r2, [pc, #28]	@ (10002c78 <stdout_serialize_begin+0x24>)
10002c5c:	1882      	adds	r2, r0, r2
10002c5e:	f141 0300 	adc.w	r3, r1, #0
10002c62:	2b00      	cmp	r3, #0
10002c64:	db03      	blt.n	10002c6e <stdout_serialize_begin+0x1a>
10002c66:	4805      	ldr	r0, [pc, #20]	@ (10002c7c <stdout_serialize_begin+0x28>)
10002c68:	f000 fb5e 	bl	10003328 <__mutex_try_enter_block_until_veneer>
10002c6c:	bd08      	pop	{r3, pc}
10002c6e:	f04f 32ff 	mov.w	r2, #4294967295	@ 0xffffffff
10002c72:	f06f 4300 	mvn.w	r3, #2147483648	@ 0x80000000
10002c76:	e7f6      	b.n	10002c66 <stdout_serialize_begin+0x12>
10002c78:	000f4240 	.word	0x000f4240
10002c7c:	2000095c 	.word	0x2000095c

10002c80 <stdout_serialize_end>:
10002c80:	b508      	push	{r3, lr}
10002c82:	4802      	ldr	r0, [pc, #8]	@ (10002c8c <stdout_serialize_end+0xc>)
10002c84:	f000 fb4c 	bl	10003320 <__mutex_exit_veneer>
10002c88:	bd08      	pop	{r3, pc}
10002c8a:	bf00      	nop
10002c8c:	2000095c 	.word	0x2000095c

10002c90 <stdio_put_string>:
10002c90:	e92d 43f0 	stmdb	sp!, {r4, r5, r6, r7, r8, r9, lr}
10002c94:	b083      	sub	sp, #12
10002c96:	4606      	mov	r6, r0
10002c98:	460d      	mov	r5, r1
10002c9a:	4690      	mov	r8, r2
10002c9c:	461c      	mov	r4, r3
10002c9e:	f7ff ffd9 	bl	10002c54 <stdout_serialize_begin>
10002ca2:	4681      	mov	r9, r0
10002ca4:	f1b5 3fff 	cmp.w	r5, #4294967295	@ 0xffffffff
10002ca8:	d004      	beq.n	10002cb4 <stdio_put_string+0x24>
10002caa:	b144      	cbz	r4, 10002cbe <stdio_put_string+0x2e>
10002cac:	4f17      	ldr	r7, [pc, #92]	@ (10002d0c <stdio_put_string+0x7c>)
10002cae:	4b18      	ldr	r3, [pc, #96]	@ (10002d10 <stdio_put_string+0x80>)
10002cb0:	681c      	ldr	r4, [r3, #0]
10002cb2:	e007      	b.n	10002cc4 <stdio_put_string+0x34>
10002cb4:	4630      	mov	r0, r6
10002cb6:	f000 faab 	bl	10003210 <strlen>
10002cba:	4605      	mov	r5, r0
10002cbc:	e7f5      	b.n	10002caa <stdio_put_string+0x1a>
10002cbe:	4f15      	ldr	r7, [pc, #84]	@ (10002d14 <stdio_put_string+0x84>)
10002cc0:	e7f5      	b.n	10002cae <stdio_put_string+0x1e>
10002cc2:	6924      	ldr	r4, [r4, #16]
10002cc4:	b1bc      	cbz	r4, 10002cf6 <stdio_put_string+0x66>
10002cc6:	6823      	ldr	r3, [r4, #0]
10002cc8:	2b00      	cmp	r3, #0
10002cca:	d0fa      	beq.n	10002cc2 <stdio_put_string+0x32>
10002ccc:	4b12      	ldr	r3, [pc, #72]	@ (10002d18 <stdio_put_string+0x88>)
10002cce:	681b      	ldr	r3, [r3, #0]
10002cd0:	b10b      	cbz	r3, 10002cd6 <stdio_put_string+0x46>
10002cd2:	42a3      	cmp	r3, r4
10002cd4:	d1f5      	bne.n	10002cc2 <stdio_put_string+0x32>
10002cd6:	462a      	mov	r2, r5
10002cd8:	4631      	mov	r1, r6
10002cda:	4620      	mov	r0, r4
10002cdc:	47b8      	blx	r7
10002cde:	f1b8 0f00 	cmp.w	r8, #0
10002ce2:	d0ee      	beq.n	10002cc2 <stdio_put_string+0x32>
10002ce4:	230a      	movs	r3, #10
10002ce6:	f88d 3007 	strb.w	r3, [sp, #7]
10002cea:	2201      	movs	r2, #1
10002cec:	f10d 0107 	add.w	r1, sp, #7
10002cf0:	4620      	mov	r0, r4
10002cf2:	47b8      	blx	r7
10002cf4:	e7e5      	b.n	10002cc2 <stdio_put_string+0x32>
10002cf6:	f1b9 0f00 	cmp.w	r9, #0
10002cfa:	d103      	bne.n	10002d04 <stdio_put_string+0x74>
10002cfc:	4628      	mov	r0, r5
10002cfe:	b003      	add	sp, #12
10002d00:	e8bd 83f0 	ldmia.w	sp!, {r4, r5, r6, r7, r8, r9, pc}
10002d04:	f7ff ffbc 	bl	10002c80 <stdout_serialize_end>
10002d08:	e7f8      	b.n	10002cfc <stdio_put_string+0x6c>
10002d0a:	bf00      	nop
10002d0c:	10002b75 	.word	0x10002b75
10002d10:	20000ce4 	.word	0x20000ce4
10002d14:	10002b65 	.word	0x10002b65
10002d18:	20000ce8 	.word	0x20000ce8

10002d1c <stdio_flush>:
10002d1c:	b510      	push	{r4, lr}
10002d1e:	4b05      	ldr	r3, [pc, #20]	@ (10002d34 <stdio_flush+0x18>)
10002d20:	681c      	ldr	r4, [r3, #0]
10002d22:	e001      	b.n	10002d28 <stdio_flush+0xc>
10002d24:	4798      	blx	r3
10002d26:	6924      	ldr	r4, [r4, #16]
10002d28:	b11c      	cbz	r4, 10002d32 <stdio_flush+0x16>
10002d2a:	6863      	ldr	r3, [r4, #4]
10002d2c:	2b00      	cmp	r3, #0
10002d2e:	d1f9      	bne.n	10002d24 <stdio_flush+0x8>
10002d30:	e7f9      	b.n	10002d26 <stdio_flush+0xa>
10002d32:	bd10      	pop	{r4, pc}
10002d34:	20000ce4 	.word	0x20000ce4

10002d38 <__wrap_puts>:
10002d38:	b538      	push	{r3, r4, r5, lr}
10002d3a:	4605      	mov	r5, r0
10002d3c:	f000 fa68 	bl	10003210 <strlen>
10002d40:	4604      	mov	r4, r0
10002d42:	2301      	movs	r3, #1
10002d44:	461a      	mov	r2, r3
10002d46:	4601      	mov	r1, r0
10002d48:	4628      	mov	r0, r5
10002d4a:	f7ff ffa1 	bl	10002c90 <stdio_put_string>
10002d4e:	f7ff ffe5 	bl	10002d1c <stdio_flush>
10002d52:	4620      	mov	r0, r4
10002d54:	bd38      	pop	{r3, r4, r5, pc}
	...

10002d58 <__wrap_vprintf>:
10002d58:	b570      	push	{r4, r5, r6, lr}
10002d5a:	b0a2      	sub	sp, #136	@ 0x88
10002d5c:	4604      	mov	r4, r0
10002d5e:	460e      	mov	r6, r1
10002d60:	f7ff ff78 	bl	10002c54 <stdout_serialize_begin>
10002d64:	4605      	mov	r5, r0
10002d66:	2300      	movs	r3, #0
10002d68:	9301      	str	r3, [sp, #4]
10002d6a:	4633      	mov	r3, r6
10002d6c:	4622      	mov	r2, r4
10002d6e:	a901      	add	r1, sp, #4
10002d70:	4807      	ldr	r0, [pc, #28]	@ (10002d90 <__wrap_vprintf+0x38>)
10002d72:	f7ff feaf 	bl	10002ad4 <vfctprintf>
10002d76:	4604      	mov	r4, r0
10002d78:	a801      	add	r0, sp, #4
10002d7a:	f7ff ff3b 	bl	10002bf4 <stdio_stack_buffer_flush>
10002d7e:	f7ff ffcd 	bl	10002d1c <stdio_flush>
10002d82:	b915      	cbnz	r5, 10002d8a <__wrap_vprintf+0x32>
10002d84:	4620      	mov	r0, r4
10002d86:	b022      	add	sp, #136	@ 0x88
10002d88:	bd70      	pop	{r4, r5, r6, pc}
10002d8a:	f7ff ff79 	bl	10002c80 <stdout_serialize_end>
10002d8e:	e7f9      	b.n	10002d84 <__wrap_vprintf+0x2c>
10002d90:	10002c35 	.word	0x10002c35

10002d94 <__wrap_printf>:
10002d94:	b40f      	push	{r0, r1, r2, r3}
10002d96:	b500      	push	{lr}
10002d98:	b083      	sub	sp, #12
10002d9a:	a904      	add	r1, sp, #16
10002d9c:	f851 0b04 	ldr.w	r0, [r1], #4
10002da0:	9101      	str	r1, [sp, #4]
10002da2:	f7ff ffd9 	bl	10002d58 <__wrap_vprintf>
10002da6:	b003      	add	sp, #12
10002da8:	f85d eb04 	ldr.w	lr, [sp], #4
10002dac:	b004      	add	sp, #16
10002dae:	4770      	bx	lr

10002db0 <i2c_unreset>:
10002db0:	4b07      	ldr	r3, [pc, #28]	@ (10002dd0 <i2c_unreset+0x20>)
10002db2:	4283      	cmp	r3, r0
10002db4:	d00a      	beq.n	10002dcc <i2c_unreset+0x1c>
10002db6:	2305      	movs	r3, #5
10002db8:	2201      	movs	r2, #1
10002dba:	409a      	lsls	r2, r3
10002dbc:	4b05      	ldr	r3, [pc, #20]	@ (10002dd4 <i2c_unreset+0x24>)
10002dbe:	601a      	str	r2, [r3, #0]
10002dc0:	4b05      	ldr	r3, [pc, #20]	@ (10002dd8 <i2c_unreset+0x28>)
10002dc2:	689b      	ldr	r3, [r3, #8]
10002dc4:	ea32 0303 	bics.w	r3, r2, r3
10002dc8:	d1fa      	bne.n	10002dc0 <i2c_unreset+0x10>
10002dca:	4770      	bx	lr
10002dcc:	2304      	movs	r3, #4
10002dce:	e7f3      	b.n	10002db8 <i2c_unreset+0x8>
10002dd0:	20000954 	.word	0x20000954
10002dd4:	40023000 	.word	0x40023000
10002dd8:	40020000 	.word	0x40020000

10002ddc <i2c_write_blocking_internal>:
10002ddc:	e92d 4ff0 	stmdb	sp!, {r4, r5, r6, r7, r8, r9, sl, fp, lr}
10002de0:	b085      	sub	sp, #20
10002de2:	4607      	mov	r7, r0
10002de4:	4692      	mov	sl, r2
10002de6:	9301      	str	r3, [sp, #4]
10002de8:	f89d 2038 	ldrb.w	r2, [sp, #56]	@ 0x38
10002dec:	9e0f      	ldr	r6, [sp, #60]	@ 0x3c
10002dee:	f8dd 8040 	ldr.w	r8, [sp, #64]	@ 0x40
10002df2:	6803      	ldr	r3, [r0, #0]
10002df4:	2500      	movs	r5, #0
10002df6:	66dd      	str	r5, [r3, #108]	@ 0x6c
10002df8:	6803      	ldr	r3, [r0, #0]
10002dfa:	6059      	str	r1, [r3, #4]
10002dfc:	6803      	ldr	r3, [r0, #0]
10002dfe:	2101      	movs	r1, #1
10002e00:	66d9      	str	r1, [r3, #108]	@ 0x6c
10002e02:	46a9      	mov	r9, r5
10002e04:	9502      	str	r5, [sp, #8]
10002e06:	462c      	mov	r4, r5
10002e08:	9203      	str	r2, [sp, #12]
10002e0a:	e027      	b.n	10002e5c <i2c_write_blocking_internal+0x80>
10002e0c:	793b      	ldrb	r3, [r7, #4]
10002e0e:	2b00      	cmp	r3, #0
10002e10:	d032      	beq.n	10002e78 <i2c_write_blocking_internal+0x9c>
10002e12:	2301      	movs	r3, #1
10002e14:	e030      	b.n	10002e78 <i2c_write_blocking_internal+0x9c>
10002e16:	9a03      	ldr	r2, [sp, #12]
10002e18:	b10a      	cbz	r2, 10002e1e <i2c_write_blocking_internal+0x42>
10002e1a:	2200      	movs	r2, #0
10002e1c:	e030      	b.n	10002e80 <i2c_write_blocking_internal+0xa4>
10002e1e:	2201      	movs	r2, #1
10002e20:	e02e      	b.n	10002e80 <i2c_write_blocking_internal+0xa4>
10002e22:	2100      	movs	r1, #0
10002e24:	4640      	mov	r0, r8
10002e26:	47b0      	blx	r6
10002e28:	4305      	orrs	r5, r0
10002e2a:	b2ed      	uxtb	r5, r5
10002e2c:	b938      	cbnz	r0, 10002e3e <i2c_write_blocking_internal+0x62>
10002e2e:	683b      	ldr	r3, [r7, #0]
10002e30:	6b5b      	ldr	r3, [r3, #52]	@ 0x34
10002e32:	f013 0f10 	tst.w	r3, #16
10002e36:	d102      	bne.n	10002e3e <i2c_write_blocking_internal+0x62>
10002e38:	2e00      	cmp	r6, #0
10002e3a:	d1f2      	bne.n	10002e22 <i2c_write_blocking_internal+0x46>
10002e3c:	e7f6      	b.n	10002e2c <i2c_write_blocking_internal+0x50>
10002e3e:	4604      	mov	r4, r0
10002e40:	b940      	cbnz	r0, 10002e54 <i2c_write_blocking_internal+0x78>
10002e42:	683b      	ldr	r3, [r7, #0]
10002e44:	f8d3 2080 	ldr.w	r2, [r3, #128]	@ 0x80
10002e48:	9202      	str	r2, [sp, #8]
10002e4a:	bb12      	cbnz	r2, 10002e92 <i2c_write_blocking_internal+0xb6>
10002e4c:	2d00      	cmp	r5, #0
10002e4e:	d132      	bne.n	10002eb6 <i2c_write_blocking_internal+0xda>
10002e50:	45cb      	cmp	fp, r9
10002e52:	d021      	beq.n	10002e98 <i2c_write_blocking_internal+0xbc>
10002e54:	2d00      	cmp	r5, #0
10002e56:	d137      	bne.n	10002ec8 <i2c_write_blocking_internal+0xec>
10002e58:	f109 0901 	add.w	r9, r9, #1
10002e5c:	9b01      	ldr	r3, [sp, #4]
10002e5e:	4599      	cmp	r9, r3
10002e60:	da32      	bge.n	10002ec8 <i2c_write_blocking_internal+0xec>
10002e62:	9b01      	ldr	r3, [sp, #4]
10002e64:	f103 3bff 	add.w	fp, r3, #4294967295	@ 0xffffffff
10002e68:	b116      	cbz	r6, 10002e70 <i2c_write_blocking_internal+0x94>
10002e6a:	2101      	movs	r1, #1
10002e6c:	4640      	mov	r0, r8
10002e6e:	47b0      	blx	r6
10002e70:	f1b9 0f00 	cmp.w	r9, #0
10002e74:	d0ca      	beq.n	10002e0c <i2c_write_blocking_internal+0x30>
10002e76:	2300      	movs	r3, #0
10002e78:	029b      	lsls	r3, r3, #10
10002e7a:	45cb      	cmp	fp, r9
10002e7c:	d0cb      	beq.n	10002e16 <i2c_write_blocking_internal+0x3a>
10002e7e:	2200      	movs	r2, #0
10002e80:	ea43 2342 	orr.w	r3, r3, r2, lsl #9
10002e84:	f81a 1b01 	ldrb.w	r1, [sl], #1
10002e88:	683a      	ldr	r2, [r7, #0]
10002e8a:	430b      	orrs	r3, r1
10002e8c:	6113      	str	r3, [r2, #16]
10002e8e:	4620      	mov	r0, r4
10002e90:	e7d2      	b.n	10002e38 <i2c_write_blocking_internal+0x5c>
10002e92:	6d5b      	ldr	r3, [r3, #84]	@ 0x54
10002e94:	2501      	movs	r5, #1
10002e96:	e00e      	b.n	10002eb6 <i2c_write_blocking_internal+0xda>
10002e98:	9b03      	ldr	r3, [sp, #12]
10002e9a:	2b00      	cmp	r3, #0
10002e9c:	d1da      	bne.n	10002e54 <i2c_write_blocking_internal+0x78>
10002e9e:	e00a      	b.n	10002eb6 <i2c_write_blocking_internal+0xda>
10002ea0:	2100      	movs	r1, #0
10002ea2:	4640      	mov	r0, r8
10002ea4:	47b0      	blx	r6
10002ea6:	4305      	orrs	r5, r0
10002ea8:	b2ed      	uxtb	r5, r5
10002eaa:	b938      	cbnz	r0, 10002ebc <i2c_write_blocking_internal+0xe0>
10002eac:	683b      	ldr	r3, [r7, #0]
10002eae:	6b5b      	ldr	r3, [r3, #52]	@ 0x34
10002eb0:	f413 7f00 	tst.w	r3, #512	@ 0x200
10002eb4:	d102      	bne.n	10002ebc <i2c_write_blocking_internal+0xe0>
10002eb6:	2e00      	cmp	r6, #0
10002eb8:	d1f2      	bne.n	10002ea0 <i2c_write_blocking_internal+0xc4>
10002eba:	e7f6      	b.n	10002eaa <i2c_write_blocking_internal+0xce>
10002ebc:	4604      	mov	r4, r0
10002ebe:	2800      	cmp	r0, #0
10002ec0:	d1c8      	bne.n	10002e54 <i2c_write_blocking_internal+0x78>
10002ec2:	683b      	ldr	r3, [r7, #0]
10002ec4:	6e1b      	ldr	r3, [r3, #96]	@ 0x60
10002ec6:	e7c5      	b.n	10002e54 <i2c_write_blocking_internal+0x78>
10002ec8:	9a03      	ldr	r2, [sp, #12]
10002eca:	b145      	cbz	r5, 10002ede <i2c_write_blocking_internal+0x102>
10002ecc:	b964      	cbnz	r4, 10002ee8 <i2c_write_blocking_internal+0x10c>
10002ece:	9b02      	ldr	r3, [sp, #8]
10002ed0:	b16b      	cbz	r3, 10002eee <i2c_write_blocking_internal+0x112>
10002ed2:	f013 0f01 	tst.w	r3, #1
10002ed6:	d10d      	bne.n	10002ef4 <i2c_write_blocking_internal+0x118>
10002ed8:	f013 0f08 	tst.w	r3, #8
10002edc:	d00d      	beq.n	10002efa <i2c_write_blocking_internal+0x11e>
10002ede:	713a      	strb	r2, [r7, #4]
10002ee0:	4648      	mov	r0, r9
10002ee2:	b005      	add	sp, #20
10002ee4:	e8bd 8ff0 	ldmia.w	sp!, {r4, r5, r6, r7, r8, r9, sl, fp, pc}
10002ee8:	f06f 0901 	mvn.w	r9, #1
10002eec:	e7f7      	b.n	10002ede <i2c_write_blocking_internal+0x102>
10002eee:	f04f 39ff 	mov.w	r9, #4294967295	@ 0xffffffff
10002ef2:	e7f4      	b.n	10002ede <i2c_write_blocking_internal+0x102>
10002ef4:	f04f 39ff 	mov.w	r9, #4294967295	@ 0xffffffff
10002ef8:	e7f1      	b.n	10002ede <i2c_write_blocking_internal+0x102>
10002efa:	f04f 39ff 	mov.w	r9, #4294967295	@ 0xffffffff
10002efe:	e7ee      	b.n	10002ede <i2c_write_blocking_internal+0x102>

10002f00 <i2c_read_blocking_internal>:
10002f00:	e92d 4ff0 	stmdb	sp!, {r4, r5, r6, r7, r8, r9, sl, fp, lr}
10002f04:	b083      	sub	sp, #12
10002f06:	4605      	mov	r5, r0
10002f08:	9200      	str	r2, [sp, #0]
10002f0a:	469a      	mov	sl, r3
10002f0c:	f89d 3030 	ldrb.w	r3, [sp, #48]	@ 0x30
10002f10:	9301      	str	r3, [sp, #4]
10002f12:	9f0d      	ldr	r7, [sp, #52]	@ 0x34
10002f14:	f8dd 8038 	ldr.w	r8, [sp, #56]	@ 0x38
10002f18:	6803      	ldr	r3, [r0, #0]
10002f1a:	2400      	movs	r4, #0
10002f1c:	66dc      	str	r4, [r3, #108]	@ 0x6c
10002f1e:	6803      	ldr	r3, [r0, #0]
10002f20:	6059      	str	r1, [r3, #4]
10002f22:	6803      	ldr	r3, [r0, #0]
10002f24:	2201      	movs	r2, #1
10002f26:	66da      	str	r2, [r3, #108]	@ 0x6c
10002f28:	46a1      	mov	r9, r4
10002f2a:	4626      	mov	r6, r4
10002f2c:	45d1      	cmp	r9, sl
10002f2e:	da3f      	bge.n	10002fb0 <i2c_read_blocking_internal+0xb0>
10002f30:	f10a 3bff 	add.w	fp, sl, #4294967295	@ 0xffffffff
10002f34:	b117      	cbz	r7, 10002f3c <i2c_read_blocking_internal+0x3c>
10002f36:	2101      	movs	r1, #1
10002f38:	4640      	mov	r0, r8
10002f3a:	47b8      	blx	r7
10002f3c:	682b      	ldr	r3, [r5, #0]
10002f3e:	6f5a      	ldr	r2, [r3, #116]	@ 0x74
10002f40:	2a10      	cmp	r2, #16
10002f42:	d0fb      	beq.n	10002f3c <i2c_read_blocking_internal+0x3c>
10002f44:	f1b9 0f00 	cmp.w	r9, #0
10002f48:	d00a      	beq.n	10002f60 <i2c_read_blocking_internal+0x60>
10002f4a:	2200      	movs	r2, #0
10002f4c:	0292      	lsls	r2, r2, #10
10002f4e:	45cb      	cmp	fp, r9
10002f50:	d00b      	beq.n	10002f6a <i2c_read_blocking_internal+0x6a>
10002f52:	2100      	movs	r1, #0
10002f54:	ea42 2241 	orr.w	r2, r2, r1, lsl #9
10002f58:	f442 7280 	orr.w	r2, r2, #256	@ 0x100
10002f5c:	611a      	str	r2, [r3, #16]
10002f5e:	e017      	b.n	10002f90 <i2c_read_blocking_internal+0x90>
10002f60:	792a      	ldrb	r2, [r5, #4]
10002f62:	2a00      	cmp	r2, #0
10002f64:	d0f2      	beq.n	10002f4c <i2c_read_blocking_internal+0x4c>
10002f66:	2201      	movs	r2, #1
10002f68:	e7f0      	b.n	10002f4c <i2c_read_blocking_internal+0x4c>
10002f6a:	9901      	ldr	r1, [sp, #4]
10002f6c:	b109      	cbz	r1, 10002f72 <i2c_read_blocking_internal+0x72>
10002f6e:	2100      	movs	r1, #0
10002f70:	e7f0      	b.n	10002f54 <i2c_read_blocking_internal+0x54>
10002f72:	2101      	movs	r1, #1
10002f74:	e7ee      	b.n	10002f54 <i2c_read_blocking_internal+0x54>
10002f76:	6d5b      	ldr	r3, [r3, #84]	@ 0x54
10002f78:	2401      	movs	r4, #1
10002f7a:	b12f      	cbz	r7, 10002f88 <i2c_read_blocking_internal+0x88>
10002f7c:	2100      	movs	r1, #0
10002f7e:	4640      	mov	r0, r8
10002f80:	47b8      	blx	r7
10002f82:	4606      	mov	r6, r0
10002f84:	4304      	orrs	r4, r0
10002f86:	b2e4      	uxtb	r4, r4
10002f88:	b994      	cbnz	r4, 10002fb0 <i2c_read_blocking_internal+0xb0>
10002f8a:	682b      	ldr	r3, [r5, #0]
10002f8c:	6f9a      	ldr	r2, [r3, #120]	@ 0x78
10002f8e:	b93a      	cbnz	r2, 10002fa0 <i2c_read_blocking_internal+0xa0>
10002f90:	682b      	ldr	r3, [r5, #0]
10002f92:	f8d3 2080 	ldr.w	r2, [r3, #128]	@ 0x80
10002f96:	6b5a      	ldr	r2, [r3, #52]	@ 0x34
10002f98:	f012 0f40 	tst.w	r2, #64	@ 0x40
10002f9c:	d0ed      	beq.n	10002f7a <i2c_read_blocking_internal+0x7a>
10002f9e:	e7ea      	b.n	10002f76 <i2c_read_blocking_internal+0x76>
10002fa0:	691a      	ldr	r2, [r3, #16]
10002fa2:	9b00      	ldr	r3, [sp, #0]
10002fa4:	f803 2b01 	strb.w	r2, [r3], #1
10002fa8:	f109 0901 	add.w	r9, r9, #1
10002fac:	9300      	str	r3, [sp, #0]
10002fae:	e7bd      	b.n	10002f2c <i2c_read_blocking_internal+0x2c>
10002fb0:	b114      	cbz	r4, 10002fb8 <i2c_read_blocking_internal+0xb8>
10002fb2:	b13e      	cbz	r6, 10002fc4 <i2c_read_blocking_internal+0xc4>
10002fb4:	f06f 0901 	mvn.w	r9, #1
10002fb8:	9b01      	ldr	r3, [sp, #4]
10002fba:	712b      	strb	r3, [r5, #4]
10002fbc:	4648      	mov	r0, r9
10002fbe:	b003      	add	sp, #12
10002fc0:	e8bd 8ff0 	ldmia.w	sp!, {r4, r5, r6, r7, r8, r9, sl, fp, pc}
10002fc4:	f04f 39ff 	mov.w	r9, #4294967295	@ 0xffffffff
10002fc8:	e7f6      	b.n	10002fb8 <i2c_read_blocking_internal+0xb8>
	...

10002fcc <i2c_set_baudrate>:
10002fcc:	b5f8      	push	{r3, r4, r5, r6, r7, lr}
10002fce:	4604      	mov	r4, r0
10002fd0:	460d      	mov	r5, r1
10002fd2:	2005      	movs	r0, #5
10002fd4:	f7fe f938 	bl	10001248 <clock_get_hz>
10002fd8:	eb00 0255 	add.w	r2, r0, r5, lsr #1
10002fdc:	fbb2 f2f5 	udiv	r2, r2, r5
10002fe0:	eb02 0c42 	add.w	ip, r2, r2, lsl #1
10002fe4:	4b24      	ldr	r3, [pc, #144]	@ (10003078 <i2c_set_baudrate+0xac>)
10002fe6:	fba3 130c 	umull	r1, r3, r3, ip
10002fea:	089f      	lsrs	r7, r3, #2
10002fec:	eba2 0693 	sub.w	r6, r2, r3, lsr #2
10002ff0:	4b22      	ldr	r3, [pc, #136]	@ (1000307c <i2c_set_baudrate+0xb0>)
10002ff2:	429d      	cmp	r5, r3
10002ff4:	d821      	bhi.n	1000303a <i2c_set_baudrate+0x6e>
10002ff6:	eb00 0340 	add.w	r3, r0, r0, lsl #1
10002ffa:	4921      	ldr	r1, [pc, #132]	@ (10003080 <i2c_set_baudrate+0xb4>)
10002ffc:	fba1 1303 	umull	r1, r3, r1, r3
10003000:	0d9b      	lsrs	r3, r3, #22
10003002:	3301      	adds	r3, #1
10003004:	1eb9      	subs	r1, r7, #2
10003006:	4299      	cmp	r1, r3
10003008:	d31f      	bcc.n	1000304a <i2c_set_baudrate+0x7e>
1000300a:	6821      	ldr	r1, [r4, #0]
1000300c:	2500      	movs	r5, #0
1000300e:	66cd      	str	r5, [r1, #108]	@ 0x6c
10003010:	6821      	ldr	r1, [r4, #0]
10003012:	680d      	ldr	r5, [r1, #0]
10003014:	f085 0504 	eor.w	r5, r5, #4
10003018:	f005 0506 	and.w	r5, r5, #6
1000301c:	f501 5180 	add.w	r1, r1, #4096	@ 0x1000
10003020:	600d      	str	r5, [r1, #0]
10003022:	6821      	ldr	r1, [r4, #0]
10003024:	61ce      	str	r6, [r1, #28]
10003026:	6821      	ldr	r1, [r4, #0]
10003028:	620f      	str	r7, [r1, #32]
1000302a:	f1bc 0f4f 	cmp.w	ip, #79	@ 0x4f
1000302e:	d912      	bls.n	10003056 <i2c_set_baudrate+0x8a>
10003030:	4911      	ldr	r1, [pc, #68]	@ (10003078 <i2c_set_baudrate+0xac>)
10003032:	fba1 510c 	umull	r5, r1, r1, ip
10003036:	0989      	lsrs	r1, r1, #6
10003038:	e00e      	b.n	10003058 <i2c_set_baudrate+0x8c>
1000303a:	eb00 0340 	add.w	r3, r0, r0, lsl #1
1000303e:	4911      	ldr	r1, [pc, #68]	@ (10003084 <i2c_set_baudrate+0xb8>)
10003040:	fba1 1303 	umull	r1, r3, r1, r3
10003044:	0ddb      	lsrs	r3, r3, #23
10003046:	3301      	adds	r3, #1
10003048:	e7dc      	b.n	10003004 <i2c_set_baudrate+0x38>
1000304a:	4b0f      	ldr	r3, [pc, #60]	@ (10003088 <i2c_set_baudrate+0xbc>)
1000304c:	4a0f      	ldr	r2, [pc, #60]	@ (1000308c <i2c_set_baudrate+0xc0>)
1000304e:	215d      	movs	r1, #93	@ 0x5d
10003050:	480f      	ldr	r0, [pc, #60]	@ (10003090 <i2c_set_baudrate+0xc4>)
10003052:	f7ff fd57 	bl	10002b04 <__assert_func>
10003056:	2101      	movs	r1, #1
10003058:	6825      	ldr	r5, [r4, #0]
1000305a:	f8c5 10a0 	str.w	r1, [r5, #160]	@ 0xa0
1000305e:	6821      	ldr	r1, [r4, #0]
10003060:	6fcd      	ldr	r5, [r1, #124]	@ 0x7c
10003062:	406b      	eors	r3, r5
10003064:	b29b      	uxth	r3, r3
10003066:	f501 5183 	add.w	r1, r1, #4192	@ 0x1060
1000306a:	61cb      	str	r3, [r1, #28]
1000306c:	6823      	ldr	r3, [r4, #0]
1000306e:	2101      	movs	r1, #1
10003070:	66d9      	str	r1, [r3, #108]	@ 0x6c
10003072:	fbb0 f0f2 	udiv	r0, r0, r2
10003076:	bdf8      	pop	{r3, r4, r5, r6, r7, pc}
10003078:	cccccccd 	.word	0xcccccccd
1000307c:	000f423f 	.word	0x000f423f
10003080:	6b5fca6b 	.word	0x6b5fca6b
10003084:	55e63b89 	.word	0x55e63b89
10003088:	1000379c 	.word	0x1000379c
1000308c:	1000392c 	.word	0x1000392c
10003090:	100037bc 	.word	0x100037bc

10003094 <i2c_init>:
10003094:	b538      	push	{r3, r4, r5, lr}
10003096:	4604      	mov	r4, r0
10003098:	460d      	mov	r5, r1
1000309a:	4b11      	ldr	r3, [pc, #68]	@ (100030e0 <i2c_init+0x4c>)
1000309c:	4298      	cmp	r0, r3
1000309e:	d01c      	beq.n	100030da <i2c_init+0x46>
100030a0:	2205      	movs	r2, #5
100030a2:	2301      	movs	r3, #1
100030a4:	4093      	lsls	r3, r2
100030a6:	4a0f      	ldr	r2, [pc, #60]	@ (100030e4 <i2c_init+0x50>)
100030a8:	6013      	str	r3, [r2, #0]
100030aa:	4620      	mov	r0, r4
100030ac:	f7ff fe80 	bl	10002db0 <i2c_unreset>
100030b0:	2300      	movs	r3, #0
100030b2:	7123      	strb	r3, [r4, #4]
100030b4:	6822      	ldr	r2, [r4, #0]
100030b6:	66d3      	str	r3, [r2, #108]	@ 0x6c
100030b8:	6822      	ldr	r2, [r4, #0]
100030ba:	f240 1165 	movw	r1, #357	@ 0x165
100030be:	6011      	str	r1, [r2, #0]
100030c0:	6822      	ldr	r2, [r4, #0]
100030c2:	63d3      	str	r3, [r2, #60]	@ 0x3c
100030c4:	6822      	ldr	r2, [r4, #0]
100030c6:	6393      	str	r3, [r2, #56]	@ 0x38
100030c8:	6823      	ldr	r3, [r4, #0]
100030ca:	2203      	movs	r2, #3
100030cc:	f8c3 2088 	str.w	r2, [r3, #136]	@ 0x88
100030d0:	4629      	mov	r1, r5
100030d2:	4620      	mov	r0, r4
100030d4:	f7ff ff7a 	bl	10002fcc <i2c_set_baudrate>
100030d8:	bd38      	pop	{r3, r4, r5, pc}
100030da:	2204      	movs	r2, #4
100030dc:	e7e1      	b.n	100030a2 <i2c_init+0xe>
100030de:	bf00      	nop
100030e0:	20000954 	.word	0x20000954
100030e4:	40022000 	.word	0x40022000

100030e8 <i2c_write_blocking>:
100030e8:	b510      	push	{r4, lr}
100030ea:	b084      	sub	sp, #16
100030ec:	2400      	movs	r4, #0
100030ee:	9402      	str	r4, [sp, #8]
100030f0:	9401      	str	r4, [sp, #4]
100030f2:	f89d 4018 	ldrb.w	r4, [sp, #24]
100030f6:	9400      	str	r4, [sp, #0]
100030f8:	f7ff fe70 	bl	10002ddc <i2c_write_blocking_internal>
100030fc:	b004      	add	sp, #16
100030fe:	bd10      	pop	{r4, pc}

10003100 <i2c_read_blocking>:
10003100:	b510      	push	{r4, lr}
10003102:	b084      	sub	sp, #16
10003104:	2400      	movs	r4, #0
10003106:	9402      	str	r4, [sp, #8]
10003108:	9401      	str	r4, [sp, #4]
1000310a:	f89d 4018 	ldrb.w	r4, [sp, #24]
1000310e:	9400      	str	r4, [sp, #0]
10003110:	f7ff fef6 	bl	10002f00 <i2c_read_blocking_internal>
10003114:	b004      	add	sp, #16
10003116:	bd10      	pop	{r4, pc}

10003118 <memcpy>:
10003118:	4684      	mov	ip, r0
1000311a:	ea41 0300 	orr.w	r3, r1, r0
1000311e:	f013 0303 	ands.w	r3, r3, #3
10003122:	d149      	bne.n	100031b8 <memcpy+0xa0>
10003124:	3a40      	subs	r2, #64	@ 0x40
10003126:	d323      	bcc.n	10003170 <memcpy+0x58>
10003128:	680b      	ldr	r3, [r1, #0]
1000312a:	6003      	str	r3, [r0, #0]
1000312c:	684b      	ldr	r3, [r1, #4]
1000312e:	6043      	str	r3, [r0, #4]
10003130:	688b      	ldr	r3, [r1, #8]
10003132:	6083      	str	r3, [r0, #8]
10003134:	68cb      	ldr	r3, [r1, #12]
10003136:	60c3      	str	r3, [r0, #12]
10003138:	690b      	ldr	r3, [r1, #16]
1000313a:	6103      	str	r3, [r0, #16]
1000313c:	694b      	ldr	r3, [r1, #20]
1000313e:	6143      	str	r3, [r0, #20]
10003140:	698b      	ldr	r3, [r1, #24]
10003142:	6183      	str	r3, [r0, #24]
10003144:	69cb      	ldr	r3, [r1, #28]
10003146:	61c3      	str	r3, [r0, #28]
10003148:	6a0b      	ldr	r3, [r1, #32]
1000314a:	6203      	str	r3, [r0, #32]
1000314c:	6a4b      	ldr	r3, [r1, #36]	@ 0x24
1000314e:	6243      	str	r3, [r0, #36]	@ 0x24
10003150:	6a8b      	ldr	r3, [r1, #40]	@ 0x28
10003152:	6283      	str	r3, [r0, #40]	@ 0x28
10003154:	6acb      	ldr	r3, [r1, #44]	@ 0x2c
10003156:	62c3      	str	r3, [r0, #44]	@ 0x2c
10003158:	6b0b      	ldr	r3, [r1, #48]	@ 0x30
1000315a:	6303      	str	r3, [r0, #48]	@ 0x30
1000315c:	6b4b      	ldr	r3, [r1, #52]	@ 0x34
1000315e:	6343      	str	r3, [r0, #52]	@ 0x34
10003160:	6b8b      	ldr	r3, [r1, #56]	@ 0x38
10003162:	6383      	str	r3, [r0, #56]	@ 0x38
10003164:	6bcb      	ldr	r3, [r1, #60]	@ 0x3c
10003166:	63c3      	str	r3, [r0, #60]	@ 0x3c
10003168:	3040      	adds	r0, #64	@ 0x40
1000316a:	3140      	adds	r1, #64	@ 0x40
1000316c:	3a40      	subs	r2, #64	@ 0x40
1000316e:	d2db      	bcs.n	10003128 <memcpy+0x10>
10003170:	3230      	adds	r2, #48	@ 0x30
10003172:	d30b      	bcc.n	1000318c <memcpy+0x74>
10003174:	680b      	ldr	r3, [r1, #0]
10003176:	6003      	str	r3, [r0, #0]
10003178:	684b      	ldr	r3, [r1, #4]
1000317a:	6043      	str	r3, [r0, #4]
1000317c:	688b      	ldr	r3, [r1, #8]
1000317e:	6083      	str	r3, [r0, #8]
10003180:	68cb      	ldr	r3, [r1, #12]
10003182:	60c3      	str	r3, [r0, #12]
10003184:	3010      	adds	r0, #16
10003186:	3110      	adds	r1, #16
10003188:	3a10      	subs	r2, #16
1000318a:	d2f3      	bcs.n	10003174 <memcpy+0x5c>
1000318c:	320c      	adds	r2, #12
1000318e:	d305      	bcc.n	1000319c <memcpy+0x84>
10003190:	f851 3b04 	ldr.w	r3, [r1], #4
10003194:	f840 3b04 	str.w	r3, [r0], #4
10003198:	3a04      	subs	r2, #4
1000319a:	d2f9      	bcs.n	10003190 <memcpy+0x78>
1000319c:	3204      	adds	r2, #4
1000319e:	d008      	beq.n	100031b2 <memcpy+0x9a>
100031a0:	07d2      	lsls	r2, r2, #31
100031a2:	bf1c      	itt	ne
100031a4:	f811 3b01 	ldrbne.w	r3, [r1], #1
100031a8:	f800 3b01 	strbne.w	r3, [r0], #1
100031ac:	d301      	bcc.n	100031b2 <memcpy+0x9a>
100031ae:	880b      	ldrh	r3, [r1, #0]
100031b0:	8003      	strh	r3, [r0, #0]
100031b2:	4660      	mov	r0, ip
100031b4:	4770      	bx	lr
100031b6:	bf00      	nop
100031b8:	2a08      	cmp	r2, #8
100031ba:	d313      	bcc.n	100031e4 <memcpy+0xcc>
100031bc:	078b      	lsls	r3, r1, #30
100031be:	d0b1      	beq.n	10003124 <memcpy+0xc>
100031c0:	f010 0303 	ands.w	r3, r0, #3
100031c4:	d0ae      	beq.n	10003124 <memcpy+0xc>
100031c6:	f1c3 0304 	rsb	r3, r3, #4
100031ca:	1ad2      	subs	r2, r2, r3
100031cc:	07db      	lsls	r3, r3, #31
100031ce:	bf1c      	itt	ne
100031d0:	f811 3b01 	ldrbne.w	r3, [r1], #1
100031d4:	f800 3b01 	strbne.w	r3, [r0], #1
100031d8:	d3a4      	bcc.n	10003124 <memcpy+0xc>
100031da:	f831 3b02 	ldrh.w	r3, [r1], #2
100031de:	f820 3b02 	strh.w	r3, [r0], #2
100031e2:	e79f      	b.n	10003124 <memcpy+0xc>
100031e4:	3a04      	subs	r2, #4
100031e6:	d3d9      	bcc.n	1000319c <memcpy+0x84>
100031e8:	3a01      	subs	r2, #1
100031ea:	f811 3b01 	ldrb.w	r3, [r1], #1
100031ee:	f800 3b01 	strb.w	r3, [r0], #1
100031f2:	d2f9      	bcs.n	100031e8 <memcpy+0xd0>
100031f4:	780b      	ldrb	r3, [r1, #0]
100031f6:	7003      	strb	r3, [r0, #0]
100031f8:	784b      	ldrb	r3, [r1, #1]
100031fa:	7043      	strb	r3, [r0, #1]
100031fc:	788b      	ldrb	r3, [r1, #2]
100031fe:	7083      	strb	r3, [r0, #2]
10003200:	4660      	mov	r0, ip
10003202:	4770      	bx	lr

10003204 <atexit>:
10003204:	2300      	movs	r3, #0
10003206:	4601      	mov	r1, r0
10003208:	461a      	mov	r2, r3
1000320a:	4618      	mov	r0, r3
1000320c:	f000 b842 	b.w	10003294 <__register_exitproc>

10003210 <strlen>:
10003210:	f020 0103 	bic.w	r1, r0, #3
10003214:	f010 0003 	ands.w	r0, r0, #3
10003218:	f1c0 0000 	rsb	r0, r0, #0
1000321c:	f851 3b04 	ldr.w	r3, [r1], #4
10003220:	f100 0c04 	add.w	ip, r0, #4
10003224:	ea4f 0ccc 	mov.w	ip, ip, lsl #3
10003228:	f06f 0200 	mvn.w	r2, #0
1000322c:	bf1c      	itt	ne
1000322e:	fa22 f20c 	lsrne.w	r2, r2, ip
10003232:	4313      	orrne	r3, r2
10003234:	f04f 0c01 	mov.w	ip, #1
10003238:	ea4c 2c0c 	orr.w	ip, ip, ip, lsl #8
1000323c:	ea4c 4c0c 	orr.w	ip, ip, ip, lsl #16
10003240:	eba3 020c 	sub.w	r2, r3, ip
10003244:	ea22 0203 	bic.w	r2, r2, r3
10003248:	ea12 12cc 	ands.w	r2, r2, ip, lsl #7
1000324c:	bf04      	itt	eq
1000324e:	f851 3b04 	ldreq.w	r3, [r1], #4
10003252:	3004      	addeq	r0, #4
10003254:	d0f4      	beq.n	10003240 <strlen+0x30>
10003256:	f1c2 0100 	rsb	r1, r2, #0
1000325a:	ea02 0201 	and.w	r2, r2, r1
1000325e:	fab2 f282 	clz	r2, r2
10003262:	f1c2 021f 	rsb	r2, r2, #31
10003266:	eb00 00d2 	add.w	r0, r0, r2, lsr #3
1000326a:	4770      	bx	lr

1000326c <__libc_fini_array>:
1000326c:	b538      	push	{r3, r4, r5, lr}
1000326e:	4d07      	ldr	r5, [pc, #28]	@ (1000328c <__libc_fini_array+0x20>)
10003270:	4c07      	ldr	r4, [pc, #28]	@ (10003290 <__libc_fini_array+0x24>)
10003272:	1b2c      	subs	r4, r5, r4
10003274:	10a4      	asrs	r4, r4, #2
10003276:	d005      	beq.n	10003284 <__libc_fini_array+0x18>
10003278:	3c01      	subs	r4, #1
1000327a:	f855 3d04 	ldr.w	r3, [r5, #-4]!
1000327e:	4798      	blx	r3
10003280:	2c00      	cmp	r4, #0
10003282:	d1f9      	bne.n	10003278 <__libc_fini_array+0xc>
10003284:	e8bd 4038 	ldmia.w	sp!, {r3, r4, r5, lr}
10003288:	f000 b840 	b.w	1000330c <_fini>
1000328c:	10003378 	.word	0x10003378
10003290:	10003378 	.word	0x10003378

10003294 <__register_exitproc>:
10003294:	b470      	push	{r4, r5, r6}
10003296:	4d16      	ldr	r5, [pc, #88]	@ (100032f0 <__register_exitproc+0x5c>)
10003298:	682c      	ldr	r4, [r5, #0]
1000329a:	b31c      	cbz	r4, 100032e4 <__register_exitproc+0x50>
1000329c:	6865      	ldr	r5, [r4, #4]
1000329e:	2d1f      	cmp	r5, #31
100032a0:	dc23      	bgt.n	100032ea <__register_exitproc+0x56>
100032a2:	b938      	cbnz	r0, 100032b4 <__register_exitproc+0x20>
100032a4:	1c6b      	adds	r3, r5, #1
100032a6:	2000      	movs	r0, #0
100032a8:	3502      	adds	r5, #2
100032aa:	6063      	str	r3, [r4, #4]
100032ac:	f844 1025 	str.w	r1, [r4, r5, lsl #2]
100032b0:	bc70      	pop	{r4, r5, r6}
100032b2:	4770      	bx	lr
100032b4:	eb04 0c85 	add.w	ip, r4, r5, lsl #2
100032b8:	2802      	cmp	r0, #2
100032ba:	f8cc 2088 	str.w	r2, [ip, #136]	@ 0x88
100032be:	f04f 0201 	mov.w	r2, #1
100032c2:	f8d4 6188 	ldr.w	r6, [r4, #392]	@ 0x188
100032c6:	fa02 f205 	lsl.w	r2, r2, r5
100032ca:	ea46 0602 	orr.w	r6, r6, r2
100032ce:	f8c4 6188 	str.w	r6, [r4, #392]	@ 0x188
100032d2:	f8cc 3108 	str.w	r3, [ip, #264]	@ 0x108
100032d6:	d1e5      	bne.n	100032a4 <__register_exitproc+0x10>
100032d8:	f8d4 318c 	ldr.w	r3, [r4, #396]	@ 0x18c
100032dc:	4313      	orrs	r3, r2
100032de:	f8c4 318c 	str.w	r3, [r4, #396]	@ 0x18c
100032e2:	e7df      	b.n	100032a4 <__register_exitproc+0x10>
100032e4:	4c03      	ldr	r4, [pc, #12]	@ (100032f4 <__register_exitproc+0x60>)
100032e6:	602c      	str	r4, [r5, #0]
100032e8:	e7d8      	b.n	1000329c <__register_exitproc+0x8>
100032ea:	f04f 30ff 	mov.w	r0, #4294967295	@ 0xffffffff
100032ee:	e7df      	b.n	100032b0 <__register_exitproc+0x1c>
100032f0:	20000c94 	.word	0x20000c94
100032f4:	20000b04 	.word	0x20000b04

100032f8 <register_fini>:
100032f8:	4b02      	ldr	r3, [pc, #8]	@ (10003304 <register_fini+0xc>)
100032fa:	b113      	cbz	r3, 10003302 <register_fini+0xa>
100032fc:	4802      	ldr	r0, [pc, #8]	@ (10003308 <register_fini+0x10>)
100032fe:	f7ff bf81 	b.w	10003204 <atexit>
10003302:	4770      	bx	lr
10003304:	00000000 	.word	0x00000000
10003308:	1000326d 	.word	0x1000326d

1000330c <_fini>:
1000330c:	b5f8      	push	{r3, r4, r5, r6, r7, lr}
1000330e:	bf00      	nop

10003310 <____aeabi_f2d_veneer>:
10003310:	f85f f000 	ldr.w	pc, [pc]	@ 10003314 <____aeabi_f2d_veneer+0x4>
10003314:	20000541 	.word	0x20000541

10003318 <____aeabi_uldivmod_veneer>:
10003318:	f85f f000 	ldr.w	pc, [pc]	@ 1000331c <____aeabi_uldivmod_veneer+0x4>
1000331c:	200005f1 	.word	0x200005f1

10003320 <__mutex_exit_veneer>:
10003320:	f85f f000 	ldr.w	pc, [pc]	@ 10003324 <__mutex_exit_veneer+0x4>
10003324:	20000221 	.word	0x20000221

10003328 <__mutex_try_enter_block_until_veneer>:
10003328:	f85f f000 	ldr.w	pc, [pc]	@ 1000332c <__mutex_try_enter_block_until_veneer+0x4>
1000332c:	200001ed 	.word	0x200001ed

10003330 <__pre_init_runtime_init_bootrom_reset>:
10003330:	100014b1                                ....

10003334 <__pre_init_runtime_init_early_resets>:
10003334:	10001429                                )...

10003338 <__pre_init_runtime_init_usb_power_down>:
10003338:	10001455                                U...

1000333c <__pre_init_runtime_init_clocks>:
1000333c:	1000154d                                M...

10003340 <__pre_init_runtime_init_post_clock_resets>:
10003340:	10001491                                ....

10003344 <__pre_init_runtime_init_boot_locks_reset>:
10003344:	100013cd                                ....

10003348 <__pre_init_runtime_init_spin_locks_reset>:
10003348:	100014d5                                ....

1000334c <__pre_init_runtime_init_bootrom_locking_enable>:
1000334c:	10001399                                ....

10003350 <__pre_init_runtime_init_mutex>:
10003350:	100006ed                                ....

10003354 <__pre_init_runtime_init_install_ram_vector_table>:
10003354:	100014dd                                ....

10003358 <__pre_init_runtime_init_default_alarm_pool>:
10003358:	10000f3d                                =...

1000335c <__pre_init_first_per_core_initializer>:
1000335c:	10001415                                ....

10003360 <__pre_init_runtime_init_per_core_bootrom_reset>:
10003360:	100014c3                                ....

10003364 <__pre_init_runtime_init_per_core_enable_coprocessors>:
10003364:	10001475                                u...

10003368 <__pre_init_spinlock_set_extexclall>:
10003368:	10000591                                ....

1000336c <__pre_init_runtime_init_per_core_irq_priorities>:
1000336c:	100005e9                                ....

10003370 <__init_array_start>:
10003370:	100032f9 	.word	0x100032f9

10003374 <__frame_dummy_init_array_entry>:
10003374:	10000255                                U...

Disassembly of section .data:

20000110 <mutex_try_enter>:
20000110:	b500      	push	{lr}
20000112:	4603      	mov	r3, r0
20000114:	6800      	ldr	r0, [r0, #0]
20000116:	f3ef 8210 	mrs	r2, PRIMASK
2000011a:	b672      	cpsid	i
2000011c:	e8d0 efcf 	ldaexb	lr, [r0]
20000120:	f05f 0c01 	movs.w	ip, #1
20000124:	f1be 0f00 	cmp.w	lr, #0
20000128:	d1f8      	bne.n	2000011c <mutex_try_enter+0xc>
2000012a:	e8c0 cf4e 	strexb	lr, ip, [r0]
2000012e:	f1be 0f00 	cmp.w	lr, #0
20000132:	d1f3      	bne.n	2000011c <mutex_try_enter+0xc>
20000134:	f3bf 8f5f 	dmb	sy
20000138:	f993 0004 	ldrsb.w	r0, [r3, #4]
2000013c:	2800      	cmp	r0, #0
2000013e:	db0a      	blt.n	20000156 <mutex_try_enter+0x46>
20000140:	b181      	cbz	r1, 20000164 <mutex_try_enter+0x54>
20000142:	6008      	str	r0, [r1, #0]
20000144:	2000      	movs	r0, #0
20000146:	6819      	ldr	r1, [r3, #0]
20000148:	2300      	movs	r3, #0
2000014a:	e8c1 3f8f 	stlb	r3, [r1]
2000014e:	f382 8810 	msr	PRIMASK, r2
20000152:	f85d fb04 	ldr.w	pc, [sp], #4
20000156:	f04f 4150 	mov.w	r1, #3489660928	@ 0xd0000000
2000015a:	f991 1000 	ldrsb.w	r1, [r1]
2000015e:	7119      	strb	r1, [r3, #4]
20000160:	2001      	movs	r0, #1
20000162:	e7f0      	b.n	20000146 <mutex_try_enter+0x36>
20000164:	2000      	movs	r0, #0
20000166:	e7ee      	b.n	20000146 <mutex_try_enter+0x36>

20000168 <mutex_enter_block_until>:
20000168:	b5f8      	push	{r3, r4, r5, r6, r7, lr}
2000016a:	461e      	mov	r6, r3
2000016c:	6803      	ldr	r3, [r0, #0]
2000016e:	2b00      	cmp	r3, #0
20000170:	d027      	beq.n	200001c2 <mutex_enter_block_until+0x5a>
20000172:	4604      	mov	r4, r0
20000174:	4615      	mov	r5, r2
20000176:	f04f 4350 	mov.w	r3, #3489660928	@ 0xd0000000
2000017a:	f993 7000 	ldrsb.w	r7, [r3]
2000017e:	6821      	ldr	r1, [r4, #0]
20000180:	f3ef 8c10 	mrs	ip, PRIMASK
20000184:	b672      	cpsid	i
20000186:	e8d1 2fcf 	ldaexb	r2, [r1]
2000018a:	2301      	movs	r3, #1
2000018c:	2a00      	cmp	r2, #0
2000018e:	d1fa      	bne.n	20000186 <mutex_enter_block_until+0x1e>
20000190:	e8c1 3f42 	strexb	r2, r3, [r1]
20000194:	2a00      	cmp	r2, #0
20000196:	d1f6      	bne.n	20000186 <mutex_enter_block_until+0x1e>
20000198:	f3bf 8f5f 	dmb	sy
2000019c:	f994 e004 	ldrsb.w	lr, [r4, #4]
200001a0:	f1be 0f00 	cmp.w	lr, #0
200001a4:	db13      	blt.n	200001ce <mutex_enter_block_until+0x66>
200001a6:	6822      	ldr	r2, [r4, #0]
200001a8:	2300      	movs	r3, #0
200001aa:	e8c2 3f8f 	stlb	r3, [r2]
200001ae:	f38c 8810 	msr	PRIMASK, ip
200001b2:	4628      	mov	r0, r5
200001b4:	4631      	mov	r1, r6
200001b6:	f000 fbb7 	bl	20000928 <__best_effort_wfe_or_timeout_veneer>
200001ba:	2800      	cmp	r0, #0
200001bc:	d0df      	beq.n	2000017e <mutex_enter_block_until+0x16>
200001be:	2000      	movs	r0, #0
200001c0:	e00d      	b.n	200001de <mutex_enter_block_until+0x76>
200001c2:	4b07      	ldr	r3, [pc, #28]	@ (200001e0 <mutex_enter_block_until+0x78>)
200001c4:	4a07      	ldr	r2, [pc, #28]	@ (200001e4 <mutex_enter_block_until+0x7c>)
200001c6:	21a6      	movs	r1, #166	@ 0xa6
200001c8:	4807      	ldr	r0, [pc, #28]	@ (200001e8 <mutex_enter_block_until+0x80>)
200001ca:	f000 fbb1 	bl	20000930 <____assert_func_veneer>
200001ce:	7127      	strb	r7, [r4, #4]
200001d0:	6822      	ldr	r2, [r4, #0]
200001d2:	2300      	movs	r3, #0
200001d4:	e8c2 3f8f 	stlb	r3, [r2]
200001d8:	f38c 8810 	msr	PRIMASK, ip
200001dc:	2001      	movs	r0, #1
200001de:	bdf8      	pop	{r3, r4, r5, r6, r7, pc}
200001e0:	100034b8 	.word	0x100034b8
200001e4:	1000381c 	.word	0x1000381c
200001e8:	1000347c 	.word	0x1000347c

200001ec <mutex_try_enter_block_until>:
200001ec:	b570      	push	{r4, r5, r6, lr}
200001ee:	b082      	sub	sp, #8
200001f0:	4606      	mov	r6, r0
200001f2:	4615      	mov	r5, r2
200001f4:	461c      	mov	r4, r3
200001f6:	a901      	add	r1, sp, #4
200001f8:	f7ff ff8a 	bl	20000110 <mutex_try_enter>
200001fc:	b938      	cbnz	r0, 2000020e <mutex_try_enter_block_until+0x22>
200001fe:	f99d 2004 	ldrsb.w	r2, [sp, #4]
20000202:	f04f 4350 	mov.w	r3, #3489660928	@ 0xd0000000
20000206:	f993 3000 	ldrsb.w	r3, [r3]
2000020a:	429a      	cmp	r2, r3
2000020c:	d101      	bne.n	20000212 <mutex_try_enter_block_until+0x26>
2000020e:	b002      	add	sp, #8
20000210:	bd70      	pop	{r4, r5, r6, pc}
20000212:	462a      	mov	r2, r5
20000214:	4623      	mov	r3, r4
20000216:	4630      	mov	r0, r6
20000218:	f7ff ffa6 	bl	20000168 <mutex_enter_block_until>
2000021c:	e7f7      	b.n	2000020e <mutex_try_enter_block_until+0x22>
	...

20000220 <mutex_exit>:
20000220:	b508      	push	{r3, lr}
20000222:	6802      	ldr	r2, [r0, #0]
20000224:	f3ef 8310 	mrs	r3, PRIMASK
20000228:	b672      	cpsid	i
2000022a:	e8d2 cfcf 	ldaexb	ip, [r2]
2000022e:	2101      	movs	r1, #1
20000230:	f1bc 0f00 	cmp.w	ip, #0
20000234:	d1f9      	bne.n	2000022a <mutex_exit+0xa>
20000236:	e8c2 1f4c 	strexb	ip, r1, [r2]
2000023a:	f1bc 0f00 	cmp.w	ip, #0
2000023e:	d1f4      	bne.n	2000022a <mutex_exit+0xa>
20000240:	f3bf 8f5f 	dmb	sy
20000244:	f990 2004 	ldrsb.w	r2, [r0, #4]
20000248:	2a00      	cmp	r2, #0
2000024a:	db09      	blt.n	20000260 <mutex_exit+0x40>
2000024c:	22ff      	movs	r2, #255	@ 0xff
2000024e:	7102      	strb	r2, [r0, #4]
20000250:	6801      	ldr	r1, [r0, #0]
20000252:	2200      	movs	r2, #0
20000254:	e8c1 2f8f 	stlb	r2, [r1]
20000258:	f383 8810 	msr	PRIMASK, r3
2000025c:	bf40      	sev
2000025e:	bd08      	pop	{r3, pc}
20000260:	4b02      	ldr	r3, [pc, #8]	@ (2000026c <mutex_exit+0x4c>)
20000262:	4a03      	ldr	r2, [pc, #12]	@ (20000270 <mutex_exit+0x50>)
20000264:	21d5      	movs	r1, #213	@ 0xd5
20000266:	4803      	ldr	r0, [pc, #12]	@ (20000274 <mutex_exit+0x54>)
20000268:	f000 fb62 	bl	20000930 <____assert_func_veneer>
2000026c:	100034cc 	.word	0x100034cc
20000270:	10003810 	.word	0x10003810
20000274:	1000347c 	.word	0x1000347c

20000278 <__aeabi_drsub>:
20000278:	f081 4100 	eor.w	r1, r1, #2147483648	@ 0x80000000
2000027c:	e002      	b.n	20000284 <__adddf3>
2000027e:	bf00      	nop

20000280 <__aeabi_dsub>:
20000280:	f083 4300 	eor.w	r3, r3, #2147483648	@ 0x80000000

20000284 <__adddf3>:
20000284:	b530      	push	{r4, r5, lr}
20000286:	ea4f 0441 	mov.w	r4, r1, lsl #1
2000028a:	ea4f 0543 	mov.w	r5, r3, lsl #1
2000028e:	ea94 0f05 	teq	r4, r5
20000292:	bf08      	it	eq
20000294:	ea90 0f02 	teqeq	r0, r2
20000298:	bf1f      	itttt	ne
2000029a:	ea54 0c00 	orrsne.w	ip, r4, r0
2000029e:	ea55 0c02 	orrsne.w	ip, r5, r2
200002a2:	ea7f 5c64 	mvnsne.w	ip, r4, asr #21
200002a6:	ea7f 5c65 	mvnsne.w	ip, r5, asr #21
200002aa:	f000 80e2 	beq.w	20000472 <__adddf3+0x1ee>
200002ae:	ea4f 5454 	mov.w	r4, r4, lsr #21
200002b2:	ebd4 5555 	rsbs	r5, r4, r5, lsr #21
200002b6:	bfb8      	it	lt
200002b8:	426d      	neglt	r5, r5
200002ba:	dd0c      	ble.n	200002d6 <__adddf3+0x52>
200002bc:	442c      	add	r4, r5
200002be:	ea80 0202 	eor.w	r2, r0, r2
200002c2:	ea81 0303 	eor.w	r3, r1, r3
200002c6:	ea82 0000 	eor.w	r0, r2, r0
200002ca:	ea83 0101 	eor.w	r1, r3, r1
200002ce:	ea80 0202 	eor.w	r2, r0, r2
200002d2:	ea81 0303 	eor.w	r3, r1, r3
200002d6:	2d36      	cmp	r5, #54	@ 0x36
200002d8:	bf88      	it	hi
200002da:	bd30      	pophi	{r4, r5, pc}
200002dc:	f011 4f00 	tst.w	r1, #2147483648	@ 0x80000000
200002e0:	ea4f 3101 	mov.w	r1, r1, lsl #12
200002e4:	f44f 1c80 	mov.w	ip, #1048576	@ 0x100000
200002e8:	ea4c 3111 	orr.w	r1, ip, r1, lsr #12
200002ec:	d002      	beq.n	200002f4 <__adddf3+0x70>
200002ee:	4240      	negs	r0, r0
200002f0:	eb61 0141 	sbc.w	r1, r1, r1, lsl #1
200002f4:	f013 4f00 	tst.w	r3, #2147483648	@ 0x80000000
200002f8:	ea4f 3303 	mov.w	r3, r3, lsl #12
200002fc:	ea4c 3313 	orr.w	r3, ip, r3, lsr #12
20000300:	d002      	beq.n	20000308 <__adddf3+0x84>
20000302:	4252      	negs	r2, r2
20000304:	eb63 0343 	sbc.w	r3, r3, r3, lsl #1
20000308:	ea94 0f05 	teq	r4, r5
2000030c:	f000 80a7 	beq.w	2000045e <__adddf3+0x1da>
20000310:	f1a4 0401 	sub.w	r4, r4, #1
20000314:	f1d5 0e20 	rsbs	lr, r5, #32
20000318:	db0d      	blt.n	20000336 <__adddf3+0xb2>
2000031a:	fa02 fc0e 	lsl.w	ip, r2, lr
2000031e:	fa22 f205 	lsr.w	r2, r2, r5
20000322:	1880      	adds	r0, r0, r2
20000324:	f141 0100 	adc.w	r1, r1, #0
20000328:	fa03 f20e 	lsl.w	r2, r3, lr
2000032c:	1880      	adds	r0, r0, r2
2000032e:	fa43 f305 	asr.w	r3, r3, r5
20000332:	4159      	adcs	r1, r3
20000334:	e00e      	b.n	20000354 <__adddf3+0xd0>
20000336:	f1a5 0520 	sub.w	r5, r5, #32
2000033a:	f10e 0e20 	add.w	lr, lr, #32
2000033e:	2a01      	cmp	r2, #1
20000340:	fa03 fc0e 	lsl.w	ip, r3, lr
20000344:	bf28      	it	cs
20000346:	f04c 0c02 	orrcs.w	ip, ip, #2
2000034a:	fa43 f305 	asr.w	r3, r3, r5
2000034e:	18c0      	adds	r0, r0, r3
20000350:	eb51 71e3 	adcs.w	r1, r1, r3, asr #31
20000354:	f001 4500 	and.w	r5, r1, #2147483648	@ 0x80000000
20000358:	d507      	bpl.n	2000036a <__adddf3+0xe6>
2000035a:	f04f 0e00 	mov.w	lr, #0
2000035e:	f1dc 0c00 	rsbs	ip, ip, #0
20000362:	eb7e 0000 	sbcs.w	r0, lr, r0
20000366:	eb6e 0101 	sbc.w	r1, lr, r1
2000036a:	f5b1 1f80 	cmp.w	r1, #1048576	@ 0x100000
2000036e:	d31b      	bcc.n	200003a8 <__adddf3+0x124>
20000370:	f5b1 1f00 	cmp.w	r1, #2097152	@ 0x200000
20000374:	d30c      	bcc.n	20000390 <__adddf3+0x10c>
20000376:	0849      	lsrs	r1, r1, #1
20000378:	ea5f 0030 	movs.w	r0, r0, rrx
2000037c:	ea4f 0c3c 	mov.w	ip, ip, rrx
20000380:	f104 0401 	add.w	r4, r4, #1
20000384:	ea4f 5244 	mov.w	r2, r4, lsl #21
20000388:	f512 0f80 	cmn.w	r2, #4194304	@ 0x400000
2000038c:	f080 809a 	bcs.w	200004c4 <__adddf3+0x240>
20000390:	f1bc 4f00 	cmp.w	ip, #2147483648	@ 0x80000000
20000394:	bf08      	it	eq
20000396:	ea5f 0c50 	movseq.w	ip, r0, lsr #1
2000039a:	f150 0000 	adcs.w	r0, r0, #0
2000039e:	eb41 5104 	adc.w	r1, r1, r4, lsl #20
200003a2:	ea41 0105 	orr.w	r1, r1, r5
200003a6:	bd30      	pop	{r4, r5, pc}
200003a8:	ea5f 0c4c 	movs.w	ip, ip, lsl #1
200003ac:	4140      	adcs	r0, r0
200003ae:	eb41 0101 	adc.w	r1, r1, r1
200003b2:	3c01      	subs	r4, #1
200003b4:	bf28      	it	cs
200003b6:	f5b1 1f80 	cmpcs.w	r1, #1048576	@ 0x100000
200003ba:	d2e9      	bcs.n	20000390 <__adddf3+0x10c>
200003bc:	f091 0f00 	teq	r1, #0
200003c0:	bf04      	itt	eq
200003c2:	4601      	moveq	r1, r0
200003c4:	2000      	moveq	r0, #0
200003c6:	fab1 f381 	clz	r3, r1
200003ca:	bf08      	it	eq
200003cc:	3320      	addeq	r3, #32
200003ce:	f1a3 030b 	sub.w	r3, r3, #11
200003d2:	f1b3 0220 	subs.w	r2, r3, #32
200003d6:	da0c      	bge.n	200003f2 <__adddf3+0x16e>
200003d8:	320c      	adds	r2, #12
200003da:	dd08      	ble.n	200003ee <__adddf3+0x16a>
200003dc:	f102 0c14 	add.w	ip, r2, #20
200003e0:	f1c2 020c 	rsb	r2, r2, #12
200003e4:	fa01 f00c 	lsl.w	r0, r1, ip
200003e8:	fa21 f102 	lsr.w	r1, r1, r2
200003ec:	e00c      	b.n	20000408 <__adddf3+0x184>
200003ee:	f102 0214 	add.w	r2, r2, #20
200003f2:	bfd8      	it	le
200003f4:	f1c2 0c20 	rsble	ip, r2, #32
200003f8:	fa01 f102 	lsl.w	r1, r1, r2
200003fc:	fa20 fc0c 	lsr.w	ip, r0, ip
20000400:	bfdc      	itt	le
20000402:	ea41 010c 	orrle.w	r1, r1, ip
20000406:	4090      	lslle	r0, r2
20000408:	1ae4      	subs	r4, r4, r3
2000040a:	bfa2      	ittt	ge
2000040c:	eb01 5104 	addge.w	r1, r1, r4, lsl #20
20000410:	4329      	orrge	r1, r5
20000412:	bd30      	popge	{r4, r5, pc}
20000414:	ea6f 0404 	mvn.w	r4, r4
20000418:	3c1f      	subs	r4, #31
2000041a:	da1c      	bge.n	20000456 <__adddf3+0x1d2>
2000041c:	340c      	adds	r4, #12
2000041e:	dc0e      	bgt.n	2000043e <__adddf3+0x1ba>
20000420:	f104 0414 	add.w	r4, r4, #20
20000424:	f1c4 0220 	rsb	r2, r4, #32
20000428:	fa20 f004 	lsr.w	r0, r0, r4
2000042c:	fa01 f302 	lsl.w	r3, r1, r2
20000430:	ea40 0003 	orr.w	r0, r0, r3
20000434:	fa21 f304 	lsr.w	r3, r1, r4
20000438:	ea45 0103 	orr.w	r1, r5, r3
2000043c:	bd30      	pop	{r4, r5, pc}
2000043e:	f1c4 040c 	rsb	r4, r4, #12
20000442:	f1c4 0220 	rsb	r2, r4, #32
20000446:	fa20 f002 	lsr.w	r0, r0, r2
2000044a:	fa01 f304 	lsl.w	r3, r1, r4
2000044e:	ea40 0003 	orr.w	r0, r0, r3
20000452:	4629      	mov	r1, r5
20000454:	bd30      	pop	{r4, r5, pc}
20000456:	fa21 f004 	lsr.w	r0, r1, r4
2000045a:	4629      	mov	r1, r5
2000045c:	bd30      	pop	{r4, r5, pc}
2000045e:	f094 0f00 	teq	r4, #0
20000462:	f483 1380 	eor.w	r3, r3, #1048576	@ 0x100000
20000466:	bf06      	itte	eq
20000468:	f481 1180 	eoreq.w	r1, r1, #1048576	@ 0x100000
2000046c:	3401      	addeq	r4, #1
2000046e:	3d01      	subne	r5, #1
20000470:	e74e      	b.n	20000310 <__adddf3+0x8c>
20000472:	ea7f 5c64 	mvns.w	ip, r4, asr #21
20000476:	bf18      	it	ne
20000478:	ea7f 5c65 	mvnsne.w	ip, r5, asr #21
2000047c:	d029      	beq.n	200004d2 <__adddf3+0x24e>
2000047e:	ea94 0f05 	teq	r4, r5
20000482:	bf08      	it	eq
20000484:	ea90 0f02 	teqeq	r0, r2
20000488:	d005      	beq.n	20000496 <__adddf3+0x212>
2000048a:	ea54 0c00 	orrs.w	ip, r4, r0
2000048e:	bf04      	itt	eq
20000490:	4619      	moveq	r1, r3
20000492:	4610      	moveq	r0, r2
20000494:	bd30      	pop	{r4, r5, pc}
20000496:	ea91 0f03 	teq	r1, r3
2000049a:	bf1e      	ittt	ne
2000049c:	2100      	movne	r1, #0
2000049e:	2000      	movne	r0, #0
200004a0:	bd30      	popne	{r4, r5, pc}
200004a2:	ea5f 5c54 	movs.w	ip, r4, lsr #21
200004a6:	d105      	bne.n	200004b4 <__adddf3+0x230>
200004a8:	0040      	lsls	r0, r0, #1
200004aa:	4149      	adcs	r1, r1
200004ac:	bf28      	it	cs
200004ae:	f041 4100 	orrcs.w	r1, r1, #2147483648	@ 0x80000000
200004b2:	bd30      	pop	{r4, r5, pc}
200004b4:	f514 0480 	adds.w	r4, r4, #4194304	@ 0x400000
200004b8:	bf3c      	itt	cc
200004ba:	f501 1180 	addcc.w	r1, r1, #1048576	@ 0x100000
200004be:	bd30      	popcc	{r4, r5, pc}
200004c0:	f001 4500 	and.w	r5, r1, #2147483648	@ 0x80000000
200004c4:	f045 41fe 	orr.w	r1, r5, #2130706432	@ 0x7f000000
200004c8:	f441 0170 	orr.w	r1, r1, #15728640	@ 0xf00000
200004cc:	f04f 0000 	mov.w	r0, #0
200004d0:	bd30      	pop	{r4, r5, pc}
200004d2:	ea7f 5c64 	mvns.w	ip, r4, asr #21
200004d6:	bf1a      	itte	ne
200004d8:	4619      	movne	r1, r3
200004da:	4610      	movne	r0, r2
200004dc:	ea7f 5c65 	mvnseq.w	ip, r5, asr #21
200004e0:	bf1c      	itt	ne
200004e2:	460b      	movne	r3, r1
200004e4:	4602      	movne	r2, r0
200004e6:	ea50 3401 	orrs.w	r4, r0, r1, lsl #12
200004ea:	bf06      	itte	eq
200004ec:	ea52 3503 	orrseq.w	r5, r2, r3, lsl #12
200004f0:	ea91 0f03 	teqeq	r1, r3
200004f4:	f441 2100 	orrne.w	r1, r1, #524288	@ 0x80000
200004f8:	bd30      	pop	{r4, r5, pc}
200004fa:	bf00      	nop

200004fc <__aeabi_ui2d>:
200004fc:	f090 0f00 	teq	r0, #0
20000500:	bf04      	itt	eq
20000502:	2100      	moveq	r1, #0
20000504:	4770      	bxeq	lr
20000506:	b530      	push	{r4, r5, lr}
20000508:	f44f 6480 	mov.w	r4, #1024	@ 0x400
2000050c:	f104 0432 	add.w	r4, r4, #50	@ 0x32
20000510:	f04f 0500 	mov.w	r5, #0
20000514:	f04f 0100 	mov.w	r1, #0
20000518:	e750      	b.n	200003bc <__adddf3+0x138>
2000051a:	bf00      	nop

2000051c <__aeabi_i2d>:
2000051c:	f090 0f00 	teq	r0, #0
20000520:	bf04      	itt	eq
20000522:	2100      	moveq	r1, #0
20000524:	4770      	bxeq	lr
20000526:	b530      	push	{r4, r5, lr}
20000528:	f44f 6480 	mov.w	r4, #1024	@ 0x400
2000052c:	f104 0432 	add.w	r4, r4, #50	@ 0x32
20000530:	f010 4500 	ands.w	r5, r0, #2147483648	@ 0x80000000
20000534:	bf48      	it	mi
20000536:	4240      	negmi	r0, r0
20000538:	f04f 0100 	mov.w	r1, #0
2000053c:	e73e      	b.n	200003bc <__adddf3+0x138>
2000053e:	bf00      	nop

20000540 <__aeabi_f2d>:
20000540:	0042      	lsls	r2, r0, #1
20000542:	ea4f 01e2 	mov.w	r1, r2, asr #3
20000546:	ea4f 0131 	mov.w	r1, r1, rrx
2000054a:	ea4f 7002 	mov.w	r0, r2, lsl #28
2000054e:	bf1f      	itttt	ne
20000550:	f012 437f 	andsne.w	r3, r2, #4278190080	@ 0xff000000
20000554:	f093 4f7f 	teqne	r3, #4278190080	@ 0xff000000
20000558:	f081 5160 	eorne.w	r1, r1, #939524096	@ 0x38000000
2000055c:	4770      	bxne	lr
2000055e:	f032 427f 	bics.w	r2, r2, #4278190080	@ 0xff000000
20000562:	bf08      	it	eq
20000564:	4770      	bxeq	lr
20000566:	f093 4f7f 	teq	r3, #4278190080	@ 0xff000000
2000056a:	bf04      	itt	eq
2000056c:	f441 2100 	orreq.w	r1, r1, #524288	@ 0x80000
20000570:	4770      	bxeq	lr
20000572:	b530      	push	{r4, r5, lr}
20000574:	f44f 7460 	mov.w	r4, #896	@ 0x380
20000578:	f001 4500 	and.w	r5, r1, #2147483648	@ 0x80000000
2000057c:	f021 4100 	bic.w	r1, r1, #2147483648	@ 0x80000000
20000580:	e71c      	b.n	200003bc <__adddf3+0x138>
20000582:	bf00      	nop

20000584 <__aeabi_ul2d>:
20000584:	ea50 0201 	orrs.w	r2, r0, r1
20000588:	bf08      	it	eq
2000058a:	4770      	bxeq	lr
2000058c:	b530      	push	{r4, r5, lr}
2000058e:	f04f 0500 	mov.w	r5, #0
20000592:	e00a      	b.n	200005aa <__aeabi_l2d+0x16>

20000594 <__aeabi_l2d>:
20000594:	ea50 0201 	orrs.w	r2, r0, r1
20000598:	bf08      	it	eq
2000059a:	4770      	bxeq	lr
2000059c:	b530      	push	{r4, r5, lr}
2000059e:	f011 4500 	ands.w	r5, r1, #2147483648	@ 0x80000000
200005a2:	d502      	bpl.n	200005aa <__aeabi_l2d+0x16>
200005a4:	4240      	negs	r0, r0
200005a6:	eb61 0141 	sbc.w	r1, r1, r1, lsl #1
200005aa:	f44f 6480 	mov.w	r4, #1024	@ 0x400
200005ae:	f104 0432 	add.w	r4, r4, #50	@ 0x32
200005b2:	ea5f 5c91 	movs.w	ip, r1, lsr #22
200005b6:	f43f aed8 	beq.w	2000036a <__adddf3+0xe6>
200005ba:	f04f 0203 	mov.w	r2, #3
200005be:	ea5f 0cdc 	movs.w	ip, ip, lsr #3
200005c2:	bf18      	it	ne
200005c4:	3203      	addne	r2, #3
200005c6:	ea5f 0cdc 	movs.w	ip, ip, lsr #3
200005ca:	bf18      	it	ne
200005cc:	3203      	addne	r2, #3
200005ce:	eb02 02dc 	add.w	r2, r2, ip, lsr #3
200005d2:	f1c2 0320 	rsb	r3, r2, #32
200005d6:	fa00 fc03 	lsl.w	ip, r0, r3
200005da:	fa20 f002 	lsr.w	r0, r0, r2
200005de:	fa01 fe03 	lsl.w	lr, r1, r3
200005e2:	ea40 000e 	orr.w	r0, r0, lr
200005e6:	fa21 f102 	lsr.w	r1, r1, r2
200005ea:	4414      	add	r4, r2
200005ec:	e6bd      	b.n	2000036a <__adddf3+0xe6>
200005ee:	bf00      	nop

200005f0 <__aeabi_uldivmod>:
200005f0:	b953      	cbnz	r3, 20000608 <__aeabi_uldivmod+0x18>
200005f2:	b94a      	cbnz	r2, 20000608 <__aeabi_uldivmod+0x18>
200005f4:	2900      	cmp	r1, #0
200005f6:	bf08      	it	eq
200005f8:	2800      	cmpeq	r0, #0
200005fa:	bf1c      	itt	ne
200005fc:	f04f 31ff 	movne.w	r1, #4294967295	@ 0xffffffff
20000600:	f04f 30ff 	movne.w	r0, #4294967295	@ 0xffffffff
20000604:	f000 b98c 	b.w	20000920 <__aeabi_idiv0>
20000608:	f1ad 0c08 	sub.w	ip, sp, #8
2000060c:	e96d ce04 	strd	ip, lr, [sp, #-16]!
20000610:	f000 f806 	bl	20000620 <__udivmoddi4>
20000614:	f8dd e004 	ldr.w	lr, [sp, #4]
20000618:	e9dd 2302 	ldrd	r2, r3, [sp, #8]
2000061c:	b004      	add	sp, #16
2000061e:	4770      	bx	lr

20000620 <__udivmoddi4>:
20000620:	e92d 4ff0 	stmdb	sp!, {r4, r5, r6, r7, r8, r9, sl, fp, lr}
20000624:	9d09      	ldr	r5, [sp, #36]	@ 0x24
20000626:	460e      	mov	r6, r1
20000628:	4604      	mov	r4, r0
2000062a:	460f      	mov	r7, r1
2000062c:	2b00      	cmp	r3, #0
2000062e:	d147      	bne.n	200006c0 <__udivmoddi4+0xa0>
20000630:	428a      	cmp	r2, r1
20000632:	4694      	mov	ip, r2
20000634:	fab2 f382 	clz	r3, r2
20000638:	d95a      	bls.n	200006f0 <__udivmoddi4+0xd0>
2000063a:	b143      	cbz	r3, 2000064e <__udivmoddi4+0x2e>
2000063c:	fa02 fc03 	lsl.w	ip, r2, r3
20000640:	f1c3 0220 	rsb	r2, r3, #32
20000644:	409f      	lsls	r7, r3
20000646:	409c      	lsls	r4, r3
20000648:	fa20 f202 	lsr.w	r2, r0, r2
2000064c:	4317      	orrs	r7, r2
2000064e:	ea4f 461c 	mov.w	r6, ip, lsr #16
20000652:	fa1f fe8c 	uxth.w	lr, ip
20000656:	0c22      	lsrs	r2, r4, #16
20000658:	fbb7 f1f6 	udiv	r1, r7, r6
2000065c:	fb06 7711 	mls	r7, r6, r1, r7
20000660:	fb01 f00e 	mul.w	r0, r1, lr
20000664:	ea42 4207 	orr.w	r2, r2, r7, lsl #16
20000668:	4290      	cmp	r0, r2
2000066a:	d908      	bls.n	2000067e <__udivmoddi4+0x5e>
2000066c:	eb1c 0202 	adds.w	r2, ip, r2
20000670:	f101 37ff 	add.w	r7, r1, #4294967295	@ 0xffffffff
20000674:	d202      	bcs.n	2000067c <__udivmoddi4+0x5c>
20000676:	4290      	cmp	r0, r2
20000678:	f200 813c 	bhi.w	200008f4 <__udivmoddi4+0x2d4>
2000067c:	4639      	mov	r1, r7
2000067e:	1a12      	subs	r2, r2, r0
20000680:	b2a4      	uxth	r4, r4
20000682:	fbb2 f0f6 	udiv	r0, r2, r6
20000686:	fb06 2210 	mls	r2, r6, r0, r2
2000068a:	fb00 fe0e 	mul.w	lr, r0, lr
2000068e:	ea44 4402 	orr.w	r4, r4, r2, lsl #16
20000692:	45a6      	cmp	lr, r4
20000694:	d908      	bls.n	200006a8 <__udivmoddi4+0x88>
20000696:	eb1c 0404 	adds.w	r4, ip, r4
2000069a:	f100 32ff 	add.w	r2, r0, #4294967295	@ 0xffffffff
2000069e:	d202      	bcs.n	200006a6 <__udivmoddi4+0x86>
200006a0:	45a6      	cmp	lr, r4
200006a2:	f200 812a 	bhi.w	200008fa <__udivmoddi4+0x2da>
200006a6:	4610      	mov	r0, r2
200006a8:	ea40 4001 	orr.w	r0, r0, r1, lsl #16
200006ac:	eba4 040e 	sub.w	r4, r4, lr
200006b0:	2100      	movs	r1, #0
200006b2:	b11d      	cbz	r5, 200006bc <__udivmoddi4+0x9c>
200006b4:	40dc      	lsrs	r4, r3
200006b6:	2300      	movs	r3, #0
200006b8:	e9c5 4300 	strd	r4, r3, [r5]
200006bc:	e8bd 8ff0 	ldmia.w	sp!, {r4, r5, r6, r7, r8, r9, sl, fp, pc}
200006c0:	428b      	cmp	r3, r1
200006c2:	d905      	bls.n	200006d0 <__udivmoddi4+0xb0>
200006c4:	b10d      	cbz	r5, 200006ca <__udivmoddi4+0xaa>
200006c6:	e9c5 0100 	strd	r0, r1, [r5]
200006ca:	2100      	movs	r1, #0
200006cc:	4608      	mov	r0, r1
200006ce:	e7f5      	b.n	200006bc <__udivmoddi4+0x9c>
200006d0:	fab3 f183 	clz	r1, r3
200006d4:	2900      	cmp	r1, #0
200006d6:	d14f      	bne.n	20000778 <__udivmoddi4+0x158>
200006d8:	42b3      	cmp	r3, r6
200006da:	f0c0 8102 	bcc.w	200008e2 <__udivmoddi4+0x2c2>
200006de:	4282      	cmp	r2, r0
200006e0:	f240 80ff 	bls.w	200008e2 <__udivmoddi4+0x2c2>
200006e4:	4608      	mov	r0, r1
200006e6:	2d00      	cmp	r5, #0
200006e8:	d0e8      	beq.n	200006bc <__udivmoddi4+0x9c>
200006ea:	e9c5 4700 	strd	r4, r7, [r5]
200006ee:	e7e5      	b.n	200006bc <__udivmoddi4+0x9c>
200006f0:	2b00      	cmp	r3, #0
200006f2:	f040 80af 	bne.w	20000854 <__udivmoddi4+0x234>
200006f6:	1a8a      	subs	r2, r1, r2
200006f8:	ea4f 4e1c 	mov.w	lr, ip, lsr #16
200006fc:	fa1f f78c 	uxth.w	r7, ip
20000700:	2101      	movs	r1, #1
20000702:	fbb2 f6fe 	udiv	r6, r2, lr
20000706:	fb0e 2016 	mls	r0, lr, r6, r2
2000070a:	0c22      	lsrs	r2, r4, #16
2000070c:	ea42 4200 	orr.w	r2, r2, r0, lsl #16
20000710:	fb07 f006 	mul.w	r0, r7, r6
20000714:	4290      	cmp	r0, r2
20000716:	d90f      	bls.n	20000738 <__udivmoddi4+0x118>
20000718:	eb1c 0202 	adds.w	r2, ip, r2
2000071c:	f106 38ff 	add.w	r8, r6, #4294967295	@ 0xffffffff
20000720:	bf2c      	ite	cs
20000722:	f04f 0901 	movcs.w	r9, #1
20000726:	f04f 0900 	movcc.w	r9, #0
2000072a:	4290      	cmp	r0, r2
2000072c:	d903      	bls.n	20000736 <__udivmoddi4+0x116>
2000072e:	f1b9 0f00 	cmp.w	r9, #0
20000732:	f000 80dc 	beq.w	200008ee <__udivmoddi4+0x2ce>
20000736:	4646      	mov	r6, r8
20000738:	1a12      	subs	r2, r2, r0
2000073a:	b2a4      	uxth	r4, r4
2000073c:	fbb2 f0fe 	udiv	r0, r2, lr
20000740:	fb0e 2210 	mls	r2, lr, r0, r2
20000744:	fb00 f707 	mul.w	r7, r0, r7
20000748:	ea44 4402 	orr.w	r4, r4, r2, lsl #16
2000074c:	42a7      	cmp	r7, r4
2000074e:	d90f      	bls.n	20000770 <__udivmoddi4+0x150>
20000750:	eb1c 0404 	adds.w	r4, ip, r4
20000754:	f100 32ff 	add.w	r2, r0, #4294967295	@ 0xffffffff
20000758:	bf2c      	ite	cs
2000075a:	f04f 0e01 	movcs.w	lr, #1
2000075e:	f04f 0e00 	movcc.w	lr, #0
20000762:	42a7      	cmp	r7, r4
20000764:	d903      	bls.n	2000076e <__udivmoddi4+0x14e>
20000766:	f1be 0f00 	cmp.w	lr, #0
2000076a:	f000 80c9 	beq.w	20000900 <__udivmoddi4+0x2e0>
2000076e:	4610      	mov	r0, r2
20000770:	1be4      	subs	r4, r4, r7
20000772:	ea40 4006 	orr.w	r0, r0, r6, lsl #16
20000776:	e79c      	b.n	200006b2 <__udivmoddi4+0x92>
20000778:	f1c1 0420 	rsb	r4, r1, #32
2000077c:	408b      	lsls	r3, r1
2000077e:	fa06 fc01 	lsl.w	ip, r6, r1
20000782:	fa00 fe01 	lsl.w	lr, r0, r1
20000786:	fa22 f704 	lsr.w	r7, r2, r4
2000078a:	40e6      	lsrs	r6, r4
2000078c:	408a      	lsls	r2, r1
2000078e:	431f      	orrs	r7, r3
20000790:	fa20 f304 	lsr.w	r3, r0, r4
20000794:	ea4f 4817 	mov.w	r8, r7, lsr #16
20000798:	ea43 030c 	orr.w	r3, r3, ip
2000079c:	fa1f fc87 	uxth.w	ip, r7
200007a0:	ea4f 4913 	mov.w	r9, r3, lsr #16
200007a4:	fbb6 f0f8 	udiv	r0, r6, r8
200007a8:	fb08 6610 	mls	r6, r8, r0, r6
200007ac:	ea49 4606 	orr.w	r6, r9, r6, lsl #16
200007b0:	fb00 f90c 	mul.w	r9, r0, ip
200007b4:	45b1      	cmp	r9, r6
200007b6:	d90e      	bls.n	200007d6 <__udivmoddi4+0x1b6>
200007b8:	19be      	adds	r6, r7, r6
200007ba:	f100 3aff 	add.w	sl, r0, #4294967295	@ 0xffffffff
200007be:	bf2c      	ite	cs
200007c0:	f04f 0b01 	movcs.w	fp, #1
200007c4:	f04f 0b00 	movcc.w	fp, #0
200007c8:	45b1      	cmp	r9, r6
200007ca:	d903      	bls.n	200007d4 <__udivmoddi4+0x1b4>
200007cc:	f1bb 0f00 	cmp.w	fp, #0
200007d0:	f000 80a2 	beq.w	20000918 <__udivmoddi4+0x2f8>
200007d4:	4650      	mov	r0, sl
200007d6:	eba6 0609 	sub.w	r6, r6, r9
200007da:	fa1f f983 	uxth.w	r9, r3
200007de:	fbb6 f3f8 	udiv	r3, r6, r8
200007e2:	fb08 6613 	mls	r6, r8, r3, r6
200007e6:	fb03 fc0c 	mul.w	ip, r3, ip
200007ea:	ea49 4606 	orr.w	r6, r9, r6, lsl #16
200007ee:	45b4      	cmp	ip, r6
200007f0:	d90e      	bls.n	20000810 <__udivmoddi4+0x1f0>
200007f2:	19be      	adds	r6, r7, r6
200007f4:	f103 38ff 	add.w	r8, r3, #4294967295	@ 0xffffffff
200007f8:	bf2c      	ite	cs
200007fa:	f04f 0901 	movcs.w	r9, #1
200007fe:	f04f 0900 	movcc.w	r9, #0
20000802:	45b4      	cmp	ip, r6
20000804:	d903      	bls.n	2000080e <__udivmoddi4+0x1ee>
20000806:	f1b9 0f00 	cmp.w	r9, #0
2000080a:	f000 8082 	beq.w	20000912 <__udivmoddi4+0x2f2>
2000080e:	4643      	mov	r3, r8
20000810:	ea43 4000 	orr.w	r0, r3, r0, lsl #16
20000814:	eba6 060c 	sub.w	r6, r6, ip
20000818:	fba0 8c02 	umull	r8, ip, r0, r2
2000081c:	4566      	cmp	r6, ip
2000081e:	4643      	mov	r3, r8
20000820:	46e1      	mov	r9, ip
20000822:	d302      	bcc.n	2000082a <__udivmoddi4+0x20a>
20000824:	d107      	bne.n	20000836 <__udivmoddi4+0x216>
20000826:	45c6      	cmp	lr, r8
20000828:	d205      	bcs.n	20000836 <__udivmoddi4+0x216>
2000082a:	ebb8 0302 	subs.w	r3, r8, r2
2000082e:	eb6c 0c07 	sbc.w	ip, ip, r7
20000832:	3801      	subs	r0, #1
20000834:	46e1      	mov	r9, ip
20000836:	b15d      	cbz	r5, 20000850 <__udivmoddi4+0x230>
20000838:	ebbe 0203 	subs.w	r2, lr, r3
2000083c:	eb66 0609 	sbc.w	r6, r6, r9
20000840:	fa06 f404 	lsl.w	r4, r6, r4
20000844:	fa22 f301 	lsr.w	r3, r2, r1
20000848:	40ce      	lsrs	r6, r1
2000084a:	431c      	orrs	r4, r3
2000084c:	e9c5 4600 	strd	r4, r6, [r5]
20000850:	2100      	movs	r1, #0
20000852:	e733      	b.n	200006bc <__udivmoddi4+0x9c>
20000854:	fa02 fc03 	lsl.w	ip, r2, r3
20000858:	f1c3 0220 	rsb	r2, r3, #32
2000085c:	4099      	lsls	r1, r3
2000085e:	409c      	lsls	r4, r3
20000860:	40d6      	lsrs	r6, r2
20000862:	ea4f 4e1c 	mov.w	lr, ip, lsr #16
20000866:	fa20 f202 	lsr.w	r2, r0, r2
2000086a:	fa1f f78c 	uxth.w	r7, ip
2000086e:	fbb6 f0fe 	udiv	r0, r6, lr
20000872:	430a      	orrs	r2, r1
20000874:	fb0e 6610 	mls	r6, lr, r0, r6
20000878:	0c11      	lsrs	r1, r2, #16
2000087a:	ea41 4106 	orr.w	r1, r1, r6, lsl #16
2000087e:	fb00 f607 	mul.w	r6, r0, r7
20000882:	428e      	cmp	r6, r1
20000884:	d90e      	bls.n	200008a4 <__udivmoddi4+0x284>
20000886:	eb1c 0101 	adds.w	r1, ip, r1
2000088a:	f100 38ff 	add.w	r8, r0, #4294967295	@ 0xffffffff
2000088e:	bf2c      	ite	cs
20000890:	f04f 0901 	movcs.w	r9, #1
20000894:	f04f 0900 	movcc.w	r9, #0
20000898:	428e      	cmp	r6, r1
2000089a:	d902      	bls.n	200008a2 <__udivmoddi4+0x282>
2000089c:	f1b9 0f00 	cmp.w	r9, #0
200008a0:	d034      	beq.n	2000090c <__udivmoddi4+0x2ec>
200008a2:	4640      	mov	r0, r8
200008a4:	1b89      	subs	r1, r1, r6
200008a6:	b292      	uxth	r2, r2
200008a8:	fbb1 f6fe 	udiv	r6, r1, lr
200008ac:	fb0e 1116 	mls	r1, lr, r6, r1
200008b0:	ea42 4201 	orr.w	r2, r2, r1, lsl #16
200008b4:	fb06 f107 	mul.w	r1, r6, r7
200008b8:	4291      	cmp	r1, r2
200008ba:	d90e      	bls.n	200008da <__udivmoddi4+0x2ba>
200008bc:	eb1c 0202 	adds.w	r2, ip, r2
200008c0:	f106 38ff 	add.w	r8, r6, #4294967295	@ 0xffffffff
200008c4:	bf2c      	ite	cs
200008c6:	f04f 0901 	movcs.w	r9, #1
200008ca:	f04f 0900 	movcc.w	r9, #0
200008ce:	4291      	cmp	r1, r2
200008d0:	d902      	bls.n	200008d8 <__udivmoddi4+0x2b8>
200008d2:	f1b9 0f00 	cmp.w	r9, #0
200008d6:	d016      	beq.n	20000906 <__udivmoddi4+0x2e6>
200008d8:	4646      	mov	r6, r8
200008da:	1a52      	subs	r2, r2, r1
200008dc:	ea46 4100 	orr.w	r1, r6, r0, lsl #16
200008e0:	e70f      	b.n	20000702 <__udivmoddi4+0xe2>
200008e2:	1a84      	subs	r4, r0, r2
200008e4:	eb66 0203 	sbc.w	r2, r6, r3
200008e8:	2001      	movs	r0, #1
200008ea:	4617      	mov	r7, r2
200008ec:	e6fb      	b.n	200006e6 <__udivmoddi4+0xc6>
200008ee:	3e02      	subs	r6, #2
200008f0:	4462      	add	r2, ip
200008f2:	e721      	b.n	20000738 <__udivmoddi4+0x118>
200008f4:	3902      	subs	r1, #2
200008f6:	4462      	add	r2, ip
200008f8:	e6c1      	b.n	2000067e <__udivmoddi4+0x5e>
200008fa:	4464      	add	r4, ip
200008fc:	3802      	subs	r0, #2
200008fe:	e6d3      	b.n	200006a8 <__udivmoddi4+0x88>
20000900:	4464      	add	r4, ip
20000902:	3802      	subs	r0, #2
20000904:	e734      	b.n	20000770 <__udivmoddi4+0x150>
20000906:	3e02      	subs	r6, #2
20000908:	4462      	add	r2, ip
2000090a:	e7e6      	b.n	200008da <__udivmoddi4+0x2ba>
2000090c:	3802      	subs	r0, #2
2000090e:	4461      	add	r1, ip
20000910:	e7c8      	b.n	200008a4 <__udivmoddi4+0x284>
20000912:	3b02      	subs	r3, #2
20000914:	443e      	add	r6, r7
20000916:	e77b      	b.n	20000810 <__udivmoddi4+0x1f0>
20000918:	3802      	subs	r0, #2
2000091a:	443e      	add	r6, r7
2000091c:	e75b      	b.n	200007d6 <__udivmoddi4+0x1b6>
2000091e:	bf00      	nop

20000920 <__aeabi_idiv0>:
20000920:	4770      	bx	lr
20000922:	bf00      	nop
20000924:	0000      	movs	r0, r0
	...

20000928 <__best_effort_wfe_or_timeout_veneer>:
20000928:	f85f f000 	ldr.w	pc, [pc]	@ 2000092c <__best_effort_wfe_or_timeout_veneer+0x4>
2000092c:	10000e29 	.word	0x10000e29

20000930 <____assert_func_veneer>:
20000930:	f85f f000 	ldr.w	pc, [pc]	@ 20000934 <____assert_func_veneer+0x4>
20000934:	10002b05 	.word	0x10002b05

20000938 <striped_spin_lock_num>:
20000938:	00000010                                ....

2000093c <default_alarm_pool>:
	...
20000950:	20000968                                h.. 

20000954 <i2c0_inst>:
20000954:	40090000 00000000                       ...@....

2000095c <print_mutex>:
	...
